TIC,split,sector,camera,ccd,detector_x,detector_y,physics_nll,instrument_nll,physics_percentile,instrument_percentile,physics_rank,instrument_rank,physics_rank_all,instrument_rank_all,classification,physics_umap_1,physics_umap_2,instrument_umap_1,instrument_umap_2
261257641,train,1,4,2,2090.1142504650816,25.40956745943603,270.96722,250.67822,0.77375,0.745,,,249,235,typical,9.014037,4.764555,1.9815993,2.1670935
261257636,train,1,4,2,2085.603172609887,24.875693456244832,253.94098,252.09952,0.69625,0.7575,,,324,224,typical,9.329456,4.7100396,1.9987477,2.2108374
261239209,train,1,4,2,2086.745373611964,8.517532105975546,293.99344,401.06293,0.84625,0.94625,,,178,45,typical,8.765237,4.8772917,2.19457,2.6693463
261236560,train,1,4,2,2078.360946531465,10.580442721077308,319.40005,389.9222,0.8975,0.94125,,,119,49,typical,9.00863,4.8275003,2.1828072,2.694039
261239189,train,1,4,2,2078.962571846225,19.48958919178759,270.79904,332.34235,0.7725,0.91125,,,250,75,typical,9.312522,4.520693,2.076172,2.3779218
261206882,train,1,4,2,2054.1073391625596,12.730848381844822,263.59338,307.2579,0.7475,0.885,,,279,101,typical,11.427799,5.3413925,0.98054194,0.97187036
261236510,train,1,4,2,2056.661217866871,18.811124310047937,223.1345,290.16476,0.5275,0.85625,,,496,128,typical,11.303326,5.339893,0.95287263,1.0567877
261236508,train,1,4,2,2056.798403637491,21.619540854471108,196.94945,248.84909,0.35875,0.73625,,,664,243,typical,11.222617,5.45924,0.75289834,1.1005273
261236503,train,1,4,2,2052.842138314272,23.5665228106292,201.04407,231.16563,0.38875,0.67375,,,637,304,typical,11.196105,5.5285826,0.40719476,1.1393468
261236501,train,1,4,2,2051.547230956947,22.292711021901574,265.3155,260.89386,0.75375,0.7875,,,273,190,typical,11.305822,5.8509655,0.5661631,1.1359025
261206863,train,1,4,2,2048.485394242196,20.57109517172434,214.3906,156.47015,0.46875,0.325,,,552,639,typical,11.22285,5.925557,0.43769908,1.1382797
261206864,train,1,4,2,2048.2986491899237,19.746044312683125,213.2779,162.96053,0.46625,0.355,,,555,610,typical,11.27577,5.7595835,0.40702745,1.1213351
261206892,train,1,4,2,2053.599078143806,6.457267041456532,188.15071,327.35358,0.30875,0.9025,,,715,83,typical,11.181449,5.1226373,1.0479562,0.90783703
261206879,train,1,4,2,2047.0958545856804,6.48526656791687,256.87656,436.3518,0.71,0.96375,,,313,30,instrument,11.570975,5.269145,0.8291715,0.6780824
261206869,train,1,4,2,2045.190469998854,11.019542650242412,241.26216,473.7467,0.64125,0.97375,,,382,22,instrument,11.550818,5.377823,0.7216037,0.5653422
261204469,train,1,4,2,2042.9107520017124,8.464437913238962,302.24506,542.8507,0.86375,0.9875,,,156,11,instrument,11.664554,5.344764,0.7597036,0.49904343
261206875,train,1,4,2,2047.0684724673752,8.21057206438571,271.6106,384.18033,0.78,0.93625,,,244,53,typical,11.631869,5.283084,0.959767,0.84389824
261204456,train,1,4,2,2036.4411593673256,12.945280918011774,366.83582,442.37433,0.9475,0.965,,,56,29,instrument,11.750305,5.614926,0.35220543,0.6223725
261206867,train,1,4,2,2048.9372587531493,16.074254994849223,206.86415,300.48972,0.43,0.875,,,593,110,typical,11.327458,5.366588,0.6610655,0.9421414
261206859,train,1,4,2,2040.570884844528,16.15759420535453,350.12085,267.2731,0.93375,0.8025,,,72,175,typical,11.6257715,5.706149,0.3153483,0.6238793
261206851,train,1,4,2,2036.1660613870647,16.209734432635265,327.08865,155.56181,0.9075,0.32,,,103,644,typical,11.717543,5.7139983,0.28187796,0.6758647
261204453,train,1,4,2,2028.5275341534305,7.082794482107353,234.43263,268.3055,0.5925,0.81,,,429,168,typical,2.9348307,5.665972,0.49181628,0.4983009
261204434,train,1,4,2,2020.299083085512,15.063733300315825,227.28065,60.670902,0.5525,0.01125,,,470,984,typical,-0.011234391,7.646895,7.060672,3.4967508
261204429,train,1,4,2,2017.8011371108948,15.014644590828146,194.52077,50.291798,0.34625,0.005,,,674,994,typical,8.701281,5.5155153,2.1264677,3.0647395
261156581,train,1,4,2,2019.3777274720512,4.446272686652469,162.97762,76.62446,0.13625,0.0475,,,873,942,typical,0.5646909,6.1836786,2.0925224,2.859292
392026045,train,1,4,2,2004.6904785280817,5.275075740126533,149.95917,100.963905,0.0775,0.1025,,,930,868,typical,-0.28263712,7.15361,0.9025917,8.528706
261156571,train,1,4,2,2013.533515680013,9.865916014963702,273.38306,86.182014,0.78875,0.07,,,235,910,typical,9.014866,4.710656,2.1131454,3.0367973
261156558,train,1,4,2,2005.3061438314655,9.1499214618686,154.0519,101.273766,0.0925,0.105,,,916,866,typical,-0.468783,7.3659515,0.8970166,8.54715
261156563,train,1,4,2,2007.880245753406,10.016585372138788,350.99124,69.151566,0.935,0.03125,,,71,961,typical,6.546205,4.277401,0.8621753,8.548056
392026032,train,1,4,2,1995.06761889692,8.401568354244642,152.5871,199.72374,0.08625,0.515,,,923,451,typical,-0.44903418,7.3932676,0.978774,8.766223
392026025,train,1,4,2,1991.250334397826,10.190434028041516,163.62427,195.85643,0.14375,0.49125,,,866,472,typical,-0.5261994,7.4573083,0.994762,8.778644
392026024,train,1,4,2,1987.5961470528453,5.86321762673732,167.64613,198.07193,0.175,0.50625,,,840,459,typical,-0.484101,7.4143715,0.9941052,8.78979
392026018,train,1,4,2,1986.1037086688048,8.200070670695425,178.84875,208.76671,0.24875,0.57,,,773,402,typical,0.9711567,9.696893,1.0056313,8.7481985
261257606,train,1,4,2,2081.5504758429315,42.74645435395025,262.1126,402.06573,0.73875,0.9475,,,286,44,typical,11.587746,5.2618527,0.7611141,0.49737108
261257613,train,1,4,2,2078.4465136674444,35.39076747213935,178.32805,328.21707,0.245,0.90375,,,776,82,typical,11.098515,5.0573115,1.0717328,1.0582465
261257608,train,1,4,2,2074.1713985771403,34.566093732538405,197.64522,306.1809,0.365,0.88125,,,659,104,typical,11.21177,5.1806583,1.068437,1.1006064
261239161,train,1,4,2,2069.6571255449508,32.89928159404311,216.93048,310.1857,0.48875,0.8925,,,531,95,typical,11.2146015,5.265356,0.90241426,1.0523407
261257596,train,1,4,2,2070.877860710327,36.392188837064765,215.6481,326.7881,0.4775,0.90125,,,542,84,typical,11.433877,5.368983,0.9220934,1.0130645
261260240,train,1,4,2,2087.420348868094,46.87487991827386,279.5992,517.63336,0.80375,0.98,,,219,17,instrument,11.618323,5.2956614,0.6074676,0.2946813
261260232,train,1,4,2,2083.3158513363855,49.0429279133771,645.24243,508.43726,0.99,0.9775,,,11,19,both,11.86512,5.390675,0.6410252,0.3158861
261260230,train,1,4,2,2082.8552905644897,52.34951356188683,518.14606,488.49258,0.97875,0.97625,,,22,20,both,11.944838,5.4551454,0.62707597,0.29831755
261260227,train,1,4,2,2078.1402957305163,48.670986581605526,550.65845,547.7441,0.98625,0.98875,,,15,10,both,11.938408,5.4653316,0.6523412,0.31404215
261257592,train,1,4,2,2076.7822086617025,46.69133921751675,311.91772,552.0675,0.8875,0.99125,,,130,8,instrument,11.701556,5.428568,0.6376342,0.29527125
261260225,train,1,4,2,2083.4890410405324,54.89140825742045,253.5689,551.65375,0.69125,0.99,,,329,9,instrument,11.842342,5.6210365,0.61238015,0.26335078
261257561,train,1,4,2,2065.847371935346,56.63449275152647,174.5927,105.88546,0.21875,0.12625,,,798,846,typical,-0.08344081,7.063882,-1.4276158,7.3589
261257591,train,1,4,2,2074.3565481269898,44.34469616373207,306.71198,293.94754,0.875,0.8625,,,142,122,typical,11.656194,5.37092,0.58830893,0.5563755
261257582,train,1,4,2,2067.29945251996,46.40656034052478,269.29248,212.74548,0.765,0.595,,,260,380,typical,11.319505,5.988325,0.3665812,0.64753205
261239130,train,1,4,2,2062.9687326069647,43.423351576115,235.17618,181.93947,0.6,0.425,,,422,539,typical,11.303451,5.9844866,0.22169963,0.8215864
261257572,train,1,4,2,2062.9840688911904,47.30676776828037,239.78383,135.78848,0.6275,0.23375,,,394,737,typical,11.361241,6.037605,-1.4005405,7.053699
261257555,train,1,4,2,2058.7753809242377,52.56527966995794,163.56866,112.916405,0.1425,0.14625,,,867,822,typical,-0.770686,8.653877,-1.5173491,7.1879954
261257557,train,1,4,2,2061.4725672494906,53.084760323563046,272.3942,102.82985,0.78625,0.11125,,,239,860,typical,-2.2940464,9.252592,-1.4128214,7.138626
261239110,train,1,4,2,2054.5325575782017,49.87201194050261,345.58627,118.81529,0.93,0.17,,,77,800,typical,-2.5205145,9.345874,-1.6771467,7.288961
261239104,train,1,4,2,2049.957726565487,52.939664452021624,177.12424,159.41982,0.2375,0.3375,,,783,627,typical,-2.212676,9.622256,-1.9738712,7.451282
261239153,train,1,4,2,2065.6118575427768,33.32094064119222,262.28326,219.26976,0.74,0.62375,,,285,352,typical,11.456081,5.6012893,0.7850496,1.1199096
261239154,train,1,4,2,2066.914815934205,34.54276436576624,217.11186,228.49287,0.49375,0.6675,,,527,311,typical,11.269645,5.431816,0.73182636,1.1368226
261236492,train,1,4,2,2052.434133629008,31.166734572846373,207.8012,142.18462,0.435,0.26125,,,589,705,typical,11.041462,6.172055,0.041413523,1.4141595
261239137,train,1,4,2,2061.4198875670136,36.609307791106,297.64728,260.72308,0.85875,0.78625,,,165,192,typical,2.78166,10.557524,0.3852179,1.1620489
261239128,train,1,4,2,2059.2739359738234,40.37831202939514,204.67981,207.47491,0.4175,0.56,,,609,411,typical,11.111365,6.129146,-0.091467276,1.4496548
261236491,train,1,4,2,2053.8839708575615,32.80784090628211,193.59618,218.03256,0.34,0.61375,,,680,362,typical,11.01675,6.195345,-0.00092799385,1.4249185
261239122,train,1,4,2,2053.007628121268,38.83329036652416,202.15533,296.5937,0.3975,0.865,,,630,120,typical,10.997707,6.232391,-0.21254943,1.595518
261236498,train,1,4,2,2052.4830992492734,25.18052949887845,228.93391,252.24306,0.565,0.75875,,,459,223,typical,11.142625,5.574211,0.33094826,1.2036705
261206854,train,1,4,2,2044.1979018182856,23.640143497550753,176.18594,103.19431,0.22875,0.1125,,,790,859,typical,-0.2115756,10.355219,-1.277522,7.1220765
261206849,train,1,4,2,2043.3825946918375,25.906343494103595,279.06,92.81307,0.80125,0.07875,,,221,894,typical,4.935206,5.3363895,-1.2651619,7.1576233
261206850,train,1,4,2,2043.9917924443348,25.358171956258474,527.96857,71.31865,0.9825,0.03625,,,18,955,physics,4.560992,5.787927,-1.2485807,7.21411
261206848,train,1,4,2,2042.889542305559,26.003185774568976,279.05585,65.6923,0.8,0.02375,,,222,970,typical,4.8883176,5.3302155,-1.2724537,7.1691794
261206840,train,1,4,2,2038.9809440552017,27.001648576785904,202.2076,133.80779,0.4,0.22875,,,627,742,typical,-0.36269292,9.310477,-1.3669758,7.116445
261236490,train,1,4,2,2050.991005836033,31.835671402077033,189.95613,144.06953,0.31875,0.26875,,,701,698,typical,11.001162,6.203843,-0.04149158,1.449674
261236483,train,1,4,2,2046.7725313431968,33.93129264924088,181.935,166.89256,0.27125,0.375,,,746,591,typical,8.975386,6.828339,-0.23660584,1.6274809
261239118,train,1,4,2,2055.5099684714432,42.49773877879097,178.42238,220.12718,0.24625,0.63375,,,775,344,typical,10.944529,6.2872314,-0.12137907,1.473622
261239106,train,1,4,2,2048.0041833495543,48.16689035478323,258.09018,160.27861,0.72375,0.345,,,301,621,typical,-2.5286512,9.426111,-1.6122437,7.2237034
261260206,train,1,4,2,2067.950501943972,60.219284971561386,228.84364,56.51532,0.56375,0.0075,,,460,992,typical,3.3767393,5.3083124,-1.3859289,7.656517
261260200,train,1,4,2,2068.1186632339163,66.28511369785195,847.8051,70.51271,0.9975,0.035,,,4,958,physics,4.5285625,5.9439006,-1.3024554,7.76944
261260191,train,1,4,2,2060.242937660292,64.69333163554177,136.85359,69.400185,0.0325,0.0325,,,971,960,typical,-0.9039484,8.441596,-1.942254,7.6031
261260192,train,1,4,2,2062.3654544286833,66.32975121545711,181.25668,68.73914,0.2675,0.03,,,749,963,typical,0.9634849,10.044031,-1.4128016,7.730445
261257529,train,1,4,2,2054.4053108917187,69.90408883001275,139.02362,159.65186,0.03875,0.33875,,,964,626,typical,-1.9271158,9.487203,-2.396803,7.820119
261257543,train,1,4,2,2051.361148616693,61.086581306256456,162.95374,169.33043,0.135,0.38125,,,874,585,typical,-2.0457585,9.595899,-2.3727257,7.695792
261257540,train,1,4,2,2049.638291700923,60.49145683475742,160.44348,148.89581,0.11875,0.29,,,890,672,typical,-1.9968978,9.577548,-2.4299827,7.513211
261257526,train,1,4,2,2050.728600202049,67.6489540643395,217.5183,190.58922,0.49625,0.46,,,525,501,typical,-1.4482565,9.880826,-2.3842728,7.8885856
261260175,train,1,4,2,2055.971290228932,75.48151066669746,145.25801,159.67221,0.055,0.34125,,,949,624,typical,-1.8152227,9.240049,-2.4255502,7.7726917
261260162,train,1,4,2,2049.368871116091,79.66432637434835,163.34427,146.42807,0.13875,0.28125,,,871,686,typical,-1.8242207,9.29195,-2.489669,7.7598796
261257511,train,1,4,2,2039.0415101387257,70.30450568212956,247.34827,167.20561,0.66625,0.37875,,,356,587,typical,3.905538,5.207385,-2.387487,7.2258096
261239073,train,1,4,2,2034.616694193716,67.54245113942639,287.58255,249.0006,0.8325,0.7375,,,192,242,typical,0.92746925,10.25531,-2.4122403,7.2185917
261257495,train,1,4,2,2031.2396003357428,76.16169055882123,332.49936,210.30374,0.91375,0.58375,,,97,389,typical,-2.5150077,9.833876,-2.734853,7.220517
261239088,train,1,4,2,2037.7890524101413,59.95437927461679,1451.6149,177.50362,1.0,0.4125,,,1,552,physics,4.505986,6.010844,-2.3992386,7.242873
261236426,train,1,4,2,2029.710385308482,53.55097072662051,332.1449,255.00937,0.91125,0.77125,,,99,210,typical,-2.4739754,9.834772,-2.562643,7.466315
261239082,train,1,4,2,2031.9724368129664,56.89416326596088,236.28033,219.38193,0.60875,0.625,,,412,351,typical,-2.3469303,9.780923,-2.379862,7.2356625
261239081,train,1,4,2,2030.5989346610404,56.32565004049467,244.03403,247.33096,0.65375,0.72875,,,367,249,typical,-2.362717,9.771172,-2.3631191,7.273584
261239083,train,1,4,2,2037.4707268534387,62.3132867426643,399.16785,205.50215,0.9575,0.5525,,,40,417,physics,4.4262295,5.786298,-2.3835955,7.2706513
261236413,train,1,4,2,2025.9692174136787,58.23574812092738,188.68883,310.06918,0.3125,0.89125,,,709,96,typical,-2.209604,9.705481,-2.6330824,7.4073896
261239067,train,1,4,2,2024.020367391116,62.59633067281076,262.2869,272.1088,0.74125,0.82125,,,284,158,typical,-2.3191276,9.907612,-2.462375,8.109444
261236409,train,1,4,2,2020.011134802713,54.46572770911164,166.54974,187.62329,0.1625,0.445,,,850,518,typical,-1.6827303,9.861906,-2.4453564,7.9496317
261236408,train,1,4,2,2016.686842528031,50.918571515101725,287.83255,157.9404,0.83375,0.3325,,,190,633,typical,5.868356,8.894412,-2.3950753,8.024449
261236391,train,1,4,2,2018.6800914028909,63.25863002168763,172.16452,226.57051,0.205,0.6625,,,811,317,typical,-1.5507071,9.892285,-2.442882,8.091414
261239054,train,1,4,2,2021.9540347709303,69.7042384861343,192.4777,205.17531,0.3325,0.5475,,,687,421,typical,-2.000061,9.906839,-2.43497,8.1700945
261239053,train,1,4,2,2021.1322642981104,69.99848919089163,161.93271,203.90073,0.13,0.54,,,881,427,typical,-1.9104745,9.817712,-2.4634736,8.160018
261239045,train,1,4,2,2019.352864597961,70.63537136964298,148.38213,210.54437,0.07,0.585,,,936,388,typical,-1.4133639,9.948316,-2.4355843,8.137284
261239044,train,1,4,2,2019.981237509764,71.54851668091001,160.60669,202.94469,0.12125,0.5325,,,888,435,typical,-1.8228532,9.903515,-2.4572954,8.122164
261236380,train,1,4,2,2014.3010096052153,68.76618681451748,236.34952,189.32542,0.6125,0.455,,,409,510,typical,-2.0925035,10.019331,-2.4218652,8.171895
261239028,train,1,4,2,2013.1284642963856,76.62282076017158,167.30887,139.64847,0.17,0.25125,,,844,717,typical,-1.8973186,9.949635,-2.416924,6.7618327
261236384,train,1,4,2,2016.488857470402,65.16974803184728,156.40196,207.69493,0.1025,0.5625,,,907,409,typical,-1.1698201,10.382419,-2.4300377,8.136418
261236375,train,1,4,2,2005.619529763008,62.61308890367538,223.89265,242.54318,0.5325,0.7125,,,492,263,typical,-1.838926,10.087605,-2.2182143,6.6738477
261206847,train,1,4,2,2038.7770580041033,22.12634538957326,243.2662,106.092094,0.6475,0.12875,,,372,843,typical,-0.0777731,7.889267,-1.3150198,7.089827
261204442,train,1,4,2,2029.1583738653435,19.393232013911415,193.80418,124.796394,0.3425,0.1925,,,678,776,typical,1.2866303,9.878308,-1.3783847,7.1316204
261204430,train,1,4,2,2022.1819414230515,19.501842272693168,345.81067,47.653328,0.93125,0.00125,,,76,998,typical,4.7212777,5.437981,-1.2209116,7.855956
261204418,train,1,4,2,2016.661819691422,24.112384395610302,256.8598,101.121895,0.70875,0.10375,,,314,867,typical,8.393241,5.241691,0.20103326,4.4427123
261204415,train,1,4,2,2013.636964671207,23.40892646770431,280.4263,178.93263,0.80625,0.41625,,,216,547,typical,7.8690033,5.249195,0.22268671,4.431588
261204396,train,1,4,2,2010.4181441273124,30.56483651546125,401.503,197.35568,0.95875,0.50125,,,39,464,physics,7.7788143,5.4970994,0.19106692,4.497012
261204392,train,1,4,2,2004.0200376207088,26.676860087098916,160.6811,112.5048,0.1225,0.14375,,,887,824,typical,-1.0550596,9.730773,0.34101865,8.444415
261206807,train,1,4,2,2016.9934950435995,41.90692889994711,225.52202,94.682976,0.54375,0.08375,,,481,887,typical,8.876381,6.037875,-2.1269054,7.4333673
261204383,train,1,4,2,2009.497393602916,38.88168165068392,382.08246,61.779297,0.95,0.015,,,50,980,physics,4.5852246,5.84634,-0.33309534,8.631446
261204382,train,1,4,2,2008.641228459007,39.43766106335548,333.1694,48.409763,0.915,0.00375,,,95,996,typical,2.5662591,10.866182,-0.4416677,8.49167
261204380,train,1,4,2,2005.2376831164488,40.873925143521205,169.82808,96.87767,0.1925,0.08625,,,823,884,typical,0.16456455,7.586079,-0.4127656,8.627088
261204371,train,1,4,2,2003.5134989287135,42.897049144851216,256.36142,80.11158,0.7075,0.0525,,,315,930,typical,0.76447356,9.049726,-0.52842045,8.536932
261204401,train,1,4,2,2013.784370848188,31.655538569218542,294.6837,315.2242,0.85,0.895,,,174,91,typical,7.803429,5.585813,0.20978117,4.4546847
261204394,train,1,4,2,2008.3628590616252,30.611757968487993,402.73807,196.94922,0.96,0.5,,,37,465,physics,7.8628645,5.372752,0.17608024,4.5411267
261204375,train,1,4,2,1997.3752961044536,34.02861221828529,202.31593,209.7337,0.4025,0.5775,,,625,394,typical,1.1219397,9.611391,-0.3056837,8.653824
261204363,train,1,4,2,1997.0986418078348,40.589756738884105,160.9371,151.37698,0.125,0.3025,,,885,661,typical,-1.0403124,10.020917,-0.18564144,8.770446
261204367,train,1,4,2,1998.1883912248004,40.250678261710945,148.9948,134.39064,0.0725,0.23125,,,934,739,typical,-1.0917991,10.01361,-0.24436189,8.698315
261156502,train,1,4,2,1989.3328735538091,38.57016705893555,185.5204,183.14987,0.2925,0.4275,,,729,537,typical,-0.4688385,10.225322,-0.43749824,8.404397
261156546,train,1,4,2,2007.1143425823843,19.653132372817325,240.72348,108.19838,0.635,0.1325,,,388,836,typical,2.4124167,10.735314,0.39227086,8.491657
261156544,train,1,4,2,2006.1931466071971,20.46703621329133,173.53087,98.96198,0.21125,0.0975,,,805,873,typical,0.72457504,10.06458,0.34709263,8.459509
261156541,train,1,4,2,2001.079396048286,17.607751940344688,163.37082,179.77681,0.14125,0.4175,,,869,546,typical,-0.89192,8.808008,0.2578049,8.786794
261156539,train,1,4,2,2003.0668736706823,22.59823973917722,156.55421,115.698296,0.10375,0.16,,,906,808,typical,-0.6506,9.834244,0.32369614,8.513996
261156529,train,1,4,2,1994.08402479347,21.62243461051004,173.81607,112.79597,0.21375,0.145,,,803,823,typical,-0.35334444,9.996963,0.18964888,8.729069
392026016,train,1,4,2,1986.042035796589,10.261441424312286,163.36363,194.32463,0.14,0.4775,,,870,484,typical,-0.48092464,7.4480996,0.97697455,8.789468
392026007,train,1,4,2,1987.1918046385913,21.356049991718116,745.88025,187.66986,0.99375,0.44625,,,8,517,physics,4.5251036,5.9659295,0.25184944,8.834454
261156511,train,1,4,2,1985.3741639288753,26.681412927580062,168.73738,174.91556,0.1825,0.40375,,,833,560,typical,-0.325305,10.086586,-0.1616021,8.785373
261156498,train,1,4,2,1979.4015431419691,30.021394650244304,181.13293,277.65656,0.265,0.83125,,,751,150,typical,-0.5082908,10.263501,-0.12013898,8.805202
261156482,train,1,4,2,1979.4323458609656,38.67049099835212,169.62003,195.78331,0.19,0.49,,,826,473,typical,-0.6032159,10.384972,-0.4481022,8.327489
261156475,train,1,4,2,1974.2101437910364,36.69518714076975,198.49759,378.90176,0.37125,0.935,,,653,55,typical,-0.8214448,10.490741,-0.29345563,8.286619
392025997,train,1,4,2,1979.0057099339808,26.473842707752464,170.22755,248.51357,0.195,0.73375,,,820,245,typical,-0.43321472,10.145648,-0.07982912,8.844109
392025991,train,1,4,2,1977.6375030654744,29.623277115730893,189.99171,277.3327,0.32,0.83,,,700,151,typical,-0.47346604,10.290375,-0.10784565,8.836229
392025988,train,1,4,2,1973.1162882094677,28.366898419464313,187.23871,284.84256,0.305,0.84125,,,718,141,typical,-0.49880236,10.24413,-0.032652576,8.862269
261206777,train,1,4,2,1998.3133383828217,52.09018867783208,148.91704,298.75128,0.07125,0.87125,,,935,114,typical,-1.1374576,10.171656,-0.3323947,7.963093
261204347,train,1,4,2,1993.687600869952,53.217362172343016,149.15576,286.96353,0.07375,0.84875,,,933,135,typical,-0.97187656,10.35633,-0.287769,7.8461614
261204335,train,1,4,2,1984.3828540987256,46.99100860806996,165.07082,164.56825,0.155,0.36375,,,856,603,typical,-0.9176305,9.419123,-0.39323378,7.9415874
261204338,train,1,4,2,1987.7467600083976,49.85576223271786,197.70079,205.29948,0.36625,0.55,,,658,419,typical,-0.91264176,10.497882,-0.35613897,7.8042445
261204331,train,1,4,2,1983.2475038385037,49.48039268612683,260.78488,214.19818,0.73125,0.60375,,,293,373,typical,1.8464164,10.424404,-0.39873543,7.9487457
261204330,train,1,4,2,1983.1562037135195,49.96842462620656,220.86264,220.49864,0.51875,0.63625,,,503,342,typical,0.87487113,10.217212,-0.34369478,7.90651
261204324,train,1,4,2,1980.8257460080824,51.16013809295764,209.32352,186.56851,0.445,0.43875,,,580,524,typical,-0.79693496,10.5532255,-0.3912435,7.9105988
261206757,train,1,4,2,1993.4130326291736,62.73775984323131,254.24028,359.0703,0.69875,0.92375,,,322,64,typical,-1.1788099,10.490379,-0.3277959,7.8135285
261206763,train,1,4,2,1993.6171515067135,58.750790729669674,157.90944,390.4017,0.10875,0.9425,,,899,48,typical,-1.0604199,10.501021,-0.35516858,7.879621
261206756,train,1,4,2,1988.8972253311308,57.84517481116915,201.10287,369.23486,0.39,0.93375,,,636,56,typical,-1.203512,10.380257,-0.027825873,7.239724
261204294,train,1,4,2,1972.6880384259,61.57225773383031,537.3658,470.9829,0.985,0.97125,,,16,24,both,6.0000234,8.321033,0.09725393,6.820712
261204285,train,1,4,2,1966.3107964594708,64.98561754593622,309.3816,308.66757,0.88,0.8875,,,138,99,typical,0.015081519,7.884569,0.031690046,6.6467843
261156481,train,1,4,2,1981.2307121328083,41.77271954715563,220.6465,186.62242,0.51625,0.44,,,505,523,typical,0.8573775,10.29843,-0.5090358,8.355182
261156488,train,1,4,2,1983.0097580862544,40.87423030833125,211.45781,175.91862,0.46,0.4075,,,564,557,typical,-0.09271681,7.823606,-0.43755352,8.343245
261156480,train,1,4,2,1981.441582024369,42.03545076970815,166.52805,164.96927,0.16125,0.36875,,,851,599,typical,-1.3296007,9.751572,-0.4995257,8.3028965
261156474,train,1,4,2,1978.6313057907475,43.88367895398368,195.30809,164.048,0.3525,0.36125,,,669,605,typical,-0.8893039,10.467684,-0.4721034,8.258051
261156464,train,1,4,2,1969.6824478476576,41.135632619848394,217.08444,418.99115,0.4925,0.95875,,,528,35,instrument,-0.9512375,10.55845,-0.256242,8.046141
261156447,train,1,4,2,1964.6241334013675,46.11927210697501,306.22174,458.36462,0.87125,0.96875,,,146,26,instrument,5.646376,7.747643,0.14158545,6.9067173
261156443,train,1,4,2,1964.384659396907,50.64919929246442,316.5728,483.85516,0.8925,0.975,,,126,21,instrument,5.76885,8.853696,0.20996487,6.8815002
392025977,train,1,4,2,1969.1087431716703,37.240277699502855,170.80867,415.85544,0.2,0.9575,,,816,36,instrument,-0.8019326,10.495989,-0.29170492,7.9983525
392025965,train,1,4,2,1955.7757863315824,38.056400971746015,253.60365,234.53531,0.6925,0.68875,,,328,288,typical,5.5648837,7.7377872,0.03106744,7.2283835
392025962,train,1,4,2,1959.3832370706027,43.56137525697409,260.63235,358.18307,0.73,0.9225,,,294,65,typical,5.601198,7.786897,0.159634,6.9190726
392025956,train,1,4,2,1955.0737947453408,46.30072332706493,407.7246,384.60583,0.9625,0.9375,,,35,52,physics,4.600331,5.922599,0.14573751,6.8603115
392025953,train,1,4,2,1954.2449370274535,47.427625895651914,303.51657,363.7803,0.8675,0.92875,,,153,60,typical,-0.79377943,10.635213,0.18423639,6.8925176
261156446,train,1,4,2,1971.2295577895952,54.87590074299455,338.49673,541.6859,0.92,0.98625,,,90,12,instrument,5.6929655,7.73912,0.108382694,6.774073
261156442,train,1,4,2,1967.507333513612,54.32630478176343,459.6145,406.0974,0.97375,0.94875,,,26,43,physics,5.7454042,7.687735,0.14411111,6.8551927
261156428,train,1,4,2,1964.2488850777484,60.26590458360913,296.616,289.73505,0.855,0.85375,,,170,130,typical,6.175052,5.85335,0.09274747,6.744615
261204279,train,1,4,2,1962.5228659974805,63.694923870580055,295.22543,124.324875,0.85125,0.1875,,,173,780,typical,2.6080441,10.8632555,0.032396864,6.669218
392025936,train,1,4,2,1949.5463861871824,49.75233858200831,288.3498,251.88199,0.83625,0.75625,,,188,225,typical,5.903874,8.856121,0.19822502,6.8743443
392025916,train,1,4,2,1939.8553259307027,55.39172711726387,175.38557,216.46555,0.2225,0.61,,,795,366,typical,7.8213124,7.3873096,-1.3093644,3.2791207
724112617,train,1,4,2,1978.601495948366,2.6759134522234547,152.06207,197.98636,0.085,0.505,,,924,460,typical,-0.14613259,7.047797,0.99685067,8.782008
392013461,train,1,4,2,1964.8863664266992,10.199942458691876,163.85988,194.98499,0.14625,0.4825,,,864,480,typical,-0.5652949,7.550029,0.9562713,8.783615
261139874,train,1,4,2,1956.1886165665092,3.004491299865916,154.87502,194.49065,0.0975,0.48,,,911,482,typical,0.39398986,6.663139,1.0830064,8.78935
261139855,train,1,4,2,1946.9912604838196,8.848389197811434,161.21704,190.62373,0.1275,0.46125,,,883,500,typical,-0.47762248,7.4520364,7.032382,7.5235662
392013449,train,1,4,2,1964.5503947263308,21.871988899361348,186.46251,238.25766,0.30125,0.70125,,,721,274,typical,-0.34576917,10.176608,0.084360026,8.837928
392013441,train,1,4,2,1959.2754955861656,20.8667523849847,176.66411,251.45348,0.235,0.75125,,,785,229,typical,-0.37864202,10.18602,-0.08255771,8.907725
392013431,train,1,4,2,1956.126950957203,25.20221492335369,220.70741,251.82697,0.5175,0.755,,,504,226,typical,-0.37849522,10.181944,-0.12277402,8.822756
392013427,train,1,4,2,1955.1779818706295,26.606300944869073,180.90318,251.03847,0.26375,0.7475,,,753,233,typical,-0.41581792,10.248252,-0.047719963,8.956784
261139844,train,1,4,2,1942.9054527184724,14.974279132084904,210.96846,186.01123,0.45375,0.4375,,,571,526,typical,1.3781279,8.179791,6.9194727,7.497531
261139831,train,1,4,2,1940.4422723948496,25.240857568719573,222.20009,196.10867,0.52375,0.495,,,499,469,typical,3.2915509,9.796557,1.4598715,6.4119797
261139824,train,1,4,2,1933.5935584005,21.352838976970386,290.34595,224.23848,0.83875,0.655,,,186,324,typical,3.1001713,9.670401,1.4993565,6.4015613
261139852,train,1,4,2,1943.967777812517,6.03371000646123,180.57292,208.10138,0.26,0.56625,,,758,405,typical,0.9189036,7.326708,7.0135016,7.5334134
261137462,train,1,4,2,1940.9275016606512,7.510249510974608,210.87392,200.40273,0.4525,0.5175,,,572,448,typical,1.1082666,7.6240144,6.9845567,7.5441775
261137451,train,1,4,2,1935.860989623279,9.424476518129149,206.74802,203.16191,0.42875,0.53375,,,595,434,typical,1.0963053,7.647005,7.0597672,7.5050087
261137431,train,1,4,2,1923.9825746121685,20.391379233473092,219.04314,202.8718,0.50875,0.53125,,,512,436,typical,3.3335137,9.835762,1.4279969,6.371134
261137418,train,1,4,2,1912.6493625206808,17.06944369165813,244.52577,110.746185,0.65875,0.14125,,,363,828,typical,2.7762754,10.060965,1.7231656,6.439128
261108847,train,1,4,2,1904.6490150888071,14.948142385970176,262.60538,146.18066,0.74375,0.2775,,,282,689,typical,2.2941527,9.398898,5.994618,6.867413
261108834,train,1,4,2,1900.919340609567,17.28606471589839,261.6392,136.04616,0.73375,0.2375,,,291,734,typical,5.693619,6.264695,5.7054334,6.689868
392013419,train,1,4,2,1954.026733817386,33.49280022542206,182.899,171.47562,0.28,0.39125,,,739,575,typical,-0.6256126,10.454615,-0.16883507,7.9035234
392025941,train,1,4,2,1945.66603805664,41.71945792533499,324.5379,234.99808,0.905,0.69125,,,107,286,typical,5.068168,9.658388,1.2121421,6.3052106
392013394,train,1,4,2,1940.078427518144,40.06384265141891,389.68076,253.95244,0.955,0.76625,,,43,215,physics,6.2326903,8.596833,1.2784057,6.3290744
392013395,train,1,4,2,1935.6149502518497,33.077693637970384,231.77258,415.1012,0.5775,0.95625,,,445,37,instrument,5.9069242,8.861451,1.2034305,6.2375107
261139779,train,1,4,2,1919.5604758671336,39.52131789774069,204.64322,409.57736,0.415,0.95375,,,611,39,instrument,7.478304,7.875507,-1.3975267,3.4431114
261139776,train,1,4,2,1919.7234697504475,40.56999783386338,187.37852,399.42834,0.30625,0.945,,,717,46,typical,7.5562596,7.78242,-1.4000871,3.3771877
392013375,train,1,4,2,1927.6059439726444,49.257619481293325,164.3836,213.41019,0.15125,0.6,,,859,376,typical,7.865702,7.4763355,-1.255984,3.1226585
392025903,train,1,4,2,1927.4150516175291,57.789635135666586,137.36603,243.25072,0.035,0.715,,,968,261,typical,8.3413725,7.2133646,-1.1800001,2.9628942
392013362,train,1,4,2,1922.3589492200508,55.8998369179375,136.23991,247.81198,0.03,0.73125,,,973,247,typical,8.270519,7.295784,-1.1674409,2.944428
392013373,train,1,4,2,1924.904442248975,47.05879573368319,185.90408,341.98682,0.2975,0.91375,,,724,73,typical,7.6527424,7.7639375,-1.3749126,3.3454483
261139771,train,1,4,2,1915.1458075221217,41.75200649170892,185.21635,395.27805,0.2875,0.94375,,,733,47,typical,7.591827,7.8030615,-1.404987,3.3329365
261139755,train,1,4,2,1906.0699927255991,50.6119189196802,139.36615,213.50052,0.04125,0.60125,,,962,375,typical,8.279421,7.124528,-0.36582714,2.5987973
261137417,train,1,4,2,1917.2139716458469,27.834471184157625,269.7401,203.73419,0.7675,0.53625,,,258,430,typical,5.5968966,9.012375,1.283335,6.3130417
261139788,train,1,4,2,1916.550423404456,28.70259992086988,244.00456,225.08409,0.6525,0.6575,,,368,322,typical,5.7283883,9.06993,1.2469697,6.2538633
261137412,train,1,4,2,1913.7271892312576,26.01422770674657,343.7715,172.01968,0.92625,0.39375,,,80,573,typical,5.5328164,9.184267,1.3299282,6.2876787
261137407,train,1,4,2,1911.2574671396071,29.34613932986136,222.97371,280.32825,0.52625,0.835,,,497,146,typical,7.160016,7.147976,1.2854286,6.278161
261137408,train,1,4,2,1911.7909143611569,28.909716180338993,272.35266,329.26385,0.785,0.90625,,,240,80,typical,5.6768713,6.1941414,1.2520761,6.3103557
261108823,train,1,4,2,1898.0803392476687,24.522080356714294,278.15915,213.14386,0.795,0.5975,,,226,378,typical,6.2784495,8.629144,1.1972761,6.306104
261137398,train,1,4,2,1901.9372197819928,24.025647120000777,293.30994,191.65668,0.84375,0.4675,,,180,493,typical,6.2056193,8.7219095,1.3070084,6.3111463
261137386,train,1,4,2,1901.451400774171,36.48050745603747,167.56734,240.95488,0.17375,0.70875,,,841,267,typical,7.7891445,7.6821237,-1.2438605,3.152873
261139752,train,1,4,2,1902.8777316419653,47.29366902130818,141.15552,221.56505,0.04875,0.64125,,,956,338,typical,8.259743,7.0644765,-0.45908678,2.6123562
261137366,train,1,4,2,1892.4061350194568,39.263668061486094,175.92761,184.84094,0.22625,0.4325,,,792,531,typical,8.12601,7.552964,-0.8216507,2.8988001
261137368,train,1,4,2,1891.880603172786,38.082842333729374,197.20418,188.09067,0.3625,0.45,,,661,514,typical,7.583625,7.0094266,-1.0505933,2.8335452
261137370,train,1,4,2,1892.6395818970952,37.94334727218164,172.32022,192.43336,0.2075,0.47,,,809,490,typical,7.7315736,7.148783,-1.1374226,2.9688566
261137362,train,1,4,2,1889.075512913647,38.76944669869689,243.02455,195.86871,0.645,0.4925,,,375,471,typical,6.608332,5.92951,-0.945872,2.8313587
261137359,train,1,4,2,1888.1375752482604,39.86767577367229,227.73564,201.001,0.5575,0.52125,,,466,445,typical,5.92149,8.925322,-0.72513026,2.842883
261108794,train,1,4,2,1884.3634632344924,35.87489904990137,146.4107,153.95721,0.0625,0.3125,,,943,650,typical,8.163924,7.0477767,-0.9422335,2.7818656
724114390,train,1,4,2,1881.2561484251933,38.039138655628776,154.09923,166.98587,0.09375,0.37625,,,915,590,typical,8.122681,6.956555,-0.66577613,2.7091217
261137348,train,1,4,2,1880.7566663530515,40.12874764407875,151.32935,201.89268,0.0825,0.5275,,,926,440,typical,8.226103,6.939886,-0.20190908,2.8479931
261108852,train,1,4,2,1903.3646182375237,8.37920440975942,255.26904,258.84973,0.705,0.7825,,,317,196,typical,1.3677787,7.8471675,6.208858,6.991744
261106493,train,1,4,2,1895.3677193669776,8.164432795383874,234.66078,289.74335,0.5975,0.855,,,424,129,typical,1.560129,8.00418,6.268109,7.024962
261108835,train,1,4,2,1896.9735083729895,11.84542829151806,223.29709,163.30261,0.53,0.35625,,,494,609,typical,1.5401268,7.9611855,6.0347013,6.8410063
261108829,train,1,4,2,1895.624787352747,16.973580597259968,324.48,117.68324,0.90375,0.1675,,,108,802,typical,4.886091,9.760516,5.9188795,6.77583
261106488,train,1,4,2,1890.6476836650704,9.785633726171708,197.55042,240.46939,0.36375,0.70625,,,660,270,typical,1.4058782,7.9244537,6.073846,6.9214425
261108819,train,1,4,2,1888.7026558427867,14.869303991166513,201.15555,93.87271,0.39125,0.08125,,,635,891,typical,1.9828529,9.662252,5.7078695,6.704138
261091836,train,1,4,2,1874.864476558229,4.79014654556069,249.07948,269.16296,0.67875,0.8125,,,344,166,typical,1.629715,8.148851,5.928486,6.6756635
261091833,train,1,4,2,1874.9158635630824,6.118372043768703,220.43695,210.06152,0.51375,0.5825,,,507,390,typical,1.9071224,8.836217,5.8768663,6.596127
261091817,train,1,4,2,1860.7963607830409,4.325164630687761,222.92488,354.14325,0.525,0.92125,,,498,66,typical,2.1518118,9.428399,5.8649664,6.2754087
261091813,train,1,4,2,1858.371639371579,4.267024344168831,230.74394,361.4837,0.5725,0.9275,,,449,61,typical,2.180221,9.849948,5.854427,6.285445
261108817,train,1,4,2,1891.870048346423,21.130501274552167,249.88892,164.79584,0.6825,0.36625,,,341,601,typical,6.3711376,6.47107,1.2656847,6.301619
261108811,train,1,4,2,1891.2261663333013,23.677298826909254,236.90082,123.89136,0.61625,0.1825,,,406,784,typical,5.6933775,9.196776,1.2077768,6.2330046
261108798,train,1,4,2,1882.9679662849856,30.128784071680524,179.96838,233.79547,0.2575,0.685,,,760,292,typical,8.727762,7.253985,-1.167907,2.936414
261106468,train,1,4,2,1877.5014993731745,17.473483009081026,243.10869,103.70008,0.64625,0.11625,,,373,856,typical,5.528583,9.734912,5.6761684,6.6449213
261106467,train,1,4,2,1878.789114177214,19.76083110188395,223.24068,82.345215,0.52875,0.0575,,,495,925,typical,5.4435077,9.35066,-1.0282779,2.819912
261108795,train,1,4,2,1881.6913823352072,31.794135805286288,247.64825,235.63527,0.67,0.695,,,352,282,typical,5.681661,9.156885,-0.94367933,2.798272
261108788,train,1,4,2,1879.227612956027,31.773677238429315,145.6167,193.31053,0.05625,0.4725,,,948,488,typical,8.158328,7.2009206,-0.89774406,2.7724752
261108785,train,1,4,2,1874.3129494298096,28.517111473747978,170.73787,177.00224,0.19875,0.41125,,,817,553,typical,7.9099884,7.653293,-0.9841404,2.6782684
261108766,train,1,4,2,1867.3478509922625,33.531758668101205,166.70158,138.11667,0.16625,0.2425,,,847,728,typical,8.125195,6.6891656,-0.27471873,2.9288971
261108773,train,1,4,2,1874.142087123972,37.50020741734726,167.05566,243.65158,0.1675,0.7175,,,846,259,typical,8.105134,6.671737,-0.13298173,2.9081964
261108768,train,1,4,2,1872.572433458672,39.64806823763801,178.01936,251.5737,0.2425,0.7525,,,778,228,typical,8.2611685,6.51563,-0.12258949,2.9478817
261108758,train,1,4,2,1867.918537208641,41.99537778768816,197.08907,235.50906,0.36,0.69375,,,663,283,typical,7.0344963,5.8849998,0.5380868,3.4499443
261106445,train,1,4,2,1864.7229560231635,25.97837545418591,235.98709,123.14903,0.605,0.18,,,417,787,typical,5.3527083,9.273613,-0.47666916,2.9979894
261106431,train,1,4,2,1860.7754766747385,35.16678460406549,203.7807,281.57452,0.40875,0.8375,,,617,144,typical,6.895937,6.00825,7.0714917,3.071322
261106427,train,1,4,2,1857.375447715466,33.319659626366125,199.18689,200.764,0.37625,0.51875,,,649,447,typical,6.875198,5.9457173,7.026697,3.110382
261106422,train,1,4,2,1857.245286873784,39.09504259559163,247.49576,329.4907,0.66875,0.9075,,,353,79,typical,4.9411263,5.3083344,7.0703425,3.168837
261106413,train,1,4,2,1848.567113344364,32.785001986021896,225.19044,97.850464,0.54,0.095,,,484,877,typical,1.2015696,5.280364,7.3302307,3.3835077
261106407,train,1,4,2,1848.4774049951004,36.743239737967755,269.8417,195.10036,0.76875,0.485,,,257,478,typical,2.2324243,10.72619,7.2574162,3.233326
261091797,train,1,4,2,1854.4820727251351,18.249695425037483,278.41275,188.61159,0.7975,0.4525,,,224,512,typical,2.5259058,8.545503,5.9415116,6.153152
261091804,train,1,4,2,1855.3266202973705,15.446726201997729,303.32144,304.92365,0.86625,0.88,,,154,105,typical,2.5378034,8.574556,5.9548326,6.21834
261091806,train,1,4,2,1852.1927346053303,10.354301039007144,250.83308,330.5941,0.68625,0.91,,,337,76,typical,2.5600095,8.537923,5.9281588,6.2634954
261089363,train,1,4,2,1842.8674301910391,7.817369469922836,248.82344,294.38858,0.67625,0.86375,,,346,121,typical,2.539539,8.549453,5.8880887,6.2183313
261089345,train,1,4,2,1837.0306495219536,14.32817927378732,204.55066,159.65842,0.41375,0.34,,,612,625,typical,2.506661,8.465647,8.097153,4.3711777
261091780,train,1,4,2,1847.64355303628,26.31361442220378,209.67384,96.88184,0.4475,0.0875,,,578,883,typical,4.535597,3.7938485,8.033895,4.3402143
261091782,train,1,4,2,1845.564318138563,20.541317225052527,267.52194,128.05252,0.76,0.20875,,,267,762,typical,2.4513216,10.712496,8.019638,4.4151945
261091778,train,1,4,2,1842.5991756059827,20.674509231863393,191.06845,132.05698,0.32375,0.2225,,,696,747,typical,5.408241,9.232921,8.153675,4.290776
261091769,train,1,4,2,1839.5422215760536,25.599749175258506,211.59325,93.61519,0.46125,0.08,,,562,892,typical,1.0961014,5.258949,8.24596,4.2650566
261106417,train,1,4,2,1847.31755513515,29.04085986689913,198.23436,74.39538,0.37,0.0425,,,655,947,typical,2.602782,10.678536,8.192645,3.779052
261106402,train,1,4,2,1844.3484986950496,35.12415017992648,221.49742,121.045204,0.5225,0.17375,,,500,795,typical,2.9902902,3.790086,8.326005,4.1492667
261091757,train,1,4,2,1837.3407573451384,30.363656776084213,147.95058,143.86436,0.0675,0.26625,,,938,700,typical,0.9622742,5.2431726,8.325085,4.2418885
261091751,train,1,4,2,1836.244125414387,33.7993249929591,240.73418,108.26376,0.63625,0.13375,,,387,835,typical,1.1021067,5.298297,8.757784,4.1897216
261091750,train,1,4,2,1833.8848595742593,30.785530712613216,153.43858,135.62978,0.09,0.2325,,,918,738,typical,0.9938116,4.9011955,8.299983,4.197932
261091764,train,1,4,2,1834.332011563269,20.876335721811955,213.76993,130.5791,0.4675,0.2175,,,553,753,typical,1.0893887,5.284034,8.216661,4.2836323
261091755,train,1,4,2,1831.3515442756257,23.90589893007275,178.6167,162.30443,0.2475,0.35125,,,774,614,typical,1.0423678,5.302438,8.3162565,4.1804647
261091749,train,1,4,2,1830.242437385862,26.200884583722903,194.4034,149.76416,0.345,0.29375,,,676,668,typical,0.7110245,5.933557,8.269258,4.2457356
261091743,train,1,4,2,1828.1345252109024,29.50241448464009,233.53632,129.6943,0.58875,0.2125,,,433,759,typical,2.6124897,10.674003,8.41685,4.181807
261091738,train,1,4,2,1825.7688393227556,30.389571058658248,264.18713,104.21243,0.74875,0.12,,,277,853,typical,1.3241391,10.147258,8.422717,4.2393126
261089365,train,1,4,2,1840.6870699695496,3.002954721338078,227.60849,288.0488,0.55625,0.85125,,,467,132,typical,2.4618466,8.57558,5.8581867,6.1887813
261089338,train,1,4,2,1832.447930946091,10.49885706273553,259.9873,132.45221,0.72625,0.22625,,,297,744,typical,2.510696,10.796742,8.080566,4.3903546
261089339,train,1,4,2,1832.836283563857,10.491400956098772,255.37784,132.11348,0.70625,0.22375,,,316,746,typical,2.5456688,10.75615,8.10591,4.3887744
261063083,train,1,4,2,1807.5309627516292,12.699307650648192,230.84976,269.87097,0.57375,0.815,,,448,164,typical,4.732978,5.713712,6.666354,2.9113386
261063077,train,1,4,2,1803.8436414267744,14.978438934683858,309.3058,152.67455,0.87875,0.3075,,,139,654,typical,5.4509172,5.838845,6.702867,2.9065266
261063078,train,1,4,2,1804.797101810665,16.273860814071107,204.1772,158.86237,0.41125,0.33625,,,615,628,typical,5.8513217,7.340207,6.685788,2.9354086
261063072,train,1,4,2,1800.5211903408197,14.734298755951118,186.14236,109.193146,0.29875,0.1375,,,723,831,typical,5.8241215,7.2003703,6.619498,2.928193
261063069,train,1,4,2,1797.153223943723,12.596532678924849,199.91528,154.72571,0.3825,0.31625,,,644,647,typical,9.198918,4.252037,6.597309,2.9093635
261063070,train,1,4,2,1802.232743806992,19.01579464929664,257.2196,166.78688,0.7175,0.37375,,,307,592,typical,2.5112433,10.453321,6.6523213,2.8732374
261063057,train,1,4,2,1798.029808938324,21.809581038451338,208.77576,160.6531,0.44125,0.3475,,,583,619,typical,9.135679,4.340173,6.658552,2.9057474
261063062,train,1,4,2,1794.4831113159958,14.345056143826874,215.68678,141.68027,0.47875,0.25875,,,541,709,typical,9.295957,4.1064415,2.2836785,3.547967
261060787,train,1,4,2,1793.8542956850742,4.584888951381512,189.52835,179.90138,0.31625,0.41875,,,703,545,typical,9.279956,4.17337,2.6345522,3.8555055
261060768,train,1,4,2,1789.0946365757704,16.274897606411734,197.17378,191.1755,0.36125,0.46625,,,662,494,typical,9.162491,4.2944684,2.5465193,3.743023
261060763,train,1,4,2,1785.0322263624969,13.562701109079194,192.47046,255.9461,0.33125,0.775,,,688,206,typical,9.125777,4.342498,2.5782208,3.7519536
392011090,train,1,4,2,1779.2068301351462,2.5833395180971803,173.14359,251.65225,0.20875,0.75375,,,807,227,typical,9.299223,4.127036,2.5819395,3.7508388
261060765,train,1,4,2,1780.3647245027637,6.337269121969252,189.4936,250.85068,0.315,0.74625,,,704,234,typical,9.179749,4.2701607,2.6390502,3.8114803
392011088,train,1,4,2,1780.6726922501327,4.956749535847114,192.87335,249.86284,0.335,0.74,,,685,240,typical,9.23974,4.2191076,2.5950024,3.7717853
392011072,train,1,4,2,1772.642654907218,3.5340491888073244,182.57317,258.10352,0.27625,0.78125,,,742,198,typical,9.29709,4.1429753,2.589412,3.7470036
392011068,train,1,4,2,1769.099998484193,3.242509202460727,176.97641,215.79327,0.23625,0.6075,,,784,369,typical,9.232597,4.2340446,2.6034958,3.7740355
261260136,train,1,4,2,2041.6687283926249,89.40389857913118,195.04955,257.03592,0.34875,0.7775,,,672,202,typical,-2.0464914,9.545249,-2.7651258,7.2235484
261260133,train,1,4,2,2042.7917586369244,92.38058255721764,169.20158,267.54538,0.1875,0.805,,,829,173,typical,-2.0248654,9.577432,-2.7670908,7.2332907
261260127,train,1,4,2,2036.1442433007176,90.64294682637616,250.58305,250.64807,0.685,0.74375,,,338,236,typical,-2.2230992,9.845199,-2.830679,7.2704506
261257472,train,1,4,2,2027.503878505075,95.31221478758026,250.42793,210.01901,0.68375,0.58,,,339,392,typical,-2.700165,9.93501,-2.7870805,6.7851777
261257483,train,1,4,2,2030.3920752403496,87.48176321992412,307.80292,285.05603,0.87625,0.84375,,,141,139,typical,-2.6375744,9.994356,-2.7438834,7.2150598
261257461,train,1,4,2,2018.724742581235,93.92163322120268,174.16516,169.66182,0.21625,0.38375,,,800,582,typical,-1.2600821,9.9383,-2.688612,6.6589065
261257460,train,1,4,2,2016.4816382692288,91.8133984409472,153.75002,148.08173,0.09125,0.28625,,,917,677,typical,-1.2494738,9.990619,-2.6732805,6.597074
261239014,train,1,4,2,2011.2013364654,89.6612583668632,384.91193,166.68973,0.95125,0.3725,,,48,593,physics,-2.6910722,10.009875,-2.717921,6.941144
261260112,train,1,4,2,2033.4637767377528,100.18562723734092,240.06865,192.26497,0.62875,0.46875,,,393,491,typical,-2.6930606,10.0333,-2.7932603,6.956715
261260099,train,1,4,2,2024.7025815603588,105.245683993616,217.84944,228.62712,0.49875,0.67,,,523,309,typical,-2.8864892,10.132224,-2.6761034,6.522937
261260090,train,1,4,2,2019.3825646815137,108.68701082735676,237.52487,152.76639,0.6175,0.30875,,,404,653,typical,-2.853986,10.134298,-2.6972804,6.5240207
261257441,train,1,4,2,2015.276842139256,105.774245567927,284.08917,129.69827,0.8175,0.21375,,,204,758,typical,-2.5558937,10.070666,-2.7282755,6.535451
261257446,train,1,4,2,2012.7441317957744,100.06863936702334,163.62967,174.27063,0.145,0.4,,,865,565,typical,-1.8808539,9.389232,-2.6703906,6.5456333
261239005,train,1,4,2,2007.080276169068,93.3793270661636,274.61343,203.8557,0.79,0.53875,,,234,428,typical,7.4698586,5.7612996,-2.0698671,5.8915806
261257438,train,1,4,2,2006.4468426776907,99.3268273232438,351.6077,228.2057,0.93625,0.66625,,,70,312,typical,7.6280894,5.6284475,-2.0149834,5.8605647
261238984,train,1,4,2,2001.8494470596052,98.54695781890848,306.33386,306.53717,0.8725,0.88375,,,145,102,typical,7.7806997,5.5322137,0.019511867,4.216141
261239029,train,1,4,2,2017.527949955876,80.94054841581385,168.57616,198.69557,0.18125,0.51,,,834,455,typical,-0.20635821,9.968164,-2.5175803,7.995593
261239002,train,1,4,2,1999.8140342563693,86.56675661609842,323.52478,255.40192,0.9,0.77375,,,112,207,typical,7.524705,5.747976,-2.006577,5.8239894
261236353,train,1,4,2,2003.4129529764368,76.25579986115719,239.2584,293.1381,0.6225,0.85875,,,398,125,typical,-2.1281002,10.080639,-2.2940495,6.2417693
261236340,train,1,4,2,1997.086936147323,81.08628790029422,230.32242,293.4601,0.57125,0.86,,,451,124,typical,7.1578856,6.2154694,-2.022892,5.8905087
261236332,train,1,4,2,1987.3804848258433,79.46323541168826,282.6896,361.3042,0.815,0.925,,,206,63,typical,5.233748,9.115412,-0.8562534,4.0944614
261236338,train,1,4,2,1994.076153784166,82.9188922772071,200.20172,266.46573,0.38375,0.80125,,,643,177,typical,7.1862755,6.329632,-1.9590846,5.7798347
261238979,train,1,4,2,1998.25503763904,95.85763592504054,218.16087,407.9455,0.50125,0.95125,,,520,41,instrument,7.3828583,6.0296664,-0.10046644,4.2369776
261238972,train,1,4,2,1993.2829634351535,96.9573972192575,200.76126,297.55746,0.38625,0.8675,,,640,117,typical,7.288499,6.210024,-0.14019117,3.914172
261238955,train,1,4,2,1984.2815509592904,99.61015578848274,198.52577,278.63486,0.3725,0.83375,,,652,148,typical,7.4688587,6.1677346,-0.10507564,3.7935135
261236319,train,1,4,2,1989.5598569741032,89.8062009037576,178.2203,293.46384,0.24375,0.86125,,,777,123,typical,7.2446485,6.207929,-0.45675987,3.9678502
261236314,train,1,4,2,1988.392296035503,92.4068994347164,192.52545,317.97012,0.33375,0.89625,,,686,89,typical,7.2630844,6.206837,-0.27827123,3.8735557
261236308,train,1,4,2,1982.3272741492117,92.80083496615768,201.30386,259.25345,0.39375,0.785,,,633,194,typical,7.4250627,6.2047267,-0.25555268,3.8287215
261236307,train,1,4,2,1985.28079713735,96.1570593213312,191.3873,299.0392,0.325,0.8725,,,695,113,typical,7.3203263,6.22907,-0.24486434,3.9031456
261260089,train,1,4,2,2020.5142049184085,110.24576657845768,207.65074,126.412415,0.43375,0.20125,,,590,769,typical,-2.9449074,10.204709,-2.7081034,6.5710483
261257433,train,1,4,2,2012.1978376807765,108.95640962178489,248.89473,97.721504,0.6775,0.0925,,,345,879,typical,0.9707792,10.206208,-2.7400339,6.4573326
261260071,train,1,4,2,2016.0842880874773,118.77206521879792,170.13097,81.58984,0.19375,0.05625,,,821,927,typical,-0.43458465,7.299881,-2.7853298,6.501089
261260066,train,1,4,2,2009.482701116928,118.16557832758812,146.54866,97.74838,0.06375,0.09375,,,942,878,typical,0.09447044,6.455379,0.7037485,3.9404097
261257426,train,1,4,2,2001.5066523276405,110.07676320226166,272.1445,212.53195,0.7825,0.59375,,,242,381,typical,7.8051996,5.639275,0.13549057,4.266164
261257423,train,1,4,2,2003.0954543921432,113.9759261081778,257.07578,117.07124,0.71375,0.165,,,310,804,typical,7.972769,5.5965223,0.26483035,4.1288805
261260059,train,1,4,2,2008.7654237383465,124.58293929338068,183.39517,115.10859,0.2825,0.15625,,,737,812,typical,-0.19784155,6.913813,0.92311835,3.7355072
261260056,train,1,4,2,2006.6070086788984,123.9499223425182,253.73746,83.32329,0.69375,0.0625,,,327,920,typical,7.9442806,5.6058083,0.9738868,3.679975
261260047,train,1,4,2,2001.0207092173637,123.35757316894532,217.08401,118.47827,0.49125,0.16875,,,529,801,typical,8.088469,5.89881,1.0032144,3.6165478
261260034,train,1,4,2,2002.6211606953923,131.9572664517584,216.0183,172.99051,0.48375,0.3975,,,537,569,typical,8.419175,5.7322264,1.073927,3.506172
261257397,train,1,4,2,1992.2451547626808,129.5756803545153,248.1139,218.12756,0.6725,0.61625,,,350,360,typical,8.450203,5.3749475,1.1569964,3.3538127
261257380,train,1,4,2,1980.8438275898748,128.4818676205894,223.66904,258.89413,0.53125,0.78375,,,493,195,typical,8.856824,5.2369847,1.3281562,3.113135
261238927,train,1,4,2,1976.263221479792,111.33226013770992,191.56888,251.05745,0.3275,0.74875,,,693,232,typical,8.597261,5.8380647,1.1492789,3.0516057
261236275,train,1,4,2,1968.4028725753408,101.6748708514316,173.82434,184.49777,0.215,0.42875,,,802,535,typical,8.812816,6.473412,1.0185008,2.9288898
261238900,train,1,4,2,1966.651757072878,122.79546349852238,174.87057,231.25543,0.22,0.675,,,797,303,typical,10.740617,4.806927,1.9831177,2.2087438
261238884,train,1,4,2,1955.4037464489024,127.11795925291368,281.83093,584.672,0.8125,0.9925,,,208,7,instrument,4.5302887,4.9013658,2.6241226,0.9523759
261238888,train,1,4,2,1958.798609543271,126.68049087774304,262.30994,353.32516,0.7425,0.92,,,283,67,typical,11.467078,5.0015535,2.6420486,0.9429078
261236249,train,1,4,2,1957.1080512401409,114.89816575405692,186.2602,234.89008,0.3,0.69,,,722,287,typical,10.784455,4.8168254,2.0462441,2.0181231
261236228,train,1,4,2,1945.4154411699433,117.43366900363102,285.347,302.4226,0.82375,0.87875,,,199,106,typical,7.2455897,5.2902484,3.5122843,2.799153
261206741,train,1,4,2,1989.336628623151,73.8782725382722,239.72885,346.42212,0.625,0.91625,,,396,70,typical,7.0858555,6.23965,-1.845147,5.6200895
261206724,train,1,4,2,1978.1714805261277,73.57993716007388,182.706,321.82687,0.27875,0.8975,,,740,87,typical,8.269709,7.5332417,-0.8014253,3.9978797
261206722,train,1,4,2,1975.9632674028855,72.51787067050869,187.0901,300.85327,0.30375,0.87625,,,719,109,typical,7.935101,7.2481766,-0.8135332,4.013755
261206711,train,1,4,2,1972.674111138405,76.68883243156773,195.61914,261.90918,0.35375,0.79,,,668,188,typical,7.351395,6.370373,-0.86988884,3.8556433
261206715,train,1,4,2,1979.1869232380548,79.93823064593829,185.25758,300.1274,0.28875,0.87375,,,732,111,typical,7.2503057,6.363378,-0.7906029,3.9455326
261206703,train,1,4,2,1973.931321325262,81.17263920243117,174.40948,285.03442,0.2175,0.8425,,,799,140,typical,8.329288,7.4949083,-0.55546516,3.9150572
261206695,train,1,4,2,1967.694608526052,81.50247696330906,176.49571,250.48897,0.23375,0.74125,,,786,239,typical,8.510502,6.996595,-0.5586303,3.2085629
261206687,train,1,4,2,1962.457667652999,82.63765245773128,167.99268,219.81992,0.1775,0.6325,,,837,345,typical,8.739807,7.2058854,-0.20359953,2.7298987
261204276,train,1,4,2,1969.1428789623617,73.51280797625225,159.55144,203.74477,0.11375,0.5375,,,894,429,typical,8.405631,7.509107,-0.8566565,3.7348459
261204264,train,1,4,2,1962.754416062924,77.4860252860769,166.56673,209.34084,0.16375,0.5725,,,849,398,typical,8.157358,6.9424834,-0.43107998,2.7546785
261206684,train,1,4,2,1966.2827940616764,88.7229180894638,164.72801,225.42921,0.1525,0.66,,,858,320,typical,7.9376583,6.760818,0.35765186,2.884808
261206665,train,1,4,2,1961.712047001424,96.92366912968328,209.621,204.0737,0.44625,0.5425,,,579,425,typical,8.748732,5.675041,1.02664,2.8817441
261206669,train,1,4,2,1964.0164054298964,97.5144447013098,185.29262,197.71092,0.29,0.5025,,,731,462,typical,8.630062,6.018632,1.0149522,2.949403
261204247,train,1,4,2,1955.4558020796976,85.60801814347317,168.8975,142.88301,0.185,0.2625,,,831,703,typical,8.82498,6.7310176,0.040986095,2.789253
261204234,train,1,4,2,1946.1992821176857,91.09893642322218,205.1896,148.81273,0.42125,0.28875,,,606,674,typical,8.690226,5.367275,0.9237498,2.9958088
261204215,train,1,4,2,1939.4725489788,92.55976758974025,199.89182,204.5818,0.38125,0.545,,,645,423,typical,8.628092,6.2683735,1.1062417,3.1416721
261156405,train,1,4,2,1953.141097424009,65.16486187326245,292.92252,194.99146,0.84125,0.48375,,,182,479,typical,5.667981,5.7527223,-1.3076736,3.3153865
261156403,train,1,4,2,1950.6503267519577,64.56670084516861,169.45947,207.10652,0.18875,0.55625,,,827,414,typical,8.401703,7.5464125,-1.3275036,3.431575
261156394,train,1,4,2,1945.588961762869,64.13181527322652,162.54843,247.79268,0.13125,0.73,,,879,248,typical,8.063448,7.2301474,-1.3329538,3.421492
261156377,train,1,4,2,1945.6275924605957,75.26478814198231,195.14978,251.37798,0.35,0.75,,,671,230,typical,8.434529,7.0613594,-0.8704671,2.7667294
261156372,train,1,4,2,1940.0036414004949,72.5768351830858,155.49597,245.90315,0.1,0.72625,,,909,251,typical,8.456395,7.1576686,-0.76706994,2.7072484
261156389,train,1,4,2,1943.619351443919,64.56334749460048,167.55843,221.6216,0.1725,0.64375,,,842,336,typical,8.505344,7.46866,-1.1476817,2.8990922
392025904,train,1,4,2,1931.546637032812,61.65149725728225,172.22603,231.3453,0.20625,0.67625,,,810,302,typical,7.834818,7.563928,-1.1192142,2.8372881
392025901,train,1,4,2,1930.7191976362312,62.31413802409447,176.32393,233.33482,0.23,0.6825,,,789,295,typical,7.8937917,7.348505,-1.2020482,2.870588
261156370,train,1,4,2,1933.9636205226225,69.34977066477447,153.18207,219.70126,0.08875,0.62875,,,919,348,typical,8.130899,7.184649,-1.0321655,2.7429347
261156361,train,1,4,2,1932.5392958343973,70.94072574297029,160.5418,245.85555,0.12,0.725,,,889,252,typical,8.522301,7.2194977,-0.9683247,2.709589
392025871,train,1,4,2,1919.866108946247,70.99292203264605,167.4407,241.57857,0.17125,0.71,,,843,266,typical,8.751376,6.677851,0.42522424,2.8422184
261156364,train,1,4,2,1939.912188527681,79.10147025264297,171.5374,205.23253,0.2025,0.54875,,,813,420,typical,8.5018635,6.962716,-0.7834573,2.7931874
261156356,train,1,4,2,1935.2477450036197,78.15667848324611,171.88844,210.00684,0.20375,0.57875,,,812,393,typical,8.592768,7.000566,-0.78997207,2.7376435
261156346,train,1,4,2,1934.4701831722307,87.29501559842204,228.21202,236.36943,0.56125,0.6975,,,463,280,typical,6.681467,5.8779097,0.9590616,3.0299437
261156341,train,1,4,2,1930.115793670911,86.99152902402525,192.93085,211.80588,0.33625,0.59,,,684,384,typical,8.54877,5.9895096,1.239818,3.0957239
392025861,train,1,4,2,1917.8420460226776,79.0754146845247,203.70961,135.97163,0.4075,0.235,,,618,736,typical,8.479658,5.9164486,0.9255762,2.9450188
261206653,train,1,4,2,1958.8014019970808,101.45785857737218,195.96593,197.9659,0.355,0.50375,,,667,461,typical,8.898669,5.364306,1.0951836,2.9956293
261206637,train,1,4,2,1948.6401917079045,102.60444072940206,176.4072,213.60791,0.23125,0.6025,,,788,374,typical,10.760092,4.8162284,1.5594951,2.8695455
261206631,train,1,4,2,1949.6609747713571,106.75124103126376,181.22049,192.99028,0.26625,0.47125,,,750,489,typical,10.820882,4.8464527,2.1087403,2.1617997
261206624,train,1,4,2,1944.3013983027056,106.16297875940953,221.31955,187.98732,0.52125,0.44875,,,501,515,typical,8.410979,5.654378,2.1050887,2.3993359
261204216,train,1,4,2,1942.4709255434357,95.48289026589056,191.6368,174.7584,0.32875,0.40125,,,692,562,typical,8.587694,6.1933866,1.202397,3.1359224
261204201,train,1,4,2,1934.7389643170832,101.92688923401433,236.03305,248.09906,0.6075,0.7325,,,414,246,typical,8.195764,5.1725397,1.4149874,3.2057636
261204193,train,1,4,2,1931.2731104379616,105.52176966379557,323.9403,156.7136,0.9025,0.32625,,,110,638,typical,8.192152,5.0439653,3.6500287,2.7339613
261206622,train,1,4,2,1947.3480292851448,112.3150906163983,296.23712,190.96213,0.85375,0.465,,,171,496,typical,11.49414,4.9078956,2.0938354,2.4549901
261206619,train,1,4,2,1945.407256167084,110.89645096501238,232.24187,201.21669,0.58,0.52375,,,441,443,typical,8.306095,5.4351826,2.1935153,2.6342516
261206610,train,1,4,2,1942.502539361404,114.38285945976668,265.68698,252.40854,0.755,0.76125,,,272,220,typical,8.090803,5.184933,3.139598,2.8208182
261206607,train,1,4,2,1938.914598060907,113.77232879446476,297.2907,308.2711,0.8575,0.88625,,,167,100,typical,8.061995,5.093485,3.692591,2.7462516
261206597,train,1,4,2,1932.8148025612095,112.07469869124532,288.19177,323.05652,0.835,0.89875,,,189,86,typical,4.17986,5.1807995,3.9049585,2.6895037
261206596,train,1,4,2,1937.926351116784,118.42419638231688,355.74167,306.42184,0.94,0.8825,,,63,103,typical,7.01057,4.817296,4.063339,2.6706026
261206588,train,1,4,2,1935.2286826406755,121.27299954778648,360.00467,195.67763,0.945,0.48875,,,59,474,typical,6.8493223,4.6313853,4.914908,2.477393
261204188,train,1,4,2,1925.4053662221788,105.82172503299506,215.30809,109.033485,0.47375,0.13625,,,545,832,typical,4.2177773,3.327407,4.9226804,2.4075937
261204175,train,1,4,2,1924.3104736437272,110.29042529069385,319.08847,83.164536,0.89625,0.06125,,,120,921,typical,3.9947057,3.3436368,5.011332,2.3955123
261206565,train,1,4,2,1921.502561198144,118.79268135432852,257.04153,144.81516,0.7125,0.27125,,,311,696,typical,2.6062677,3.5512648,9.226523,4.408768
261204162,train,1,4,2,1914.8563972158652,112.12905984143946,290.34344,155.83186,0.8375,0.32125,,,187,643,typical,2.7272856,3.709635,9.317765,4.6523123
261204205,train,1,4,2,1930.5114736468463,93.61432619359034,200.27446,254.63687,0.385,0.77,,,642,211,typical,8.710648,5.9550514,1.1248542,3.2362885
261156319,train,1,4,2,1920.1938673294403,98.443365223288,357.38016,125.87477,0.94125,0.1975,,,62,772,typical,7.111862,4.6957836,4.913618,2.4854789
261156310,train,1,4,2,1917.2876556683016,100.6860890142962,266.432,129.99957,0.7575,0.21625,,,269,756,typical,4.2696114,3.3654273,4.9964437,2.54744
261156315,train,1,4,2,1916.232393508544,97.27031110302796,302.96198,231.90923,0.865,0.6775,,,155,300,typical,6.8951426,4.6344347,4.9364247,2.4858987
261156308,train,1,4,2,1913.841129160092,98.91206508689572,239.73622,209.33199,0.62625,0.57125,,,395,399,typical,4.180414,3.6529267,4.936614,2.458728
261156302,train,1,4,2,1908.852045027072,96.07025541316712,252.97299,243.2484,0.68875,0.71375,,,333,262,typical,4.0648437,3.6282496,9.230872,4.4499702
261156290,train,1,4,2,1904.1985127315577,95.89087318390192,244.34862,232.26733,0.65625,0.67875,,,365,299,typical,2.6062636,3.5362172,9.475064,4.7472024
261156289,train,1,4,2,1907.321293794296,100.15695979806762,247.38371,298.65012,0.6675,0.87,,,355,115,typical,2.2270944,3.5800664,9.278583,4.398382
392025833,train,1,4,2,1903.7976807356197,92.56770796574231,240.27003,286.70975,0.63125,0.84625,,,391,137,typical,4.135057,3.6728508,9.303762,4.54397
261204178,train,1,4,2,1920.0313642908625,104.9797064966725,225.59003,196.93466,0.54625,0.49875,,,479,466,typical,2.0773942,10.422139,4.9558144,2.4486578
261156292,train,1,4,2,1910.9625030606496,103.14493181662289,315.0879,265.78894,0.89,0.79875,,,128,179,typical,2.897468,3.737708,9.091433,4.3584266
261204144,train,1,4,2,1907.0651567945388,116.49259340036572,196.01637,223.53595,0.35625,0.65,,,666,328,typical,2.117486,4.0160074,9.806756,5.3120317
261204147,train,1,4,2,1906.5757505425213,113.05784600821409,209.12955,233.96123,0.4425,0.68625,,,582,290,typical,1.5637155,3.884086,9.704984,4.8925757
392025820,train,1,4,2,1895.8699823385796,99.38716148840022,220.48248,274.17682,0.515,0.825,,,506,155,typical,1.8934385,3.8159153,9.714482,5.05774
392025817,train,1,4,2,1896.32033635986,101.91715182685994,214.60141,274.52292,0.47125,0.8275,,,548,153,typical,1.8673475,3.778575,9.688372,5.1073284
392025807,train,1,4,2,1890.141985623701,105.96437748222388,187.91516,225.5109,0.3075,0.66125,,,716,319,typical,1.2653567,4.104482,9.786461,5.2654214
261260005,train,1,4,2,1992.9790684386005,140.5752040408404,237.82825,250.54784,0.61875,0.7425,,,403,238,typical,8.894528,5.2125998,1.9613494,2.7260695
261257371,train,1,4,2,1981.391770084668,138.95248621827676,234.08101,237.87657,0.59,0.7,,,431,275,typical,9.432525,4.6458454,2.026925,2.2074046
261259999,train,1,4,2,1991.3124881613307,143.45473809919795,260.12448,254.15613,0.72875,0.76875,,,295,213,typical,9.107316,4.8888,1.8464619,2.7639396
261259992,train,1,4,2,1984.7523231105297,142.8777623590579,198.06607,244.02075,0.36875,0.72,,,656,257,typical,10.840766,4.899728,2.062075,2.2921906
261257363,train,1,4,2,1974.7989100080829,139.19599408432194,180.5869,262.84747,0.26125,0.79125,,,757,186,typical,10.820158,4.8407173,2.174431,1.7571982
261257346,train,1,4,2,1967.7902057784845,141.9714313543608,286.68173,218.93706,0.8275,0.61875,,,196,356,typical,11.518933,5.030932,2.304435,1.4762677
261257345,train,1,4,2,1965.410332940662,139.88052691215148,294.5434,537.76874,0.84875,0.985,,,175,13,instrument,11.552388,4.989936,2.6206925,0.9544875
261238873,train,1,4,2,1958.6758863886664,140.59235296110302,787.3121,1594.6522,0.99625,0.99875,,,5,2,both,12.41928,5.145936,2.7795877,0.79148656
261257342,train,1,4,2,1971.1190949291552,148.93754998534612,182.11307,195.14575,0.27375,0.48625,,,744,477,typical,8.287782,6.5438066,2.1654494,1.7064372
261259947,train,1,4,2,1965.906953979786,158.63038864378655,204.20984,131.80826,0.4125,0.22125,,,614,749,typical,7.654967,7.6917977,-0.69070053,2.670145
261257319,train,1,4,2,1962.4256592329425,155.782651199893,238.2316,118.918755,0.62,0.17125,,,400,799,typical,7.518929,7.8898487,-0.7220029,2.6663246
261257335,train,1,4,2,1968.2003197879535,149.11312277068518,182.15363,170.79292,0.275,0.38875,,,743,577,typical,8.515951,6.325892,2.1941676,1.6242392
261257334,train,1,4,2,1966.0166323022956,149.5522318926066,202.51636,147.25403,0.40375,0.28375,,,624,681,typical,5.759633,9.172515,2.069543,1.7512206
261257321,train,1,4,2,1954.6107729491523,146.58876150351762,518.93756,1081.9098,0.98,0.995,,,21,5,both,12.395026,5.1793604,2.746351,0.79172426
261257317,train,1,4,2,1958.581007497347,153.20536629124462,241.42905,113.13402,0.6425,0.1475,,,381,821,typical,7.529058,7.848005,3.3252118,5.427067
261257305,train,1,4,2,1950.7298371211657,156.90528941152994,407.46997,107.64949,0.96125,0.13125,,,36,838,physics,4.5099688,9.434689,4.0267043,4.961288
261238831,train,1,4,2,1944.5371084303088,155.1716624436165,344.7874,150.9509,0.9275,0.3,,,79,663,typical,6.4547434,4.1940203,4.220115,4.1969533
261238882,train,1,4,2,1953.740962827526,127.81645734942822,323.79755,765.93414,0.90125,0.99375,,,111,6,instrument,12.436154,5.153788,2.7017524,0.86506516
261238871,train,1,4,2,1956.8259979461857,139.10762909667912,753.6568,1592.4594,0.995,0.9975,,,7,3,both,12.407072,5.1680737,2.7932425,0.80425245
261238863,train,1,4,2,1952.0967804520317,139.8148773150313,693.92523,1728.9814,0.9925,1.0,,,9,1,both,12.46138,5.1244907,2.777242,0.8087066
261238850,train,1,4,2,1942.99852100081,139.3908677835718,255.1705,533.68243,0.70375,0.98375,,,318,14,instrument,4.209943,4.332958,2.8089716,0.8090731
261236207,train,1,4,2,1942.8904115937855,129.5642017819124,310.90894,244.5445,0.885,0.72125,,,132,255,typical,4.3177624,3.5016553,4.8619933,2.455217
261236212,train,1,4,2,1942.2420345759808,125.2598177165782,438.81805,368.39648,0.96875,0.93125,,,30,58,physics,6.987612,4.7424283,4.754842,2.4916925
261236204,train,1,4,2,1935.7010758494007,127.09116473461248,295.30402,181.97342,0.8525,0.42625,,,172,538,typical,4.1478214,3.5023057,4.995941,2.4266443
261236197,train,1,4,2,1934.2589382333545,132.7628712759716,227.80615,113.24158,0.55875,0.14875,,,465,820,typical,2.3647234,10.743049,8.840986,4.218872
261236189,train,1,4,2,1931.4542700495251,134.85184849685157,193.63882,113.5023,0.34125,0.15125,,,679,818,typical,1.109488,4.294176,8.872829,4.335005
261236178,train,1,4,2,1928.8629428502552,137.01349999196873,229.51897,74.75807,0.5675,0.04375,,,456,945,typical,0.9750488,5.309753,9.022916,5.94523
261238861,train,1,4,2,1952.322724261617,142.6597818166556,579.0046,1380.3398,0.98875,0.99625,,,12,4,both,12.43068,5.1492047,2.818406,0.78451884
261238849,train,1,4,2,1943.7207645317833,142.561970645081,286.19818,264.86575,0.82625,0.79625,,,197,181,typical,3.4583817,3.3813708,2.7821383,0.79055643
261238840,train,1,4,2,1945.731161111574,151.56816491587364,293.2106,206.76666,0.8425,0.555,,,181,415,typical,4.22569,9.4553585,4.2565913,3.9451888
724118541,train,1,4,2,1943.0178605376975,149.40862227590537,122.70477,187.81143,0.00625,0.4475,,,995,516,typical,6.5640574,5.61462,4.2843876,3.9464889
261238822,train,1,4,2,1937.5073243494392,153.91576980232742,359.1365,407.6604,0.9425,0.95,,,61,42,instrument,6.4202824,4.213173,4.320504,3.958989
261238815,train,1,4,2,1931.0278137542207,150.13764884679236,257.1402,524.5725,0.71625,0.98125,,,308,16,instrument,6.137002,4.1123967,4.3928733,3.9177094
261236164,train,1,4,2,1921.3693888302669,142.77734499497564,136.88094,105.44838,0.03375,0.1225,,,969,850,typical,0.54287773,5.6109185,8.789806,6.6252637
261236161,train,1,4,2,1923.2006058888016,145.26787832047648,126.50935,105.88986,0.01375,0.1275,,,989,845,typical,0.43142748,5.3994474,8.799116,6.5672827
261236155,train,1,4,2,1920.4641692051491,146.6437602976687,136.77663,84.074356,0.03125,0.06625,,,972,917,typical,0.46232164,5.81918,8.829281,6.3283296
261236154,train,1,4,2,1920.90797719028,147.18637610067233,140.97522,65.67126,0.0475,0.0225,,,957,971,typical,0.47014835,5.5992136,8.849485,6.307572
261259927,train,1,4,2,1958.7205529411356,165.57162341909924,324.5673,143.0329,0.90625,0.26375,,,106,702,typical,2.6979442,10.35597,3.8470035,5.192636
261259919,train,1,4,2,1959.6302284210944,168.47087149406974,427.09293,149.66054,0.96625,0.29125,,,32,671,physics,4.671233,5.811726,4.135726,5.2659717
261259918,train,1,4,2,1957.9768384088816,167.71386245616898,347.3502,151.19337,0.9325,0.30125,,,75,662,typical,4.816422,5.7182193,4.007127,5.241566
261257295,train,1,4,2,1945.9265060089665,160.7950757592242,261.19702,141.48412,0.7325,0.25625,,,292,711,typical,4.191408,9.490535,4.0391054,4.781276
261257289,train,1,4,2,1947.552310776641,166.7067216580584,225.47537,169.38522,0.5425,0.3825,,,482,584,typical,4.054803,9.466217,4.0066223,5.016937
261257282,train,1,4,2,1944.204385251244,169.4391396307561,269.34573,175.29208,0.76625,0.40625,,,259,558,typical,6.5873423,4.1790833,4.0239697,4.7728467
261259901,train,1,4,2,1953.637459185614,176.10084208629902,272.27667,207.35143,0.78375,0.55875,,,241,412,typical,4.1639643,9.439167,4.9617233,6.1284323
261257263,train,1,4,2,1940.741619858095,178.15068963523353,236.01997,157.55215,0.60625,0.33,,,415,635,typical,8.284807,4.8914585,3.45015,3.9148815
261257275,train,1,4,2,1942.8996082337103,172.5998139349386,305.28738,141.68222,0.87,0.26,,,149,708,typical,8.9447975,4.4327617,3.9627416,4.45817
261257256,train,1,4,2,1930.5421862767823,170.76503859576158,285.5248,344.6086,0.825,0.915,,,198,71,typical,6.3158164,4.1242757,4.577902,4.122164
261257248,train,1,4,2,1927.7147785343664,174.29165139050747,232.25775,254.06099,0.58125,0.7675,,,440,214,typical,5.94961,4.049345,4.7008805,4.170231
261257242,train,1,4,2,1924.928888699019,175.56316459688995,232.86989,219.70874,0.58375,0.63,,,437,347,typical,5.6872478,4.020496,4.739616,4.2132974
261257238,train,1,4,2,1925.4316778390016,179.59042286773013,261.90445,205.33897,0.73625,0.55125,,,288,418,typical,2.597895,10.916636,4.7726727,4.2736473
261238813,train,1,4,2,1934.309795117678,155.7600037441529,341.06964,517.3641,0.92375,0.97875,,,84,18,instrument,6.2735267,4.0716696,4.317646,3.972025
261238800,train,1,4,2,1931.4420893967267,162.17756820747056,283.3091,329.98508,0.81625,0.90875,,,205,78,typical,6.120017,4.0448895,4.40515,4.0337014
261238789,train,1,4,2,1923.7643701370596,161.30837807127324,281.86288,125.55269,0.81375,0.19625,,,207,773,typical,4.6384735,4.0492306,4.553877,3.9590783
724118860,train,1,4,2,1919.1712090029257,157.58925529567094,278.07947,73.076935,0.79375,0.04125,,,227,949,typical,4.5807676,4.053866,4.848213,4.1401725
261236134,train,1,4,2,1912.4405154060364,152.92494038289465,234.45355,87.40346,0.595,0.07125,,,427,908,typical,4.5467973,3.8686743,7.2223997,4.1689205
261236126,train,1,4,2,1908.8754747720116,154.2171405234157,205.59904,68.362434,0.4225,0.0275,,,605,965,typical,3.2761884,4.297003,7.211344,4.1120467
261236104,train,1,4,2,1905.220076993393,160.9238331024275,216.17268,122.64572,0.485,0.17625,,,536,791,typical,4.08989,3.601589,6.5582757,5.4347157
261238771,train,1,4,2,1924.2117162811865,172.45371959840577,232.97331,217.0045,0.58625,0.61125,,,435,364,typical,5.733944,4.00541,4.7260947,4.2204723
261238768,train,1,4,2,1921.8861714505135,170.64205136711146,232.95369,252.32207,0.585,0.76,,,436,221,typical,5.6395407,3.966983,4.7540703,4.174886
261238765,train,1,4,2,1918.3994635944016,169.00437476896215,227.89777,162.88852,0.56,0.35375,,,464,611,typical,4.71049,3.7927883,4.8421807,4.265203
261236073,train,1,4,2,1899.814531699624,175.87324541236146,197.92671,208.37607,0.3675,0.56875,,,657,403,typical,2.3772178,8.676781,5.6567645,6.1671386
261236069,train,1,4,2,1893.081079534776,170.9538678807443,211.26787,256.47177,0.45625,0.77625,,,567,204,typical,2.1649735,8.317364,6.240313,5.79145
261206566,train,1,4,2,1929.877017083144,128.1108194379537,218.13673,111.40688,0.5,0.1425,,,521,826,typical,4.028802,3.5783374,8.738348,4.055569
261206573,train,1,4,2,1929.141104005938,123.32207315871196,224.61594,207.24207,0.53625,0.5575,,,488,413,typical,2.2094047,4.022258,5.0731125,2.4783041
261206563,train,1,4,2,1924.5058783698944,126.38083572393388,256.9888,155.14638,0.71125,0.3175,,,312,646,typical,4.264657,5.016615,9.298654,4.6039166
261206551,train,1,4,2,1920.650402236,131.34608543507653,219.47174,123.220726,0.51,0.18125,,,510,786,typical,1.2217764,4.130117,9.521264,6.0938005
261204146,train,1,4,2,1913.4829119531664,121.53345885936912,204.65034,185.8206,0.41625,0.435,,,610,528,typical,1.2794114,4.071764,9.744986,5.6454005
261204136,train,1,4,2,1905.726776355055,121.9884873705145,150.51294,178.0825,0.08,0.415,,,928,548,typical,0.772124,4.7893214,9.779721,5.7659874
261206547,train,1,4,2,1912.555313810767,128.4443828012108,154.93393,129.62416,0.09875,0.21125,,,910,760,typical,1.1966503,4.397066,9.473163,6.1394753
261206542,train,1,4,2,1918.15788125801,137.7958694527803,125.81557,113.32276,0.01125,0.15,,,991,819,typical,0.4397222,5.346232,9.331871,6.16856
261206539,train,1,4,2,1910.621039979412,133.6612533487944,129.19812,126.29562,0.01625,0.2,,,987,770,typical,0.46818948,5.2636447,9.214087,6.3998094
261206528,train,1,4,2,1909.8584700801375,140.4218090231673,129.2247,58.83916,0.0175,0.01,,,986,987,typical,0.37385193,5.5386696,8.607168,6.0192165
261206530,train,1,4,2,1913.8790094817116,144.48090727164572,670.7553,102.1893,0.99125,0.10875,,,10,863,physics,4.4551535,5.900778,8.632204,6.525422
261236138,train,1,4,2,1911.263886027745,147.2775496903215,214.76427,145.26657,0.4725,0.27375,,,547,694,typical,1.337572,10.074587,7.1893325,3.845222
261206534,train,1,4,2,1908.3691965289263,135.5637662105605,179.98755,129.93513,0.25875,0.215,,,759,757,typical,3.50787,4.987618,8.900036,6.61316
261206526,train,1,4,2,1903.5364637467685,134.5061781563738,139.66891,96.91916,0.0425,0.08875,,,961,882,typical,0.5984271,5.930404,8.853523,6.589641
261204107,train,1,4,2,1900.684519106779,136.60887837175673,122.733025,101.45032,0.0075,0.1075,,,994,864,typical,0.4383549,5.9853773,8.778411,6.6578984
261156262,train,1,4,2,1894.263770826992,118.81039691763814,157.37401,78.12435,0.105,0.04875,,,903,940,typical,0.9025021,4.5095496,9.099653,5.9809175
261156257,train,1,4,2,1891.429222156547,119.33211821058453,145.81635,76.28302,0.05875,0.04625,,,946,943,typical,0.74134547,4.7750874,9.1575985,5.9808764
261204111,train,1,4,2,1892.1350979711765,125.97504452734442,234.28172,67.55931,0.59125,0.025,,,430,967,typical,2.481436,10.616263,8.880203,6.3724093
261204102,train,1,4,2,1891.1083727302769,127.86743151891426,249.09944,62.45865,0.68,0.01625,,,343,979,typical,2.5859096,10.526007,8.768433,6.4662857
261156251,train,1,4,2,1883.7750427365177,115.85979717398396,160.80637,152.9672,0.12375,0.31,,,886,652,typical,0.80308586,4.6358757,9.687775,6.020227
392025793,train,1,4,2,1882.7241337884543,111.96413524759896,139.1412,166.59059,0.04,0.37125,,,963,594,typical,0.48282367,5.25782,9.759523,5.9950123
392025792,train,1,4,2,1882.5434306065515,112.31155905042128,160.05339,162.28049,0.11625,0.35,,,892,615,typical,1.5376129,4.3553023,9.706792,6.043801
261156244,train,1,4,2,1879.1618226113656,117.13993857757735,154.72975,164.35602,0.09625,0.3625,,,912,604,typical,0.66257447,5.138815,9.795759,5.9577684
261156236,train,1,4,2,1880.2646105505603,125.49429778267886,159.70076,133.33162,0.115,0.2275,,,893,743,typical,3.0007641,4.858874,8.54001,6.748004
261156227,train,1,4,2,1875.2830963008385,124.50635249838317,132.47372,103.58178,0.0225,0.115,,,981,857,typical,0.4078858,6.145688,8.574654,6.796342
261204084,train,1,4,2,1884.5117478281927,132.78182517721856,183.15526,115.9157,0.28125,0.16125,,,738,807,typical,1.1531248,9.547933,7.3188353,7.4205556
261156216,train,1,4,2,1875.7576429398823,134.8374780503811,162.59877,187.56538,0.1325,0.44375,,,878,519,typical,0.7152863,7.1546664,7.3170567,7.3605866
261156224,train,1,4,2,1875.481010238898,128.17452241832018,133.57782,150.65991,0.02375,0.29875,,,980,664,typical,0.3500864,6.149942,7.4445806,7.375108
261156207,train,1,4,2,1867.8221204937583,130.88614099616646,158.70502,198.10818,0.11125,0.5075,,,897,458,typical,0.88910913,7.4400773,7.2934775,7.3813567
261206521,train,1,4,2,1908.3432648496375,148.22104721527936,269.875,139.42111,0.77,0.24875,,,256,720,typical,2.4578168,10.350965,7.2231073,4.0570827
261206511,train,1,4,2,1905.777206048728,151.4263907748689,1093.82,69.76413,0.99875,0.03375,,,2,959,physics,4.467677,6.0478373,7.224949,4.4269342
261236119,train,1,4,2,1905.1163813797743,152.37330262422688,411.90805,82.79386,0.96375,0.06,,,34,922,physics,4.6795645,5.878483,7.2414484,4.22867
261206507,train,1,4,2,1900.698287664923,149.31806078532546,281.14706,98.99428,0.81,0.09875,,,213,872,typical,2.2642956,3.6420653,7.2308044,4.2448535
261206500,train,1,4,2,1896.03493775229,149.58780479872163,236.31996,105.66528,0.61,0.125,,,411,848,typical,4.212628,3.7686198,6.4573703,5.6619673
261206503,train,1,4,2,1902.4148411884012,154.78066515233,163.2307,139.84279,0.1375,0.2525,,,872,716,typical,-0.3881563,7.4033933,7.259011,4.1594777
261236102,train,1,4,2,1900.467724991635,159.51842883345032,284.19254,133.87836,0.81875,0.23,,,203,741,typical,2.5487187,10.877084,6.7699804,5.2759757
261206486,train,1,4,2,1895.016902484188,158.91060326603346,331.43774,126.13724,0.91,0.19875,,,100,771,typical,1.7497557,3.9322681,6.629232,5.412768
261206479,train,1,4,2,1888.281717661266,158.71695528089634,352.4384,283.3511,0.93875,0.84,,,67,142,typical,4.4863343,5.530703,6.491974,5.580535
261206492,train,1,4,2,1889.1128312952917,148.09389616186596,249.18024,139.59161,0.68125,0.25,,,342,718,typical,2.3957384,9.4392805,6.2474475,5.7399907
261204077,train,1,4,2,1888.2614712487173,145.22610857774177,236.43321,120.443665,0.61375,0.1725,,,408,796,typical,2.262456,9.345682,6.350008,6.253624
261204070,train,1,4,2,1882.3650866784492,145.0415141298535,227.31306,172.6929,0.55375,0.395,,,469,571,typical,2.3505127,9.452285,6.3844137,6.6348405
261204065,train,1,4,2,1883.1961553944284,150.7511795569016,208.46724,150.4368,0.43875,0.2975,,,585,665,typical,4.326044,3.7815444,6.4201775,6.330449
261204060,train,1,4,2,1881.5856800954743,152.12336684723007,244.34912,160.2604,0.6575,0.34375,,,364,622,typical,4.3604627,3.7928824,6.5227757,5.6335096
261206472,train,1,4,2,1884.921427589707,162.60236602687806,338.33755,238.31676,0.91875,0.7025,,,91,273,typical,2.3411415,10.813447,6.4846134,5.6100464
261206465,train,1,4,2,1882.0314111037587,165.12314879705627,209.18948,209.59837,0.44375,0.575,,,581,396,typical,2.43291,8.413154,6.4853153,5.6071734
261206452,train,1,4,2,1881.1965234831391,172.5431102395549,364.20154,150.04532,0.94625,0.29625,,,57,666,typical,5.4593925,9.758875,6.371436,5.775803
261206449,train,1,4,2,1879.7076097564773,172.15524073544253,385.79657,127.437355,0.9525,0.2075,,,46,763,physics,5.4066896,9.774302,6.403643,5.796293
261206471,train,1,4,2,1880.664260195596,158.6890872553724,246.78613,214.29741,0.6625,0.605,,,359,372,typical,2.4193075,3.4851,6.5414467,5.5760555
261204033,train,1,4,2,1875.2100200338791,159.6286344347471,216.40715,225.13226,0.48625,0.65875,,,534,321,typical,0.5461442,7.552307,6.54117,5.6459956
261206459,train,1,4,2,1873.79396856624,161.28943004812228,173.15535,222.9618,0.21,0.6475,,,806,331,typical,1.2935896,7.6943684,6.4989853,5.6320047
261206450,train,1,4,2,1871.9920984672235,162.9330035911953,185.73555,249.46027,0.29625,0.73875,,,726,241,typical,1.3874019,7.8488655,6.6089625,7.2997584
261206443,train,1,4,2,1873.2810481795457,168.93386588316682,253.46107,146.66449,0.69,0.2825,,,330,684,typical,0.76681244,8.375027,6.5745187,7.311747
261206428,train,1,4,2,1865.3428691495185,168.85121164989437,310.08688,252.523,0.8825,0.7625,,,136,219,typical,0.37919864,7.9104695,6.393073,7.608802
261204019,train,1,4,2,1863.2474120780864,163.91096728884875,226.77443,227.99088,0.55,0.66375,,,474,314,typical,0.3227571,7.8096657,6.34862,7.6996036
261204011,train,1,4,2,1863.0449065149471,168.30166331448902,246.45941,238.83138,0.66125,0.70375,,,360,272,typical,0.41891673,7.9328895,6.3534474,7.6819916
261204062,train,1,4,2,1875.7679129742392,143.49627727214718,185.69478,228.51227,0.295,0.66875,,,727,310,typical,1.0834166,7.7622538,6.4989033,7.345326
261204058,train,1,4,2,1875.8039321538324,146.78169711149894,198.90733,186.9497,0.37375,0.44125,,,651,522,typical,1.1239117,7.8398075,6.461332,7.1117134
261204055,train,1,4,2,1873.945828457684,145.8248043027235,248.67413,219.13058,0.675,0.6225,,,347,353,typical,0.39694956,7.891272,6.5470037,7.236043
261204048,train,1,4,2,1873.0602314553248,149.6850807202617,329.27576,185.1639,0.90875,0.43375,,,101,530,typical,1.5137091,3.9974446,6.589223,7.2668657
261204037,train,1,4,2,1868.2530464604577,149.7730468789489,218.43018,193.9434,0.505,0.475,,,516,486,typical,1.4639235,4.107774,6.65354,7.3783035
261156167,train,1,4,2,1856.7803779978171,150.476892149494,164.34102,131.00827,0.15,0.21875,,,860,752,typical,3.1169903,4.927041,6.0946283,7.140246
261156170,train,1,4,2,1854.1917874011217,142.8913875179058,244.19557,153.22855,0.655,0.31125,,,366,651,typical,2.4504187,9.5322075,5.3261786,6.449206
261156169,train,1,4,2,1856.6128382349573,146.96641749364304,253.89801,126.751,0.695,0.20375,,,326,767,typical,2.580818,9.498546,6.337139,7.5587993
261204023,train,1,4,2,1859.4500967148144,156.89174221351908,202.20331,163.72354,0.39875,0.36,,,628,606,typical,0.28764373,7.8168488,6.3601465,7.658123
261204022,train,1,4,2,1860.044897144816,158.7842772311679,213.10187,224.19974,0.46375,0.65375,,,558,325,typical,1.9059592,9.927299,6.3381605,7.744797
261204013,train,1,4,2,1855.8964725439064,158.2879898064386,205.90736,208.10576,0.42375,0.5675,,,601,404,typical,0.39446822,7.823052,6.180946,7.8950324
261204006,train,1,4,2,1854.8017553954855,162.3629018411018,238.69963,263.76172,0.62125,0.79375,,,399,184,typical,0.3155747,7.8848953,6.11832,7.934517
261204000,train,1,4,2,1850.3085292121148,164.63501539612528,203.27594,265.30142,0.405,0.7975,,,621,180,typical,0.57655907,8.687482,6.0869184,7.977722
261156130,train,1,4,2,1848.669893772848,162.17901046952832,202.29854,270.77313,0.40125,0.81875,,,626,160,typical,0.65788084,8.511927,6.0719795,7.980712
261156152,train,1,4,2,1849.3876066684516,151.3164500096827,535.7674,228.14238,0.98375,0.665,,,17,313,physics,4.5924635,5.8895173,6.1729035,7.9038396
261156135,train,1,4,2,1846.306290379087,156.4396944403642,220.29771,288.89218,0.5125,0.8525,,,508,131,typical,0.6247144,8.222078,6.05457,7.998226
261156137,train,1,4,2,1845.6599986694932,154.21191269132393,193.22945,172.79422,0.33875,0.39625,,,682,570,typical,0.63204885,8.481622,6.101571,7.957307
261156142,train,1,4,2,1846.9060960501336,153.88806697067585,211.28578,170.80223,0.4575,0.39,,,566,576,typical,0.746548,8.502685,6.0162077,8.027545
261156134,train,1,4,2,1841.2260937890308,151.1893149984885,199.2268,126.484535,0.3775,0.2025,,,648,768,typical,0.10491431,7.96901,4.4903026,7.7500167
392025690,train,1,4,2,1838.20227993677,151.81561476286512,166.65286,104.0623,0.165,0.1175,,,848,855,typical,-0.03603346,8.268546,4.474876,7.72969
261156118,train,1,4,2,1836.4748600798357,154.78897728635792,145.84709,198.26802,0.06,0.50875,,,945,457,typical,-0.13383362,8.475649,5.165055,8.422603
261156111,train,1,4,2,1836.8955739992273,159.11122093500006,157.58398,204.44527,0.10625,0.54375,,,902,424,typical,-0.1033507,8.333965,5.2205815,8.455091
392025890,train,1,4,2,1924.6476795415904,62.633002141323125,147.64143,255.20943,0.065,0.7725,,,940,209,typical,8.559151,7.2283993,-1.1150006,2.881755
392013348,train,1,4,2,1914.863356019236,59.415508175052615,135.57121,221.16689,0.02875,0.63875,,,974,340,typical,8.492649,7.131445,-0.37633777,2.5700257
392025878,train,1,4,2,1922.103994336922,66.05749609683966,141.37938,225.04921,0.05,0.65625,,,955,323,typical,8.642536,7.104024,-0.61108416,2.6630602
392013333,train,1,4,2,1909.5325718663355,68.50768757042233,160.31094,235.26039,0.1175,0.6925,,,891,284,typical,8.668054,6.207914,0.7894894,2.924764
392013345,train,1,4,2,1909.154163568307,54.46705510636436,151.17458,229.72888,0.08125,0.67125,,,927,306,typical,8.620672,7.220885,-0.49071506,2.651507
392013341,train,1,4,2,1908.551355317577,59.334484453706885,152.0106,203.68425,0.08375,0.535,,,925,431,typical,8.72771,7.0911756,-0.38520113,2.583929
261139750,train,1,4,2,1905.7490033964425,54.15987023788747,147.90488,219.66649,0.06625,0.6275,,,939,349,typical,8.307989,6.9400287,-0.4000195,2.5957274
261139746,train,1,4,2,1904.0074013510357,56.15417439357247,146.0605,223.40515,0.06125,0.64875,,,944,329,typical,8.635547,6.9550347,-0.49289587,2.6540432
392013328,train,1,4,2,1897.397911947488,64.23101174077576,179.30707,213.06181,0.2525,0.59625,,,766,379,typical,8.609641,6.1427565,1.2718935,3.224521
392025859,train,1,4,2,1911.5904208842849,71.79078556494287,168.87448,170.21649,0.18375,0.3875,,,832,579,typical,8.6440115,6.144496,0.8136207,2.9068398
261137346,train,1,4,2,1887.6810193989024,49.680417902098824,169.70113,204.71452,0.19125,0.54625,,,825,422,typical,8.864423,6.550733,1.3804294,3.2053423
261137332,train,1,4,2,1882.1871882522096,53.66635804031595,225.55629,194.83813,0.545,0.48125,,,480,481,typical,7.6554427,5.4644303,1.5251302,3.3059971
261139728,train,1,4,2,1891.7530305150428,57.89727929248606,164.2001,211.31761,0.14875,0.5875,,,861,386,typical,8.715549,6.226488,1.5913382,3.2261868
261139726,train,1,4,2,1888.131059754518,56.73267325940422,182.045,189.09647,0.2725,0.45375,,,745,511,typical,8.81054,6.18271,1.4960926,3.1484988
261139710,train,1,4,2,1886.6932085610424,63.558872827836616,293.9904,200.797,0.845,0.52,,,179,446,typical,8.562468,4.8267083,1.6275429,3.2622879
261139716,train,1,4,2,1885.676728881132,58.506772989255246,218.82967,210.86334,0.5075,0.58625,,,513,387,typical,5.7631893,9.154325,1.6073139,3.2920418
261139707,train,1,4,2,1880.279359140246,59.13256586500705,284.65714,189.73668,0.82125,0.45625,,,201,506,typical,7.248081,5.2039747,1.5200102,3.3665447
261137334,train,1,4,2,1879.3059348873655,49.42992950606468,204.91924,239.46758,0.41875,0.705,,,608,271,typical,7.388662,5.8029594,1.1936413,3.3351781
261137328,train,1,4,2,1881.067621061835,54.10888509364324,206.39804,198.81474,0.42625,0.51125,,,598,454,typical,8.346788,5.668491,1.5508418,3.314359
261137322,train,1,4,2,1873.185952163722,50.13918627849915,233.33842,220.39023,0.5875,0.635,,,434,343,typical,7.0815415,5.6651845,0.6803195,3.4423642
261137319,train,1,4,2,1872.7286868627511,51.219008159873376,264.27737,240.83913,0.75,0.7075,,,276,268,typical,8.208929,5.1694794,0.57103986,3.5045722
261137306,train,1,4,2,1863.389696863547,54.3502165715234,264.49457,180.44594,0.75125,0.42,,,275,544,typical,4.1317964,4.7982316,9.62057,3.9659553
724120058,train,1,4,2,1876.7047275037892,67.85295492750096,191.5282,82.7414,0.32625,0.05875,,,694,923,typical,0.23997974,5.6733756,9.434414,4.9077673
261139703,train,1,4,2,1880.6818095122703,63.38536531597893,322.23886,83.708786,0.89875,0.06375,,,114,919,typical,7.026818,4.8333683,1.7492095,3.293546
261139695,train,1,4,2,1874.9648022259723,68.86739703768419,265.75766,141.50577,0.75625,0.2575,,,271,710,typical,2.5573921,10.57932,9.58239,4.9349627
261139693,train,1,4,2,1874.7315655880889,69.89047396332421,240.49667,138.09119,0.63375,0.24125,,,389,729,typical,2.6939232,10.731275,9.536733,4.92843
261139684,train,1,4,2,1873.620222649508,76.25093563377325,216.61833,156.37645,0.4875,0.32375,,,533,640,typical,2.2043004,3.9325821,9.596043,4.960378
261137307,train,1,4,2,1867.9416338090607,60.006221437867865,231.57436,103.27759,0.57625,0.11375,,,446,858,typical,3.544414,4.5851173,9.692978,4.0301156
261137291,train,1,4,2,1862.0391473661437,68.04279602473497,266.97482,180.52016,0.75875,0.42125,,,268,543,typical,9.201909,4.2621245,9.8621855,4.5113215
392025828,train,1,4,2,1895.9785739608155,86.8452562451241,270.42343,234.01271,0.77125,0.6875,,,253,289,typical,2.8306065,3.633422,9.444077,4.122949
392025827,train,1,4,2,1893.837414175577,89.50871627413001,246.1881,270.54993,0.66,0.81625,,,361,162,typical,2.4472895,3.743867,9.488562,4.2893724
392013297,train,1,4,2,1891.888208249665,83.99167506155884,279.02048,287.03888,0.79875,0.85,,,223,134,typical,3.4155698,4.0648293,9.524068,3.7473536
392025816,train,1,4,2,1889.5030027220828,94.5579417948522,243.82437,233.70709,0.65,0.68375,,,370,293,typical,2.5056322,3.7386825,9.653545,4.9534574
392025814,train,1,4,2,1886.6872947040888,92.81489123795834,209.83664,243.79384,0.44875,0.71875,,,577,258,typical,2.7370083,3.5354366,9.648926,4.91581
392013292,train,1,4,2,1883.920980372442,80.3132313181746,243.80757,208.04741,0.64875,0.565,,,371,406,typical,4.1714473,3.9862235,9.488224,4.0708456
392013276,train,1,4,2,1878.12671138158,85.09282279087526,521.57666,196.11882,0.98125,0.49625,,,19,468,physics,4.5505233,5.7831273,9.617015,4.7869663
392013277,train,1,4,2,1880.0549063535211,86.98006002280651,224.54715,201.26134,0.535,0.525,,,489,442,typical,1.7491958,3.8312452,9.625854,4.282588
261139673,train,1,4,2,1869.9201276193576,84.78088132277266,215.71973,196.26675,0.48,0.4975,,,540,467,typical,1.9425788,3.8553421,9.70119,4.392904
392025811,train,1,4,2,1889.1454544520743,99.8658427784704,240.85236,270.61868,0.6375,0.8175,,,386,161,typical,1.8375007,3.7158513,9.726175,5.149878
392025804,train,1,4,2,1882.1737914270689,100.07541713294044,201.74095,246.62569,0.39625,0.7275,,,631,250,typical,1.4643801,3.8889513,9.741432,5.317155
392025799,train,1,4,2,1877.0130945875517,102.32953401815548,154.72308,207.6519,0.095,0.56125,,,913,410,typical,1.0760031,4.4322476,9.803107,5.755703
392013245,train,1,4,2,1864.1667963500745,98.45132778281966,175.21663,194.36911,0.22125,0.47875,,,796,483,typical,1.1879059,4.2267804,9.64452,5.888514
392013250,train,1,4,2,1861.9414233033615,93.97829299510218,173.80261,216.21928,0.2125,0.60875,,,804,367,typical,1.0101953,4.3581243,9.789406,5.6583753
392013232,train,1,4,2,1856.7094540948751,102.27228357836464,135.17336,152.56659,0.02625,0.30625,,,976,655,typical,1.2125256,4.5860667,8.898371,6.544807
261139663,train,1,4,2,1865.322373409735,84.73630113408505,220.07356,219.72623,0.51125,0.63125,,,509,346,typical,1.483778,3.8971684,9.85977,5.4886327
261139655,train,1,4,2,1862.5372511338576,89.8466701384805,179.41289,219.04091,0.255,0.62,,,764,355,typical,1.2028551,4.13679,9.751031,5.7014093
261139658,train,1,4,2,1859.263480438756,84.17916694130338,204.97446,221.36562,0.42,0.64,,,607,339,typical,1.4876568,3.9320486,9.830785,5.627331
261137263,train,1,4,2,1849.475781992762,76.75600578593296,226.8565,209.43922,0.55125,0.57375,,,473,397,typical,0.8549718,5.455611,9.852374,5.0896363
261137269,train,1,4,2,1850.4676259705377,74.7497918604376,170.4713,211.66776,0.19625,0.58875,,,819,385,typical,3.2005796,4.8236337,9.834941,5.0645227
261139652,train,1,4,2,1851.948105114766,81.91810844812552,177.13644,181.32019,0.23875,0.42375,,,782,540,typical,1.5430083,4.003642,9.690655,5.685534
261139640,train,1,4,2,1853.4155444627484,92.82216124639454,208.65016,202.26056,0.44,0.52875,,,584,439,typical,1.3045319,4.0048366,9.7477665,5.851184
261139643,train,1,4,2,1850.9106891446863,88.39585527894415,191.70935,195.4765,0.33,0.4875,,,691,475,typical,2.0599906,3.9895403,9.636231,5.70811
261139636,train,1,4,2,1851.497060982122,91.76686957997116,208.44073,159.909,0.4375,0.3425,,,586,623,typical,1.4664698,3.8781693,9.558223,5.858314
261139623,train,1,4,2,1844.1256443022935,90.72015831923794,225.47534,109.33846,0.54125,0.13875,,,483,830,typical,0.8554173,5.7269077,9.671527,5.979724
261139628,train,1,4,2,1844.921115065996,88.46885043569583,214.44652,171.78783,0.47,0.3925,,,550,574,typical,0.94474554,5.611494,9.634583,5.771647
261137233,train,1,4,2,1833.2100825225152,87.20075647103795,193.14989,102.42384,0.3375,0.11,,,683,861,typical,3.576159,5.1289883,9.948737,4.541883
261108743,train,1,4,2,1858.3921413953665,44.25066892537351,314.41327,213.27448,0.88875,0.59875,,,129,377,typical,4.7025576,5.422982,7.1574717,3.3365695
261108738,train,1,4,2,1860.6753181762692,50.49396865841205,225.7708,184.73756,0.5475,0.43,,,478,533,typical,3.8873372,4.7202687,7.175131,3.2591736
261108731,train,1,4,2,1857.1832047863277,51.821002125863174,235.26036,202.6464,0.6025,0.53,,,420,437,typical,3.8568015,4.811645,7.2630634,3.436121
261108725,train,1,4,2,1853.520171706992,48.057376441223184,281.74542,244.83873,0.81125,0.7225,,,209,254,typical,3.8157675,5.1768365,7.245267,3.2923183
261108732,train,1,4,2,1855.098630008096,48.07742939774586,271.27896,335.5035,0.77875,0.9125,,,245,74,typical,2.4704251,10.528316,7.2287803,3.3542817
261108717,train,1,4,2,1849.503471710684,53.18703309772674,236.32794,115.14352,0.61125,0.1575,,,410,811,typical,3.4318805,4.4534435,9.311521,4.099254
261106420,train,1,4,2,1855.9839994536976,39.746121072355784,271.052,369.1064,0.775,0.9325,,,248,57,typical,4.804301,5.3761644,7.086716,3.1173408
261108741,train,1,4,2,1856.3397397617307,42.00906778522671,318.13422,266.15274,0.89375,0.8,,,122,178,typical,4.6274476,5.556559,7.194095,3.2907276
261106410,train,1,4,2,1852.6031884261956,39.37738385859193,311.47055,257.5216,0.88625,0.77875,,,131,200,typical,4.729282,5.4133973,7.1235833,3.1726093
261106400,train,1,4,2,1849.3600887881744,43.86762394170439,254.48209,237.1366,0.7,0.69875,,,321,277,typical,3.7718601,4.7253537,7.2134566,3.416257
261106385,train,1,4,2,1839.0049462977272,48.72822284532671,182.61806,223.89569,0.2775,0.6525,,,741,326,typical,1.0957861,4.992686,9.399287,4.323244
261137293,train,1,4,2,1856.983532233875,59.23152921350641,286.85736,187.16344,0.83,0.4425,,,194,521,typical,5.3366823,5.3381925,9.734899,4.1403894
261108710,train,1,4,2,1847.3208134721924,61.51085179445651,217.06598,269.66077,0.49,0.81375,,,530,165,typical,2.4837,4.021334,9.757292,4.383976
261106382,train,1,4,2,1836.8785583997112,52.90488392061687,225.09084,268.65048,0.53875,0.81125,,,485,167,typical,3.2529106,4.185998,9.599002,4.3989563
261108704,train,1,4,2,1840.4732535010305,56.78080611288054,200.90402,243.33978,0.3875,0.71625,,,638,260,typical,2.3029094,4.0462675,9.82092,4.243754
261108692,train,1,4,2,1835.800211442668,62.55443237083703,198.94148,309.85593,0.375,0.89,,,650,97,typical,2.211278,3.9175012,9.837086,4.3958945
261106365,train,1,4,2,1827.1082562916115,56.70119221242322,248.45923,433.09265,0.67375,0.96125,,,349,32,instrument,3.352886,4.2676477,9.623806,3.671911
261091736,train,1,4,2,1828.3982761966888,35.25166988988172,257.57748,141.33354,0.72,0.255,,,304,712,typical,3.6959915,5.0450263,8.482871,4.2339635
261091730,train,1,4,2,1828.857633341859,38.62673135798333,337.66006,164.72826,0.9175,0.365,,,92,602,typical,1.8328795,10.509057,9.073157,4.195127
261091732,train,1,4,2,1831.1312862217153,40.213941482638155,234.43777,145.99477,0.59375,0.27625,,,428,692,typical,3.5402565,4.731049,8.857854,4.123346
261091735,train,1,4,2,1829.0822435728371,36.98500873446161,166.40256,121.337204,0.16,0.175,,,852,794,typical,0.9476285,4.9975243,8.581074,4.195504
261091731,train,1,4,2,1831.3478278242017,41.44854987624381,203.33456,155.44415,0.40625,0.31875,,,620,645,typical,1.0854969,4.9695425,9.172431,4.164871
261106377,train,1,4,2,1830.424167390075,45.7521624666192,213.17545,193.90857,0.465,0.47375,,,557,487,typical,2.8336544,3.5391304,9.110204,4.1945143
261091723,train,1,4,2,1828.4745709794183,40.95143253662169,194.3873,146.38696,0.34375,0.28,,,677,687,typical,2.877593,3.5506737,9.020496,4.172618
261091712,train,1,4,2,1824.482586548772,43.45937919095368,230.22026,199.50821,0.57,0.5125,,,453,453,typical,3.1839795,3.9948575,9.137365,4.1020155
261091710,train,1,4,2,1823.522997237431,43.407060799922405,230.98357,200.09125,0.575,0.51625,,,447,449,typical,3.0607207,3.4863346,9.128194,4.1106157
261091722,train,1,4,2,1823.0224211820616,33.904439858396486,201.22728,104.47913,0.3925,0.12125,,,634,851,typical,3.4933176,3.3632157,8.419397,4.1848407
261089286,train,1,4,2,1815.782305282101,34.27284744114133,296.7621,188.49335,0.85625,0.45125,,,169,513,typical,3.4669957,3.4630241,8.541737,2.8915005
261091697,train,1,4,2,1814.399905495782,39.798689154646596,332.14557,267.3706,0.9125,0.80375,,,98,174,typical,3.9518955,4.1377597,8.616668,2.8696074
261091684,train,1,4,2,1815.8011442835657,51.66147730280287,242.42572,389.84784,0.64375,0.94,,,379,50,typical,3.1300595,3.4552658,9.502843,3.6083992
261106358,train,1,4,2,1822.393365798961,56.636391336890746,277.7978,365.7123,0.7925,0.93,,,228,59,typical,3.3975086,3.9176757,9.533643,3.5818422
261106345,train,1,4,2,1816.4215616931936,58.776477332938946,294.17084,426.75125,0.8475,0.96,,,177,33,instrument,4.4923,5.1173525,9.526593,3.5490663
261091672,train,1,4,2,1810.8313988237144,54.095358278689744,247.8918,282.32092,0.67125,0.83875,,,351,143,typical,3.5931442,3.4811718,9.532624,3.5664127
261091649,train,1,4,2,1795.4304280208842,52.65971321006187,397.9814,54.70342,0.95625,0.00625,,,41,993,physics,4.567275,5.7648892,7.063926,3.7608774
261108676,train,1,4,2,1831.0028650459465,71.90870701931848,224.34975,263.12344,0.53375,0.7925,,,491,185,typical,2.3764422,3.897439,9.696507,3.853516
261108665,train,1,4,2,1828.1447329676023,75.58392712712842,298.3042,281.18216,0.86,0.83625,,,164,145,typical,2.170798,10.706909,9.7402,3.9081304
261108673,train,1,4,2,1825.6296000446623,69.12629216202026,281.09146,301.88126,0.80875,0.8775,,,214,107,typical,3.3160539,4.0478344,9.619393,3.7121944
261106349,train,1,4,2,1823.2792221810337,64.87843524668615,292.56235,409.5585,0.84,0.9525,,,183,40,instrument,3.397462,3.939124,9.593853,3.6094263
261108658,train,1,4,2,1821.7477596745064,74.25901105935273,275.66806,286.74442,0.79125,0.8475,,,231,136,typical,3.3724954,4.122513,9.65625,3.7511308
261106323,train,1,4,2,1808.3303052677995,72.56744781316795,260.00845,232.92737,0.7275,0.68125,,,296,297,typical,2.4655056,10.809756,5.5655174,2.3661325
261137236,train,1,4,2,1833.235732443751,82.8623902414179,217.70525,100.90845,0.4975,0.10125,,,524,870,typical,1.1981401,5.552028,9.909143,4.537927
261108648,train,1,4,2,1822.3447993407665,85.17357550084338,278.3417,136.59949,0.79625,0.23875,,,225,733,typical,4.406151,5.161936,9.901915,4.102903
261108623,train,1,4,2,1809.2551172033695,84.16063288087582,207.57997,98.604965,0.4325,0.09625,,,591,875,typical,7.196464,5.2532473,5.6176534,2.373719
261106301,train,1,4,2,1800.9456817427638,82.20298392026064,208.40857,92.13376,0.43625,0.0775,,,587,897,typical,7.87655,7.1580334,5.457505,2.2855682
261106331,train,1,4,2,1808.1283935554625,62.79497074521242,280.5105,257.8911,0.8075,0.78,,,215,199,typical,3.621725,3.4423792,5.5343523,2.3536165
261106314,train,1,4,2,1804.8222202085033,73.72705928032248,257.12073,184.73997,0.715,0.43125,,,309,532,typical,7.0460505,4.839883,5.4490514,2.3616772
261106309,train,1,4,2,1800.6164792748737,72.04651785098687,299.74884,167.54112,0.86125,0.38,,,161,586,typical,7.331457,4.8337,5.5001764,2.2881393
261091621,train,1,4,2,1793.864229533478,69.9075725692362,199.7887,105.6011,0.37875,0.12375,,,647,849,typical,1.3144714,4.0256953,5.4100842,2.3890593
261091643,train,1,4,2,1799.3141816736936,61.65592127939231,300.78848,122.79793,0.8625,0.1775,,,159,790,typical,2.03646,3.5516114,5.5348644,2.4069517
724121099,train,1,4,2,1793.0094626852745,55.31920288739983,258.15082,115.572815,0.725,0.15875,,,300,809,typical,1.3499146,9.182212,7.095663,3.7810187
261091635,train,1,4,2,1790.898174106567,55.79030011095887,304.99677,108.65945,0.86875,0.135,,,150,834,typical,2.7018967,10.86907,7.037331,3.7458203
261091632,train,1,4,2,1789.7718668151567,56.043953558604144,254.72339,101.35962,0.70125,0.10625,,,320,865,typical,4.35982,4.205321,7.047646,3.7677193
261091620,train,1,4,2,1787.4749651898023,61.3675226890284,234.92001,97.1884,0.59875,0.09,,,423,881,typical,3.4590604,4.036524,7.1003647,3.8899984
261091611,train,1,4,2,1781.4944312429848,63.955851525979746,310.5658,88.89349,0.88375,0.07375,,,133,903,typical,2.2662163,3.5977104,8.775507,6.0574327
261091614,train,1,4,2,1790.40043009309,73.51135832017017,142.9403,97.441,0.0525,0.09125,,,953,880,typical,0.36474797,6.0994973,8.1209545,7.0628204
261106275,train,1,4,2,1786.0090144431754,82.39353003675869,166.04921,162.63765,0.15875,0.3525,,,853,612,typical,0.5191606,6.8460207,7.6313,7.4253535
261091594,train,1,4,2,1777.6223265001372,72.13868093096632,176.43549,157.71509,0.2325,0.33125,,,787,634,typical,3.468221,5.029689,7.859847,7.222331
261091593,train,1,4,2,1777.5641193293711,74.02819180363825,143.34187,124.34959,0.05375,0.18875,,,952,779,typical,0.48025665,6.453698,7.80708,7.2628736
261091584,train,1,4,2,1774.9723162877694,77.43006425925851,158.73628,126.910126,0.1125,0.205,,,896,765,typical,0.51429445,6.525897,7.63805,7.3867397
392013228,train,1,4,2,1856.822569189188,108.14495100143183,164.01675,124.10169,0.1475,0.185,,,862,782,typical,0.7707992,5.7895145,8.527654,6.8724623
392013225,train,1,4,2,1852.6320260349169,108.27073496091772,120.13355,127.22149,0.00375,0.20625,,,998,764,typical,0.30158702,5.3538632,8.546598,6.8048816
392013224,train,1,4,2,1856.7351943155231,113.5023001143082,138.21838,125.48761,0.03625,0.195,,,966,774,typical,0.4791101,6.060862,8.406024,6.921071
392013214,train,1,4,2,1852.587380160887,112.59386770662891,126.06016,123.95627,0.0125,0.18375,,,990,783,typical,0.40520898,6.22932,8.405163,6.9060616
392013198,train,1,4,2,1840.096570244363,113.38631312025996,189.7858,115.03861,0.3175,0.155,,,702,813,typical,1.129628,7.8172684,7.5453167,7.2972817
392025758,train,1,4,2,1860.756329463473,122.2121824800787,124.58384,145.25224,0.01,0.2725,,,992,695,typical,0.39836428,6.4322333,7.369777,7.4105663
392025751,train,1,4,2,1855.8528447046183,121.33647608499744,131.24213,124.82222,0.02125,0.19375,,,983,775,typical,0.48785797,6.657489,7.338604,7.422986
392013203,train,1,4,2,1851.127439341852,121.51522576573676,175.70316,201.02426,0.225,0.5225,,,793,444,typical,1.1704937,7.91879,6.743414,7.5135345
392025739,train,1,4,2,1855.6536815713964,129.27442249069682,203.85211,167.03539,0.41,0.3775,,,616,589,typical,1.2171868,9.427242,6.5150533,7.478739
392025734,train,1,4,2,1850.7034992272104,128.74346068620258,272.13635,146.2911,0.78125,0.27875,,,243,688,typical,2.036806,9.182066,6.47183,7.4760876
392013199,train,1,4,2,1846.1132442930568,119.29236923725452,211.6621,174.8737,0.4625,0.4025,,,561,561,typical,1.0943898,7.8698826,7.1384063,7.3958607
392013182,train,1,4,2,1838.455696842491,127.28275553403869,359.8246,221.57343,0.94375,0.6425,,,60,337,typical,4.7739105,9.778854,4.016694,6.38999
261139617,train,1,4,2,1845.5294710598455,104.514567372356,115.69896,136.01657,0.00125,0.23625,,,1000,735,typical,0.3110049,5.5161624,8.429779,6.900867
261139614,train,1,4,2,1843.523064971375,106.22152765213804,119.85418,138.49416,0.0025,0.245,,,999,724,typical,0.26199195,5.5464897,7.894217,7.1928167
261139606,train,1,4,2,1839.919533984347,105.69501706262228,129.30505,154.51865,0.01875,0.315,,,985,648,typical,0.30592173,5.8030386,7.7557325,7.271848
261139613,train,1,4,2,1838.4057330982196,100.52276127033883,124.56662,143.08398,0.00875,0.265,,,993,701,typical,0.2535194,5.6020575,7.6913815,7.3466516
261139592,train,1,4,2,1829.975320471528,104.50238902444435,181.31796,140.0724,0.26875,0.25375,,,748,715,typical,1.368808,8.233771,3.9229395,6.4125147
261139587,train,1,4,2,1826.8789486016371,106.1298348310174,179.33936,241.91423,0.25375,0.71125,,,765,265,typical,2.6996615,9.208893,3.9057567,6.2234488
261137193,train,1,4,2,1814.4137807688908,104.09906318730503,240.16801,309.6379,0.63,0.88875,,,392,98,typical,5.7213383,9.690626,3.7002223,5.968958
261139574,train,1,4,2,1828.732402742006,119.6402460446587,334.3458,310.9299,0.91625,0.89375,,,93,92,typical,5.1775913,9.611003,3.831257,6.2026496
261139576,train,1,4,2,1827.3573433123893,117.13953951499548,573.52405,325.25906,0.9875,0.9,,,13,85,physics,5.091502,9.737815,3.7757454,6.1419597
261139567,train,1,4,2,1820.9768768219992,117.86421443946696,286.77316,411.35907,0.82875,0.955,,,195,38,instrument,3.2698877,9.824934,3.694577,6.051225
261139563,train,1,4,2,1818.9404562416112,117.4601789724306,309.80502,449.66757,0.88125,0.96625,,,137,28,instrument,5.030885,5.4500394,3.6746628,6.1066856
261139569,train,1,4,2,1824.217683357172,121.08052922128792,470.94092,298.2703,0.975,0.86875,,,25,116,physics,5.0540767,9.622183,3.7575278,6.111775
261139556,train,1,4,2,1821.579748305048,125.18549876926572,339.9781,156.12418,0.9225,0.3225,,,86,642,typical,5.3555517,9.654745,3.703539,6.119276
261139557,train,1,4,2,1814.924139324671,116.14749512626092,262.0357,272.44287,0.7375,0.8225,,,287,157,typical,5.7460537,9.718783,3.6280184,6.1432943
261139535,train,1,4,2,1804.5898822136503,122.67091632987427,247.10312,116.1946,0.66375,0.16375,,,358,805,typical,6.103994,9.586817,3.0891984,6.1732283
392025721,train,1,4,2,1846.7109326922912,138.30615704725815,315.1157,385.81064,0.89125,0.93875,,,127,51,typical,2.66092,9.348811,3.9950418,6.385299
392025714,train,1,4,2,1845.8752137080032,140.18621527265788,271.10394,433.90454,0.77625,0.9625,,,247,31,instrument,2.4802997,9.402576,3.998005,6.378803
392025709,train,1,4,2,1839.5968438255231,138.5697185882418,345.01587,457.1267,0.92875,0.9675,,,78,27,instrument,4.8571143,9.759737,3.9761121,6.3465548
392025710,train,1,4,2,1839.6737408319495,138.00307226563666,318.92657,471.21732,0.895,0.9725,,,121,23,instrument,4.7991047,9.766556,3.978624,6.3113904
392025699,train,1,4,2,1839.375646597924,146.96059453176005,220.95103,270.9241,0.52,0.82,,,502,159,typical,5.316529,5.7745824,3.9623399,6.413488
392025700,train,1,4,2,1837.700227160074,144.30370754142857,491.76935,361.30908,0.97625,0.92625,,,24,62,physics,4.914604,9.7646885,3.9320037,6.329069
392013173,train,1,4,2,1836.2007823036563,134.24453132956316,436.3681,466.73526,0.9675,0.97,,,31,25,both,4.9139543,9.769591,3.967393,6.337471
392013164,train,1,4,2,1832.133446453228,137.44196246203322,439.84537,530.04297,0.97125,0.9825,,,28,15,both,5.224616,9.74455,3.8639216,6.2874026
392013166,train,1,4,2,1828.1502483959173,131.06857024151657,271.26468,177.55685,0.7775,0.41375,,,246,551,typical,2.9859645,10.081678,3.7990556,6.31033
392013158,train,1,4,2,1827.5220612001483,140.38504086449677,343.37097,230.19365,0.925,0.6725,,,82,305,typical,5.5647902,9.699428,3.4990528,6.299999
392013147,train,1,4,2,1821.5970790642232,138.39979101149018,306.41162,232.90755,0.87375,0.68,,,144,298,typical,5.8625426,9.654608,3.0134583,6.088044
392013131,train,1,4,2,1816.06897409338,141.10788344825613,309.0249,272.8439,0.8775,0.82375,,,140,156,typical,5.21433,5.467565,3.0046115,6.106058
392025683,train,1,4,2,1833.9756327612793,150.91571442468677,140.45038,106.54585,0.04375,0.13,,,960,841,typical,-0.23014651,8.33351,4.426488,7.703479
392025673,train,1,4,2,1823.996697259756,150.9220752154507,188.61186,90.09061,0.31125,0.075,,,710,900,typical,0.9630081,10.071209,4.22574,7.526685
392025675,train,1,4,2,1824.2985059729745,147.95111718792236,268.612,78.127106,0.7625,0.05,,,263,939,typical,5.333686,9.389676,3.6545253,6.7597113
392025663,train,1,4,2,1824.9339673195573,158.92365131842533,165.30048,137.75774,0.15625,0.24,,,855,731,typical,0.04683745,8.95054,4.849183,9.188723
392013110,train,1,4,2,1807.9274246903776,152.73617619494922,168.34883,104.10496,0.18,0.11875,,,835,854,typical,-0.3800977,9.71233,2.7685068,6.2830787
392013106,train,1,4,2,1806.1295062295849,153.32429535870745,178.94518,96.750084,0.25125,0.085,,,770,885,typical,-0.3182633,9.647573,2.7991605,6.333154
724121845,train,1,4,2,1799.836433191107,153.100123650816,285.28574,79.81703,0.8225,0.05125,,,200,935,typical,4.3653975,9.351394,2.789145,6.34975
392013152,train,1,4,2,1818.479463616148,133.49771463199926,254.04189,190.40227,0.6975,0.4575,,,323,503,typical,5.832374,9.668314,3.045987,6.091076
392013126,train,1,4,2,1810.8502169469064,139.29550539001048,243.93909,204.05565,0.65125,0.54125,,,369,426,typical,6.202788,9.573434,2.9950538,6.008674
261139505,train,1,4,2,1799.4055417465654,135.2319126973024,122.052925,74.781296,0.005,0.045,,,997,944,typical,-0.45471212,8.721102,3.165048,6.338145
261139532,train,1,4,2,1802.2441863978145,123.82825199731136,239.52899,100.47247,0.62375,0.1,,,397,871,typical,6.150083,9.595903,3.155955,6.2365074
261137151,train,1,4,2,1795.475225540163,120.66211295594084,149.60384,68.47489,0.07625,0.02875,,,931,964,typical,-0.12214672,8.670222,4.813077,8.553196
261139497,train,1,4,2,1791.0465370190154,132.6405843318492,135.2823,219.05829,0.0275,0.62125,,,975,354,typical,-0.529914,8.78271,4.300836,8.863409
392013118,train,1,4,2,1807.579203780576,141.02524188668346,240.89131,268.10257,0.63875,0.80875,,,384,169,typical,6.533921,6.228484,2.9455364,6.0507293
261139488,train,1,4,2,1792.4566068085364,143.03740514925275,150.33122,138.13675,0.07875,0.24375,,,929,726,typical,-0.009762612,9.531323,4.2587304,8.823151
261139493,train,1,4,2,1791.7882401271588,136.19622692779976,130.30103,185.92226,0.02,0.43625,,,984,527,typical,-0.5139755,8.76054,4.323895,8.82248
724122057,train,1,4,2,1809.6328627211255,99.92349885188004,263.56302,143.9321,0.745,0.2675,,,281,699,typical,5.423528,9.7186365,3.0345905,5.724948
261108611,train,1,4,2,1808.2491571878093,93.9404470630246,206.5296,160.43721,0.4275,0.34625,,,596,620,typical,5.6543303,9.245227,3.0888784,5.659643
261108600,train,1,4,2,1803.7016854860676,97.52202580655876,229.68326,65.11645,0.56875,0.02125,,,454,972,typical,6.246373,9.565631,3.7754288,6.9055805
261108589,train,1,4,2,1798.1513613548234,103.31881352876756,170.92245,71.38219,0.20125,0.0375,,,815,954,typical,0.18080959,8.184035,3.013564,6.0034466
261106276,train,1,4,2,1791.8290054874126,89.48047164754882,161.17186,138.98703,0.12625,0.2475,,,884,721,typical,0.29868904,7.549776,7.521385,7.502924
261106280,train,1,4,2,1796.1286531560388,92.58671748188472,177.75053,145.96019,0.24,0.275,,,780,693,typical,0.94711435,8.168272,7.5719495,7.462781
261108581,train,1,4,2,1790.9438999646602,101.64427291584104,188.37479,151.40752,0.31,0.30375,,,713,660,typical,0.30427745,8.436605,5.394933,8.350115
261106260,train,1,4,2,1781.8562516728248,99.451800437509,207.11053,350.19138,0.43125,0.91875,,,592,68,typical,0.010871635,7.7935762,5.0145497,8.742411
261137167,train,1,4,2,1801.2241317887292,107.71324380254272,241.22824,48.187016,0.64,0.0025,,,383,997,typical,6.4485006,6.1633277,3.3976,6.499118
261137152,train,1,4,2,1791.0927510948904,114.01874235775551,183.9451,81.49761,0.28375,0.055,,,736,928,typical,0.89748085,8.856103,5.2865243,9.023019
261106254,train,1,4,2,1780.2333852594509,100.47796007899754,232.43597,296.59988,0.5825,0.86625,,,439,119,typical,0.30193838,8.50821,5.0059905,8.651393
261108568,train,1,4,2,1780.8752022283454,101.239349434829,180.63446,348.84842,0.2625,0.9175,,,755,69,typical,0.7940436,9.368067,5.027914,8.769065
261108556,train,1,4,2,1779.8865215687124,104.3897580554464,206.07437,292.46072,0.425,0.8575,,,600,126,typical,0.3800957,8.723246,4.9395175,8.687367
261108546,train,1,4,2,1781.9721874196248,111.61160736810862,164.86679,215.76978,0.15375,0.60625,,,857,370,typical,-0.0381511,8.981332,4.8309007,8.773965
261106270,train,1,4,2,1780.6994423541323,86.89268041963459,199.82204,190.47621,0.38,0.45875,,,646,502,typical,0.7519905,8.243286,7.446171,7.5719714
261106240,train,1,4,2,1768.7403252398476,96.24826110406792,215.76204,149.72926,0.48125,0.2925,,,539,669,typical,0.42987126,8.759821,4.9671555,8.820009
261091564,train,1,4,2,1767.3281314277804,87.08248603772044,286.92618,205.7668,0.83125,0.55375,,,193,416,typical,4.7963824,5.340164,5.0485454,8.730879
261091566,train,1,4,2,1769.1069907586643,87.92623212919982,140.57895,151.80077,0.04625,0.305,,,958,658,typical,-0.44067764,9.129561,5.0780363,8.788033
261106231,train,1,4,2,1768.3221686718086,103.00621834725372,167.25517,190.86281,0.16875,0.4625,,,845,498,typical,0.36655152,9.216175,4.940809,8.847231
261106213,train,1,4,2,1759.781646861248,108.15207967928252,178.89566,72.79504,0.25,0.04,,,772,950,typical,1.487107,9.734873,5.4821515,9.083921
261106212,train,1,4,2,1760.1461682408756,108.89225457569978,185.47467,56.703632,0.29125,0.00875,,,730,991,typical,1.1823931,9.72549,5.5665727,9.150813
724122387,train,1,4,2,1757.4875100481916,108.194480488675,145.65674,61.340187,0.0575,0.01375,,,947,981,typical,0.33672503,7.703631,5.482295,9.080317
261091544,train,1,4,2,1756.586358535935,97.43927780841584,157.91629,124.550934,0.11,0.19,,,898,778,typical,-0.13777049,8.30781,5.1560974,8.655204
261091539,train,1,4,2,1754.5422262906095,100.61788905262712,149.25739,84.77891,0.075,0.06875,,,932,914,typical,0.26244262,9.156376,5.156121,8.848643
261091538,train,1,4,2,1748.8362704222902,95.53514078742865,196.09145,114.47274,0.3575,0.15375,,,665,816,typical,0.28385487,9.186181,4.95816,8.808219
261091533,train,1,4,2,1751.8848591620226,102.60102480049862,142.35054,87.86407,0.05125,0.0725,,,954,906,typical,-0.41734186,8.686701,5.171468,8.830836
261106195,train,1,4,2,1753.8899715959149,106.94942414498549,127.98663,63.137665,0.015,0.01875,,,988,977,typical,-0.5017242,8.757918,5.519341,9.087019
261108541,train,1,4,2,1781.2532234997018,116.98594134194732,155.55002,277.77313,0.10125,0.8325,,,908,149,typical,-0.09923946,9.066348,4.468999,8.854295
261108529,train,1,4,2,1777.341476030175,122.87531051084098,140.46542,235.7789,0.045,0.69625,,,959,281,typical,-0.3900965,9.086668,4.492047,8.980529
261108524,train,1,4,2,1766.851904295985,113.02450265076747,179.71788,169.67126,0.25625,0.385,,,762,581,typical,-0.17542082,9.337957,4.8352423,9.035237
261108520,train,1,4,2,1765.941742874652,116.65859088803948,215.55183,274.41925,0.47625,0.82625,,,543,154,typical,0.76727384,10.178186,4.521621,9.026459
261108513,train,1,4,2,1767.4498976467034,122.09263419770404,184.2731,223.73846,0.285,0.65125,,,735,327,typical,-0.29587412,9.506325,4.461551,9.053717
261137094,train,1,4,2,1780.5136308757435,134.2108394567496,133.61723,196.05968,0.025,0.49375,,,979,470,typical,-0.61127514,8.875098,4.2971516,8.88175
261137091,train,1,4,2,1776.3842377854933,132.4786156329447,138.58861,201.78564,0.0375,0.52625,,,965,441,typical,-0.6373112,8.970196,4.29063,8.920615
261137067,train,1,4,2,1764.547146692004,141.06692592112745,388.28394,61.13165,0.95375,0.0125,,,44,983,physics,5.4902315,7.511866,4.1490684,9.011669
261137053,train,1,4,2,1758.322162610884,141.2793956284853,373.38165,64.08424,0.94875,0.02,,,54,975,typical,4.6625576,5.5604978,6.6289654,2.9633138
261108497,train,1,4,2,1764.6546153332004,133.04007915377787,176.04482,109.69055,0.2275,0.14,,,791,829,typical,-0.47677338,9.649001,4.2706976,9.120669
261108474,train,1,4,2,1752.6485141223573,133.83370512810416,167.9862,180.76909,0.17625,0.4225,,,838,542,typical,4.34138,5.083455,1.3443685,5.9086037
261108470,train,1,4,2,1750.517375664917,135.3023847862189,495.71915,132.33698,0.9775,0.225,,,23,745,physics,4.57236,5.9366927,1.3848331,5.8763275
261106210,train,1,4,2,1761.001336107951,111.06737106773863,148.12718,84.776054,0.06875,0.0675,,,937,915,typical,0.19411573,9.216142,5.471842,9.114156
261106200,train,1,4,2,1760.8263480213552,114.00576073964804,161.66403,122.91568,0.12875,0.17875,,,882,789,typical,-0.15524164,9.30572,5.0777493,9.161241
261106199,train,1,4,2,1757.6715756748242,109.8457637934899,257.5529,67.94398,0.71875,0.02625,,,305,966,typical,2.5564425,10.45946,5.4954724,9.09518
261106194,train,1,4,2,1756.6074552372086,112.51968829932906,168.09743,90.4929,0.17875,0.07625,,,836,899,typical,0.18712485,9.480418,5.4979854,9.100483
261106173,train,1,4,2,1750.8107480055985,115.6159638608696,181.3856,72.28647,0.27,0.03875,,,747,952,typical,-0.59757257,9.846222,4.8321934,9.211621
261106187,train,1,4,2,1758.2328702237232,118.4415365913584,162.94734,144.52197,0.13375,0.27,,,875,697,typical,-0.4647311,9.502729,4.729585,9.10774
261106177,train,1,4,2,1748.255535006224,110.43746078128812,186.89294,62.521606,0.3025,0.0175,,,720,978,typical,-0.90612125,9.790549,5.068342,9.061329
261091518,train,1,4,2,1742.5709865681092,106.18036606619816,194.70033,117.57414,0.3475,0.16625,,,673,803,typical,-0.7325699,10.397429,4.519631,9.146283
261091503,train,1,4,2,1735.5402909707873,111.06913598582553,240.35582,163.64201,0.6325,0.35875,,,390,607,typical,5.6025066,8.974093,1.3114115,6.3119965
261108473,train,1,4,2,1748.1869049493414,128.15819754814746,442.45126,129.24619,0.9725,0.21,,,27,761,physics,5.986012,8.751272,1.3757184,5.9289393
261106141,train,1,4,2,1744.0945155825068,128.97799801411617,426.40976,170.1428,0.965,0.38625,,,33,580,physics,5.967424,8.776266,1.5806609,5.515476
261108459,train,1,4,2,1742.197202310483,134.73898247937933,188.8501,131.33218,0.31375,0.22,,,706,751,typical,9.311278,4.098285,1.387137,5.8923645
261106126,train,1,4,2,1732.0478217029702,126.03244359079795,157.89497,176.10614,0.1075,0.40875,,,900,555,typical,9.34741,4.0803857,1.6535559,5.2207336
261091471,train,1,4,2,1725.745769075408,121.19207743666792,169.16684,165.8704,0.18625,0.37,,,830,597,typical,9.355935,4.1284494,1.6488997,5.252779
261106123,train,1,4,2,1731.61588131367,127.07468561329304,190.36047,164.84462,0.32125,0.3675,,,698,600,typical,9.288554,4.097106,1.662616,5.219306
261106121,train,1,4,2,1729.3272618859655,127.35060584328455,165.83908,175.05983,0.1575,0.405,,,854,559,typical,9.335044,4.155576,1.6634511,5.2069077
261106114,train,1,4,2,1723.7181585607543,127.09521488407768,184.47739,163.36845,0.28625,0.3575,,,734,608,typical,9.404275,4.185894,1.6604453,5.262696
261259854,train,1,4,2,1946.1474343860325,188.49651285741348,284.60403,83.918396,0.82,0.065,,,202,918,typical,0.8269705,8.982577,3.4978974,4.885709
261259845,train,1,4,2,1939.6893862630404,188.35619663974796,218.18953,80.86613,0.5025,0.05375,,,518,929,typical,8.4057255,5.132642,3.2755783,4.9570427
261259836,train,1,4,2,1936.4223615114367,193.82274196659424,210.43477,114.19616,0.45125,0.1525,,,574,817,typical,5.796318,9.407076,3.211452,5.010928
261259838,train,1,4,2,1938.3576013820511,194.2194470973703,225.96289,116.13245,0.54875,0.1625,,,477,806,typical,5.698381,6.25044,3.2149103,5.015483
261259833,train,1,4,2,1936.7669679102496,196.38323363998796,235.73227,124.791504,0.60375,0.19125,,,418,777,typical,5.565724,9.248295,3.2158878,5.015353
261259822,train,1,4,2,1930.647137110219,195.9279575670367,228.37944,148.27997,0.5625,0.2875,,,462,676,typical,6.032794,9.569455,3.5170567,5.5100417
261257223,train,1,4,2,1926.931830832101,191.05367000795917,265.0672,199.57738,0.7525,0.51375,,,274,452,typical,6.0509257,5.81776,3.7689774,5.5965743
261257235,train,1,4,2,1928.0560298559265,186.5559484284842,257.60135,94.53804,0.72125,0.0825,,,303,888,typical,9.269391,4.091106,3.9201505,5.5280113
261257221,train,1,4,2,1923.9027322928268,188.4251857662437,234.45926,221.94542,0.59625,0.645,,,426,335,typical,5.4788156,5.5540276,4.1688375,5.492835
261257215,train,1,4,2,1923.22249498759,191.88135403285855,235.19711,147.72978,0.60125,0.285,,,421,678,typical,5.08119,9.814573,3.8469398,5.582825
261257204,train,1,4,2,1913.6915841452917,189.61772058627227,195.18198,218.75449,0.35125,0.6175,,,670,357,typical,2.316217,8.865316,5.435047,6.171558
261257206,train,1,4,2,1915.9707587883904,191.02575132834687,170.72571,286.32095,0.1975,0.845,,,818,138,typical,2.3908648,8.577605,5.4796553,6.231703
261257202,train,1,4,2,1912.4051013107885,188.3265707034643,190.72784,218.06212,0.3225,0.615,,,697,361,typical,2.2477658,9.093977,5.4326663,6.1901927
261257194,train,1,4,2,1911.8177896049008,192.6887355542656,229.4706,212.404,0.56625,0.5925,,,457,382,typical,2.2739742,9.171429,5.3811426,6.284264
261259819,train,1,4,2,1931.7742464080843,200.2585390769911,232.17047,176.82516,0.57875,0.41,,,442,554,typical,6.2873945,6.227632,3.4481862,5.483659
261259815,train,1,4,2,1927.885875489135,198.88538519611433,338.77515,154.15617,0.92125,0.31375,,,88,649,typical,5.3489947,9.699383,3.4308455,5.35423
261259802,train,1,4,2,1926.7847899762935,205.61212992182192,268.7749,157.51318,0.76375,0.32875,,,261,636,typical,2.6789756,10.333358,3.6032465,5.6140547
261259773,train,1,4,2,1913.6218924952711,209.5477937161012,439.4635,158.3988,0.97,0.335,,,29,629,physics,4.73027,5.7720847,5.16788,6.2708116
261257186,train,1,4,2,1910.4502456802936,197.85297709648617,247.14604,173.5392,0.665,0.39875,,,357,566,typical,2.6348233,10.148991,5.205251,6.283806
261257187,train,1,4,2,1911.8653183400768,198.3977717636556,263.57816,209.61256,0.74625,0.57625,,,280,395,typical,4.976688,5.8335466,5.296891,6.3320017
261257185,train,1,4,2,1910.6057891256592,198.84321914784948,236.54959,161.14957,0.615,0.34875,,,407,618,typical,2.3877337,10.010912,5.226189,6.277875
261257162,train,1,4,2,1901.5398425184244,206.2922994338713,255.16414,276.27643,0.7025,0.82875,,,319,152,typical,-0.03694727,7.9239674,5.842646,10.4274845
261257165,train,1,4,2,1899.5178514704176,202.04535714357135,210.11006,264.78116,0.45,0.795,,,576,182,typical,0.70739466,8.914091,5.810684,10.4002695
261238733,train,1,4,2,1907.936111127217,186.11255765962417,217.2318,217.05902,0.495,0.6125,,,526,363,typical,2.2459984,9.702277,5.4379144,6.353499
261238745,train,1,4,2,1908.8029121794807,180.1457893753638,218.57695,194.05942,0.50625,0.47625,,,515,485,typical,2.453026,8.459312,5.523665,6.085589
261238728,train,1,4,2,1904.1051621956956,183.72569357252144,211.0025,211.95229,0.455,0.59125,,,569,383,typical,2.388584,9.717565,5.416704,6.2996483
261238720,train,1,4,2,1898.083559080572,184.48871531349624,279.39505,253.16399,0.8025,0.76375,,,220,217,typical,2.585966,10.392354,5.3601427,6.300863
261238710,train,1,4,2,1895.026596091016,186.76550343185073,251.1804,207.91707,0.6875,0.56375,,,336,408,typical,2.6031773,9.8079195,5.360755,6.3266206
261238723,train,1,4,2,1897.7067994381816,181.82891291440885,215.98604,221.16302,0.4825,0.6375,,,538,341,typical,2.2223577,9.783971,5.40019,6.3388724
261236044,train,1,4,2,1883.2584384382635,181.36500565137695,352.391,124.264404,0.9375,0.18625,,,68,781,typical,4.7388663,5.649065,4.1857433,6.3156977
261238709,train,1,4,2,1901.058010038308,194.3637986264891,267.91693,248.81723,0.76125,0.735,,,264,244,typical,0.82839656,8.890544,5.335743,6.393861
261238707,train,1,4,2,1893.4866632367127,192.15261668602608,280.34985,222.19148,0.805,0.64625,,,218,333,typical,0.6664931,8.753202,5.9273043,10.518838
261238695,train,1,4,2,1888.2741501511464,196.4961615704368,215.47128,210.04271,0.475,0.58125,,,544,391,typical,0.4149066,8.69112,5.9454556,10.532691
261238687,train,1,4,2,1888.724610056197,203.5192189967319,201.48405,245.10204,0.395,0.72375,,,632,253,typical,0.26468953,8.658389,6.0198026,10.607144
261238691,train,1,4,2,1888.288024411366,199.898767499666,175.50682,190.92119,0.22375,0.46375,,,794,497,typical,0.22515202,8.79265,5.9423327,10.5492735
261238680,train,1,4,2,1881.6281029914571,199.10247987381072,227.52103,219.51277,0.555,0.62625,,,468,350,typical,4.201562,9.396446,5.9162807,10.574066
261238681,train,1,4,2,1882.3133717632004,199.79686102006983,261.7549,267.5685,0.735,0.80625,,,289,172,typical,4.057741,9.484183,5.897902,10.5223465
261238673,train,1,4,2,1879.0806392028048,198.51049028377497,218.33896,138.70253,0.50375,0.24625,,,517,723,typical,4.121123,9.410803,5.9520626,10.5435295
261236014,train,1,4,2,1876.1277490303764,196.38671785648063,224.67809,158.11626,0.5375,0.33375,,,487,631,typical,0.23729858,8.399673,5.9614286,10.563123
261259775,train,1,4,2,1918.729538163347,213.86821019559315,273.3018,156.86575,0.7875,0.3275,,,236,637,typical,4.82647,5.7730618,5.187352,6.3133655
261259765,train,1,4,2,1912.444812542867,211.581667945498,257.83734,150.01685,0.7225,0.295,,,302,667,typical,2.5902548,10.439233,5.062361,6.200728
261259740,train,1,4,2,1901.5388703676776,222.2086431136726,153.17651,268.06876,0.0875,0.8075,,,920,170,typical,0.46544698,8.8745,5.8477325,10.434244
261257157,train,1,4,2,1899.874347648784,207.7728962160004,211.3411,253.6717,0.45875,0.765,,,565,216,typical,0.57776856,8.966772,5.86563,10.454365
261257150,train,1,4,2,1892.6017230734124,208.66584058600327,185.6736,329.20636,0.29375,0.905,,,728,81,typical,0.5761756,8.824961,5.83493,10.420475
261257132,train,1,4,2,1890.451605714644,219.52066240548737,177.78766,260.95963,0.24125,0.78875,,,779,189,typical,-0.00348665,7.998448,5.9271903,10.523106
261257633,val,1,4,2,2084.047021379247,25.733490690199776,241.84387,267.99887,0.6425,0.80625,,,380,171,typical,9.226072,4.8229475,0.9498483,0.9821967
261236559,val,1,4,2,2070.9741363494413,2.69714942997367,305.64337,228.89648,0.87,0.67,,,148,308,typical,9.085323,4.8039355,1.2997954,1.3071357
261236522,val,1,4,2,2065.750388710865,22.912803149885256,205.65247,236.51369,0.4225,0.6975,,,603,279,typical,11.195113,5.1685824,1.1320081,1.1428914
261236529,val,1,4,2,2061.9102971778993,13.207875755948344,192.455,161.79684,0.33,0.34875,,,689,616,typical,10.909865,4.9465976,1.2552048,1.238905
261236515,val,1,4,2,2058.634205819572,18.885643664324185,219.15326,94.28549,0.50875,0.08125,,,511,890,typical,11.1882515,5.149491,1.180864,1.1739461
261236512,val,1,4,2,2056.385425489136,17.537040043311922,294.45905,148.88914,0.8475,0.28875,,,176,673,typical,11.409057,5.6733413,1.2513642,1.230299
261260243,val,1,4,2,2084.630916800352,43.245799923001485,273.22046,222.03697,0.78625,0.645,,,237,334,typical,11.512663,5.298288,0.57331127,0.6613696
261260219,val,1,4,2,2079.4142373561785,57.65936739771504,261.69434,115.23285,0.73375,0.1575,,,290,810,typical,3.108514,5.6118994,0.65081215,0.70126826
261206832,val,1,4,2,2036.427816439916,32.489488712599496,325.88397,64.32088,0.90625,0.02,,,104,973,typical,-2.528687,9.447404,-2.2154393,7.2437797
261257494,val,1,4,2,2037.498654378329,82.93651855250818,179.09763,233.61728,0.25125,0.6825,,,769,294,typical,-2.0391402,9.546219,-2.661102,7.008791
261236416,val,1,4,2,2027.3670133070216,58.46925957320365,253.40607,173.40555,0.68875,0.3975,,,331,568,typical,-2.2045743,9.879408,-2.511479,7.1875324
261236410,val,1,4,2,2018.481152513372,51.30406226426202,338.94022,177.98401,0.92125,0.41375,,,87,549,typical,5.4058657,5.420888,-2.1359758,7.3843546
261236366,val,1,4,2,2010.763742715673,72.88345503643113,385.71762,310.6147,0.95125,0.8925,,,47,94,physics,-2.7489429,10.023915,-2.2731905,6.144098
261204361,val,1,4,2,1998.4736063485764,43.35170897764654,152.66481,79.45754,0.08625,0.05,,,922,938,typical,-1.1899151,10.051113,-0.36623532,8.488408
261156542,val,1,4,2,2003.195265354872,18.91871944884612,152.81152,41.132835,0.08625,0.0,,,921,999,typical,-0.8908639,8.470989,-0.43909296,8.620287
261156485,val,1,4,2,1976.120462938807,34.57467779232931,177.69122,174.65242,0.23875,0.4,,,781,563,typical,-0.3320581,10.144482,-0.09554322,8.848225
392025971,val,1,4,2,1958.8058663230956,33.678392885130606,264.1438,141.0449,0.7475,0.25375,,,278,713,typical,-0.77626765,10.580642,-0.057253763,8.933099
261206789,val,1,4,2,2002.9590785450864,45.890370850864535,167.78233,106.67227,0.175,0.13,,,839,840,typical,-1.223933,10.001987,-0.49591148,8.080404
261206748,val,1,4,2,1988.670748559962,65.74234549283156,564.57056,207.95709,0.98625,0.56375,,,14,407,physics,5.768329,7.7656274,-1.9458157,5.78328
261204288,val,1,4,2,1969.8343271737176,63.838145774391094,366.95352,291.11966,0.9475,0.85625,,,55,127,typical,6.2174377,7.745448,-1.1565759,3.9047565
261156438,val,1,4,2,1957.7269065383643,48.71135280058779,379.6007,190.65858,0.94875,0.46125,,,52,499,typical,5.769398,7.8227468,-0.07195825,8.901054
392013450,val,1,4,2,1958.8854947212608,14.299956873051636,188.5163,166.42188,0.31,0.37,,,711,595,typical,-0.50264925,7.552357,-0.10866956,8.976387
392025983,val,1,4,2,1964.4767755352448,25.572706070879747,180.67416,166.24232,0.2625,0.37,,,754,596,typical,-0.4272961,10.2655325,-0.08445488,8.9147625
392013413,val,1,4,2,1943.005375676558,26.150951895717352,233.6019,139.57164,0.58875,0.24875,,,432,719,typical,3.30246,9.802408,-0.059816875,8.943002
261137409,val,1,4,2,1910.1275463966467,26.19893920551701,333.46527,123.01545,0.915,0.17875,,,94,788,typical,5.5608854,9.116063,1.3045179,6.2964106
261137401,val,1,4,2,1904.9464958909543,26.10287441769588,324.7122,106.6795,0.90625,0.13,,,105,839,typical,6.31636,8.595721,1.3480198,6.323636
261106446,val,1,4,2,1864.086907720792,23.021231476666262,320.08218,79.85601,0.8975,0.05125,,,117,934,typical,5.826086,9.730613,-0.6598311,3.0060866
261108774,val,1,4,2,1870.9194434633423,32.97037692861334,169.71533,58.392677,0.19125,0.00875,,,824,988,typical,8.000002,6.7103024,-0.67274266,3.1389322
261089291,val,1,4,2,1811.9993493392813,23.255091473488637,218.18445,66.96493,0.50125,0.02375,,,519,968,typical,6.6732073,5.3752294,5.3815527,2.210534
261063067,val,1,4,2,1801.879503839274,21.453104186277688,274.83344,92.41298,0.79,0.0775,,,233,896,typical,4.766964,5.2891355,5.333032,2.220632
261063060,val,1,4,2,1798.6078775063272,21.70151585636921,206.75966,68.90361,0.42875,0.03,,,594,962,typical,9.200407,4.302495,5.4230547,2.224647
391950148,val,1,4,2,1755.4174250198255,5.5191237584991875,253.04921,79.50128,0.68875,0.05,,,332,937,typical,9.104965,4.3044653,5.368768,2.1487603
261260116,val,1,4,2,2032.3648279153488,96.55836954597038,251.96971,227.8625,0.6875,0.6625,,,334,315,typical,-2.66978,10.023411,-2.702203,6.8418646
261257485,val,1,4,2,2030.5122028595536,85.02318184263561,317.714,267.0931,0.8925,0.80125,,,124,176,typical,-2.5172863,9.816301,-2.6240878,6.6749206
261257454,val,1,4,2,2012.6730697096625,92.60465531902848,281.17755,382.71402,0.81,0.935,,,212,54,typical,-2.271917,10.104347,-2.2427194,6.119159
261260092,val,1,4,2,2021.271337656383,107.95711511223016,268.70477,198.68791,0.7625,0.50875,,,262,456,typical,7.4926085,5.75262,-2.5327022,6.4356523
261257443,val,1,4,2,2009.766598825399,97.82393114938512,287.81082,250.63666,0.8325,0.7425,,,191,237,typical,-2.6885686,9.996773,-2.1262681,5.961354
261239004,val,1,4,2,2005.125454664382,91.27778499811136,397.35568,279.32043,0.955,0.83375,,,42,147,physics,7.598576,5.682404,-2.2834086,6.166532
261239008,val,1,4,2,2002.7907845134068,84.77766594930048,323.29642,297.16965,0.89875,0.86625,,,113,118,typical,7.499161,5.7632203,-2.1856363,6.045606
261236327,val,1,4,2,1991.3576946575977,87.1848133372848,211.20343,424.8959,0.455,0.95875,,,568,34,instrument,7.1716614,6.228599,-2.1182585,5.9632254
261257422,val,1,4,2,1999.3297899015265,110.65303216826736,237.44273,181.09209,0.61625,0.4225,,,405,541,typical,7.594029,5.850665,0.08452195,4.0022726
261257395,val,1,4,2,1984.8243378203333,123.22199509452312,234.61604,287.05545,0.59625,0.85,,,425,133,typical,8.430909,5.5623407,1.1446788,3.4340537
261238939,val,1,4,2,1982.6054932055115,109.81214431684282,205.61893,257.22208,0.4225,0.7775,,,604,201,typical,8.424737,5.9449496,0.8025164,3.5556781
261238920,val,1,4,2,1972.7991811027473,115.37582360417696,227.23608,256.4581,0.55125,0.775,,,471,205,typical,8.764285,5.385833,1.3412284,2.9390383
261206705,val,1,4,2,1971.505726585498,78.10014233094452,211.88544,344.35236,0.4625,0.91375,,,560,72,typical,5.5009675,9.21116,-0.9695685,4.043511
261206691,val,1,4,2,1964.2391907423785,80.31230447933547,172.67384,187.33063,0.2075,0.4425,,,808,520,typical,7.5510616,6.574485,-1.264071,3.3753638
261206678,val,1,4,2,1960.0342954480552,84.12753738672453,156.64746,146.4701,0.10375,0.28125,,,905,685,typical,8.546883,6.8830705,1.0462649,2.8774292
261204227,val,1,4,2,1941.4336910207908,90.16429590999616,178.94095,240.79482,0.25,0.70625,,,771,269,typical,8.664822,6.6635423,1.2768768,2.901476
392025867,val,1,4,2,1922.246071317005,77.76955238354142,179.83646,225.53326,0.25625,0.66125,,,761,318,typical,8.648087,6.2411566,1.4016262,3.339572
261206647,val,1,4,2,1954.446774673684,99.56677418976386,235.52623,215.40567,0.6025,0.605,,,419,371,typical,9.236484,4.6088767,1.1567844,2.8751671
261206643,val,1,4,2,1954.1516641087885,101.83634926136756,216.36017,233.10689,0.485,0.68125,,,535,296,typical,9.356953,4.589255,1.2017184,2.9212627
261206646,val,1,4,2,1951.4315390962593,97.1339082789041,210.65599,215.98917,0.45125,0.6075,,,573,368,typical,9.286543,4.6990714,1.144412,2.8695717
261204210,val,1,4,2,1935.3477378290245,97.0247326984636,206.08372,203.19666,0.425,0.53375,,,599,433,typical,8.608434,5.717471,2.7804008,2.9125142
261204197,val,1,4,2,1930.6291690206335,102.25382733908953,324.35327,93.09921,0.9025,0.07875,,,109,893,typical,8.037464,5.095429,3.7343543,2.7522714
261204183,val,1,4,2,1923.0330116004757,106.54086404600396,259.34305,195.23021,0.725,0.48625,,,298,476,typical,2.1254299,10.623725,3.8580234,2.738532
261259955,val,1,4,2,1971.2707356626877,160.3021627421197,236.08495,167.10103,0.6075,0.3775,,,413,588,typical,8.355195,5.945378,2.8395731,0.94948417
261238843,val,1,4,2,1949.5730748154613,151.00487617501176,380.9878,174.58246,0.94875,0.4,,,51,564,typical,4.4495277,9.418582,2.8637435,0.8545882
261236132,val,1,4,2,1911.829581932593,152.93358400614565,240.87437,108.81694,0.6375,0.135,,,385,833,typical,4.554868,3.892253,5.0157585,4.4764476
261236127,val,1,4,2,1913.9539284528123,158.02788256390437,226.2538,189.70697,0.54875,0.455,,,476,507,typical,4.440346,3.8453424,5.0460124,4.5514855
261238766,val,1,4,2,1919.4131095131731,169.98034763197438,245.84715,170.25534,0.65875,0.3875,,,362,578,typical,4.662956,3.8342867,5.1232495,4.6277137
261238736,val,1,4,2,1901.9116983818776,176.8191473250802,188.90033,133.94646,0.31375,0.23,,,705,740,typical,2.4242735,8.566317,6.0016665,5.626233
261236076,val,1,4,2,1897.699352434841,171.38556142728305,214.39839,158.30998,0.46875,0.33375,,,551,630,typical,2.3442838,8.377457,6.10992,5.6014996
261206576,val,1,4,2,1929.2206136486125,122.34141712322094,267.52774,141.93562,0.76,0.26,,,266,706,typical,4.157594,4.532904,4.606352,2.597163
261206558,val,1,4,2,1921.6283895965296,127.3025655865929,305.6993,114.796,0.87,0.15375,,,147,815,typical,3.2925806,4.0806923,4.789136,2.5713289
261206475,val,1,4,2,1887.3325191483389,160.84165991221178,349.72406,172.63632,0.9325,0.39375,,,73,572,typical,2.2351053,10.868314,6.1134353,5.869666
261156162,val,1,4,2,1852.135236464122,148.70832999374522,188.82425,146.03964,0.3125,0.27625,,,707,691,typical,1.0731213,9.60968,6.396275,6.8210726
261156148,val,1,4,2,1852.908316100827,157.7455949469926,232.50983,104.420944,0.5825,0.12,,,438,852,typical,1.0051315,7.9431157,6.4493628,6.7310157
392025848,val,1,4,2,1906.5472689547537,76.96802459103955,270.33362,72.22862,0.77,0.0375,,,255,953,typical,8.151271,5.169588,0.99017113,3.0741277
261139704,val,1,4,2,1885.5423738364543,69.47778930955855,316.64835,65.87788,0.8925,0.02375,,,125,969,typical,7.0052004,4.766064,9.831669,5.432298
261139659,val,1,4,2,1859.499431887144,83.07727161543754,190.24133,191.67542,0.32,0.4675,,,699,492,typical,1.9059643,3.9897687,9.6495695,5.52557
261137270,val,1,4,2,1852.9285662757875,75.84080390889054,202.69516,152.1085,0.40375,0.305,,,623,657,typical,1.7819688,3.8831456,9.694921,5.2209764
261137275,val,1,4,2,1850.6123470921832,72.34319477254962,192.0087,162.4161,0.33,0.35125,,,690,613,typical,2.0764942,4.0433083,9.811267,4.8675246
261139639,val,1,4,2,1849.9709975613232,89.0164853364318,200.78427,147.37192,0.38625,0.28375,,,639,679,typical,1.9520844,3.9226892,9.885982,4.5602875
261139620,val,1,4,2,1843.9491995486096,94.55925977780213,147.40332,120.07338,0.06375,0.17125,,,941,798,typical,0.86452544,4.531352,9.970726,4.550121
261139629,val,1,4,2,1845.761642047747,88.58177187555182,322.2055,185.8036,0.8975,0.43375,,,115,529,typical,2.065461,10.6142435,9.909732,4.602107
261106371,val,1,4,2,1832.26606136717,56.17991676311738,243.10234,169.4715,0.645,0.3825,,,374,583,typical,3.2348688,4.1352997,9.70592,4.1247177
261091716,val,1,4,2,1826.0519771929603,41.04877810191918,281.69357,111.99099,0.81,0.1425,,,210,825,typical,3.2560546,3.6635735,5.8953943,2.5830827
261137242,val,1,4,2,1834.4292838355657,80.11046373319361,242.98183,156.32327,0.64375,0.3225,,,376,641,typical,3.8654685,4.996833,9.911573,4.2890797
261091652,val,1,4,2,1800.159580123,57.500458198376435,338.6078,77.36627,0.92,0.0475,,,89,941,typical,7.577397,4.8712597,5.4230294,2.2070146
261106305,val,1,4,2,1800.090358557747,77.04634492718058,225.00699,81.85011,0.5375,0.05625,,,486,926,typical,8.1851015,6.0482397,5.5053787,2.2973838
392013192,val,1,4,2,1842.6400906618665,120.01081598906748,242.64629,56.73598,0.64375,0.00875,,,378,990,typical,2.0007117,9.19813,6.847848,7.240104
392013187,val,1,4,2,1836.2438777416917,120.62907414236574,270.68134,49.60264,0.77125,0.00375,,,251,995,typical,5.2159677,9.644411,6.8523374,7.198513
392013107,val,1,4,2,1806.476948841084,153.3838573267741,180.61159,85.57178,0.26125,0.06875,,,756,911,typical,-0.3419619,9.664792,4.1094093,8.665142
261139518,val,1,4,2,1800.2324302189902,129.81429133002248,212.36984,105.85048,0.4625,0.125,,,559,847,typical,6.2956433,9.5330305,4.086228,8.671711
261139519,val,1,4,2,1801.3161971901277,130.79237369611147,216.65997,106.29222,0.4875,0.12875,,,532,842,typical,6.240225,9.566985,4.1094136,8.665358
261137093,val,1,4,2,1782.9832888091607,137.7499346342882,145.02501,114.84749,0.05375,0.15375,,,950,814,typical,-0.5611654,8.874328,4.1350527,8.712903
261137168,val,1,4,2,1804.3452077989791,109.96264603673797,247.44556,58.889828,0.6675,0.01,,,354,986,typical,6.1474576,9.619278,4.109662,8.626656
261108562,val,1,4,2,1782.7258060501747,106.31602177523992,194.46698,80.078766,0.345,0.05125,,,675,931,typical,0.22026348,8.668672,4.0769024,8.6074915
261106216,val,1,4,2,1757.1851072554662,101.61543286544652,158.85196,72.371254,0.1125,0.03875,,,895,951,typical,0.41902816,9.206873,4.778997,8.955023
261137134,val,1,4,2,1784.508242795941,119.3811791905344,163.47754,92.71266,0.14125,0.0775,,,868,895,typical,-0.16332416,8.817651,4.089342,8.644335
261106183,val,1,4,2,1754.1675099772078,114.71332268102752,162.86636,121.6168,0.1325,0.175,,,876,792,typical,-0.48698977,9.673225,4.7172103,8.929929
261106146,val,1,4,2,1740.3622775416318,120.12294812599194,401.88013,87.46883,0.95875,0.07125,,,38,907,physics,5.437985,5.8056026,4.617354,8.961008
261259844,val,1,4,2,1939.368944670673,188.321961368833,206.44781,138.1342,0.42625,0.2425,,,597,727,typical,8.377936,5.4178667,4.568195,4.1746607
261259839,val,1,4,2,1939.212252841589,194.2592854738649,229.54347,70.93278,0.5675,0.035,,,455,956,typical,6.4632335,6.3316097,4.68728,4.3686905
261257163,val,1,4,2,1900.8175374175808,205.39034653880628,310.52615,200.00851,0.8825,0.515,,,134,450,typical,0.63351196,8.860958,5.8888407,10.485645
261238689,val,1,4,2,1886.1332937102973,198.88804136113336,188.25366,189.95586,0.30875,0.45625,,,714,505,typical,0.65874064,9.54561,5.816675,10.400943
261236025,val,1,4,2,1880.652277796382,195.52103685575065,348.4984,235.04362,0.9325,0.69125,,,74,285,typical,4.311412,9.4221325,5.8432045,10.427006
261236013,val,1,4,2,1876.0887623190767,197.36626430469616,188.77019,176.06503,0.3125,0.4075,,,708,556,typical,0.2586205,8.467533,5.8593125,10.452573
261238670,val,1,4,2,1877.027250010767,200.22278365288057,171.50151,184.34447,0.20125,0.4275,,,814,536,typical,0.49801722,8.842711,5.882295,10.48643
261257156,val,1,4,2,1900.058345519944,208.28576258302408,211.55266,208.87456,0.46,0.57,,,563,401,typical,0.58159035,8.9259,5.939263,10.53932
261236568,test,1,4,2,2081.8255766487528,4.8608923582757235,258.9736,236.80374,0.725,0.6975,43.0,22.0,299,278,typical,8.848114,4.8946533,1.4019502,1.4177061
261236555,test,1,4,2,2070.6398080229956,4.011486390785272,306.58395,158.0014,0.87375,0.3325,21.0,46.0,143,632,typical,9.021978,4.8259163,0.98504084,1.0396278
261239166,test,1,4,2,2065.5067586819196,23.61648154475896,253.93724,186.26617,0.695,0.4375,45.0,40.0,325,525,typical,11.400141,5.318329,0.5693416,1.0353314
261206874,test,1,4,2,2049.9956330979026,13.391027909439629,238.1682,88.23158,0.61875,0.0725,50.0,83.0,401,905,typical,11.5144,5.3294554,0.9079138,1.2267735
261204438,test,1,4,2,2021.999064373872,13.969770127222116,329.19037,70.647705,0.9075,0.035,16.0,94.0,102,957,typical,0.042636402,7.6803102,0.94594735,1.6888281
261156580,test,1,4,2,2018.6159082202328,3.7583694003079753,297.15463,64.08505,0.85625,0.02,30.0,95.0,168,974,typical,11.985275,5.231317,2.0691426,3.180654
261257595,test,1,4,2,2075.8353919573083,42.370911104608666,266.3598,226.58104,0.75625,0.6625,42.0,26.0,270,316,typical,11.575001,5.445988,0.44287863,0.73013204
261257569,test,1,4,2,2065.558393303748,51.89090514015527,275.56937,141.73016,0.79,0.26,37.0,56.0,232,707,typical,3.0299356,5.620319,0.25889933,0.69980985
261239131,test,1,4,2,2059.753314909485,39.74808169789364,224.38107,189.48488,0.53375,0.455,61.0,39.0,490,509,typical,11.12362,6.1108103,0.34387425,0.68094367
261239098,test,1,4,2,2038.6274360200664,48.91965415899003,249.97327,202.46938,0.6825,0.52875,47.0,34.0,340,438,typical,-2.1833198,9.918945,-1.9989867,7.300602
261236461,test,1,4,2,2039.945546821878,40.59931260680968,304.59665,147.16623,0.8675,0.2825,23.0,52.0,152,682,typical,-2.5519218,9.456315,-2.0927956,7.353728
261236462,test,1,4,2,2040.9039538407867,41.00228488568143,297.4063,146.71875,0.8575,0.2825,29.0,53.0,166,683,typical,-2.5457952,9.451462,-2.073288,7.33184
261257531,test,1,4,2,2045.6406749682244,60.63910293365708,292.07663,189.56818,0.83875,0.455,31.0,38.0,184,508,typical,-2.101031,9.9157505,-2.0045917,7.4051476
261257489,test,1,4,2,2026.8422028093312,78.54075869572269,257.3625,330.19458,0.7175,0.90875,44.0,1.0,306,77,typical,-2.195461,9.950917,-2.7934933,7.181216
261239084,test,1,4,2,2032.803986053185,56.60927115641621,298.42502,237.63943,0.86,0.69875,28.0,21.0,163,276,typical,-2.3835511,9.760974,-2.0513875,7.409247
261239023,test,1,4,2,2009.6927866318329,76.68372967096198,352.19012,252.61108,0.93625,0.7625,11.0,16.0,69,218,typical,-2.5914214,9.997806,-2.7095234,7.062437
261204416,test,1,4,2,2013.598219580924,21.154503017248047,280.39398,85.30713,0.805,0.06875,34.0,85.0,217,912,typical,8.268222,5.095048,-0.90260184,8.011609
261204413,test,1,4,2,2012.5933164557596,22.900332312278938,267.90366,89.202896,0.76,0.07375,41.0,81.0,265,902,typical,7.231313,5.423759,-0.8805503,8.034311
392026017,test,1,4,2,1989.0787998515905,12.00652685395528,162.76358,32.26663,0.1325,0.0,89.0,100.0,877,1000,typical,-0.5577418,7.4384246,-0.7890442,8.178305
261156487,test,1,4,2,1978.5791074830609,36.29193075495179,181.07208,260.21356,0.26375,0.785,81.0,11.0,752,193,typical,-0.97239345,9.677093,0.18998787,6.8922553
261156484,test,1,4,2,1978.850382041284,37.9373922808483,290.79617,320.36227,0.83875,0.89625,32.0,2.0,185,88,typical,2.5390887,10.477965,0.13103077,6.914926
261206737,test,1,4,2,1981.2014360388143,65.29611381956664,319.8537,301.0749,0.8975,0.87625,18.0,5.0,118,108,typical,5.91964,7.612035,-1.0469067,3.98955
392025966,test,1,4,2,1957.9269193017872,40.0438989695838,214.99927,218.5808,0.4725,0.61625,64.0,29.0,546,358,typical,5.5040746,7.8395147,0.35654646,6.739916
392025957,test,1,4,2,1955.0307990453732,45.40480934639105,342.8611,263.81223,0.92375,0.79375,13.0,8.0,83,183,typical,5.668754,7.671446,0.6358911,6.559417
261139821,test,1,4,2,1931.6796438764495,20.90673979471515,229.04492,151.54942,0.565,0.30375,57.0,48.0,458,659,typical,3.2209182,9.783028,1.390935,6.362654
261139817,test,1,4,2,1926.059903863449,20.878588990569323,218.73355,146.07101,0.50625,0.27625,62.0,54.0,514,690,typical,3.2845876,9.79011,1.3377688,6.3694015
392013386,test,1,4,2,1936.7730333953043,48.10990401475737,210.99657,270.2056,0.45375,0.815,68.0,7.0,570,163,typical,7.521511,7.7867303,0.8086639,6.507321
261137379,test,1,4,2,1892.525321607772,30.67354129113437,213.19145,91.21691,0.465,0.07625,67.0,79.0,556,898,typical,7.553808,7.803598,1.3573533,6.3923745
261089303,test,1,4,2,1821.0080069716344,27.301605840885145,318.11325,126.813194,0.8925,0.20375,19.0,66.0,123,766,typical,4.1133976,4.911662,8.597685,2.7794285
261089343,test,1,4,2,1830.3994511174983,6.190226457896567,203.45859,79.808426,0.40625,0.05,73.0,91.0,619,936,typical,2.5670476,8.649765,8.618314,2.7776406
261063106,test,1,4,2,1820.9733415042092,2.7811130561023933,188.49284,79.981674,0.31,0.05125,79.0,89.0,712,932,typical,1.2762728,9.189917,8.588266,2.7865846
261089321,test,1,4,2,1824.737021796701,16.37134456204091,235.99878,98.36566,0.605,0.095,52.0,76.0,416,876,typical,1.3377025,5.3071065,8.623783,2.7883596
261089285,test,1,4,2,1808.9706856276048,24.859047587411904,230.6725,138.89113,0.57125,0.24625,55.0,58.0,450,722,typical,6.628645,5.4015055,8.657083,2.824057
261060769,test,1,4,2,1790.1001479596175,16.975316078886454,202.1601,149.70067,0.3975,0.29125,75.0,49.0,629,670,typical,9.1149,4.2967863,8.626367,2.7793825
261260129,test,1,4,2,2038.508874006556,90.55688250411056,230.2305,242.26442,0.57,0.71125,56.0,20.0,452,264,typical,-2.0566123,9.819697,-2.7093644,7.099216
261257471,test,1,4,2,2025.9272196330207,93.84273960850936,248.61354,316.2193,0.67375,0.895,48.0,3.0,348,90,typical,-2.3719618,9.715608,-2.8040571,7.1264815
261257476,test,1,4,2,2020.622265107265,84.89155366299764,251.55527,299.82812,0.6875,0.8725,46.0,6.0,335,112,typical,-2.1721318,9.994702,-2.7655938,7.1011767
261257479,test,1,4,2,2025.2165300815568,88.85030226539331,377.40894,256.6929,0.94875,0.77625,6.0,13.0,53,203,typical,-2.6613305,9.926283,-2.6933837,7.069122
261260117,test,1,4,2,2034.0518264711409,98.27550165553824,363.62314,254.4072,0.945,0.76875,7.0,15.0,58,212,typical,-2.619027,9.915689,-2.7160468,7.1009903
261238961,test,1,4,2,1992.2397873526972,101.9028669488918,208.01479,262.14752,0.435,0.79,70.0,9.0,588,187,typical,7.3647757,6.1341844,-0.035627164,3.8561385
261260038,test,1,4,2,2002.2200506295417,128.9096374410081,270.41895,244.22658,0.77,0.72,40.0,19.0,254,256,typical,7.2756715,5.4524446,1.0812078,3.4872062
261257382,test,1,4,2,1984.8797805284228,131.8906768671309,228.62973,184.55035,0.5625,0.42875,58.0,41.0,461,534,typical,8.919833,5.1881623,1.2656306,3.417223
261236222,test,1,4,2,1944.463124015991,123.18770303815823,304.89978,209.21983,0.8675,0.57,22.0,32.0,151,400,typical,7.149245,5.1106534,2.9438062,0.86575735
261206701,test,1,4,2,1971.4963397618264,82.18623327458135,179.16766,190.99834,0.25125,0.465,84.0,36.0,768,495,typical,7.5538697,6.475756,-0.53463274,3.2210095
261204223,test,1,4,2,1942.8573617713223,93.67508929092736,205.81264,142.31116,0.4225,0.26125,71.0,55.0,602,704,typical,8.355073,6.1056347,1.0273874,3.1361868
261156386,test,1,4,2,1949.863386733282,73.44116255779315,162.18288,218.246,0.13,0.61625,90.0,30.0,880,359,typical,8.45772,6.982689,-1.0394537,3.6432612
261156336,test,1,4,2,1924.3325570597729,86.0798932137167,193.30798,74.722176,0.33875,0.0425,78.0,92.0,681,946,typical,8.6515875,5.9206743,0.67291594,2.8439844
392025846,test,1,4,2,1909.653412853999,80.85650969137056,276.04208,56.939426,0.79125,0.00875,36.0,99.0,230,989,typical,11.296963,5.1105485,0.5017435,2.804074
261206600,test,1,4,2,1934.3647315419723,112.7253608315719,320.35907,63.866787,0.8975,0.01875,17.0,96.0,116,976,typical,2.4356265,10.77274,2.9332817,0.9059126
261204155,test,1,4,2,1909.5026667805585,110.43669686179167,242.87958,100.94078,0.64375,0.10125,49.0,74.0,377,869,typical,2.5662792,3.993676,9.072519,5.7509456
261156271,test,1,4,2,1892.0017859571071,108.16337934005816,179.2368,96.20513,0.25125,0.08375,83.0,77.0,767,886,typical,1.0339344,4.315194,9.673961,5.9238024
261238869,test,1,4,2,1957.7037743475144,141.50708994783514,519.6143,165.75952,0.98,0.36875,3.0,44.0,20,598,physics,12.444424,5.1328645,2.824992,0.81597173
261259954,test,1,4,2,1970.7587694379556,159.76762465103508,217.9316,152.2208,0.49875,0.305,63.0,47.0,522,656,typical,8.399127,5.9827676,2.7972074,0.8246689
261238874,test,1,4,2,1954.217751604484,135.30764828496396,916.7174,148.5466,0.9975,0.2875,1.0,50.0,3,675,physics,12.450123,5.133461,2.9580843,0.9021634
261238842,test,1,4,2,1939.0584403841624,142.2378953157697,383.43875,310.64316,0.95,0.8925,5.0,4.0,49,93,physics,3.0011296,4.011965,2.8525853,0.85772973
261259943,test,1,4,2,1967.1851559973156,163.95013860419684,272.52124,161.26384,0.78625,0.34875,38.0,45.0,238,617,typical,7.537344,7.82111,2.7519453,0.8537597
261259914,test,1,4,2,1954.9115406068647,166.8641674795739,302.17258,88.52053,0.8625,0.0725,24.0,82.0,157,904,typical,4.290052,9.445846,4.1799097,3.9803581
261257278,test,1,4,2,1937.7013601954693,165.12636413501292,310.24878,85.26715,0.8825,0.06875,20.0,86.0,135,913,typical,6.3848004,4.142662,4.886405,2.553705
261259861,test,1,4,2,1943.7552031911607,182.75889560018751,226.51195,61.20234,0.54875,0.0125,60.0,97.0,475,982,typical,8.701625,4.693822,4.128943,4.328508
261206562,test,1,4,2,1927.0255177399931,130.07347116833992,298.87677,110.83301,0.86,0.14125,27.0,70.0,162,827,typical,2.5444915,10.899694,9.314811,4.49449
261204118,test,1,4,2,1898.269621029956,127.51142179080092,122.69232,138.3466,0.005,0.24375,100.0,59.0,996,725,typical,0.47453552,5.87143,9.24657,6.3269863
261206546,test,1,4,2,1919.977609669736,138.06686412716758,136.85484,130.4067,0.0325,0.21625,96.0,65.0,970,755,typical,0.5130539,5.192954,9.21187,4.592458
261204129,test,1,4,2,1901.696298439559,122.46046779791295,164.00352,107.82187,0.14625,0.13125,88.0,71.0,863,837,typical,1.3533281,4.4546733,8.994903,6.3908396
261156258,test,1,4,2,1891.790583773064,119.60392643973609,144.94917,131.75691,0.05375,0.22,94.0,63.0,951,750,typical,0.66709197,5.4805512,8.908032,6.553762
261156222,test,1,4,2,1875.220687928137,131.14732271068564,134.99353,177.89993,0.025,0.41375,97.0,42.0,977,550,typical,0.41438237,6.4218,7.2976584,7.392357
261156208,test,1,4,2,1868.2334839423845,130.97639339652642,157.75279,189.98647,0.10625,0.45625,91.0,37.0,901,504,typical,0.8485148,7.307541,7.2037473,7.2825565
261156141,test,1,4,2,1846.9366266250956,154.0881093889602,214.51736,98.712746,0.47,0.09625,65.0,75.0,549,874,typical,0.7432769,8.44958,4.37692,7.5799384
392013239,test,1,4,2,1863.5522663799736,104.96320075130208,137.61588,137.90877,0.035,0.24,95.0,60.0,967,730,typical,0.52762043,5.133338,7.855031,7.1524215
261137251,test,1,4,2,1847.412090052516,83.08305239486508,232.02477,84.23646,0.5775,0.06625,53.0,87.0,443,916,typical,2.042732,3.9388843,9.7117815,5.8631234
724120419,test,1,4,2,1847.1095846517487,89.05287816307892,231.9134,120.24313,0.5775,0.17125,54.0,69.0,444,797,typical,1.6240014,9.9321995,9.8055,5.721253
261139627,test,1,4,2,1850.8628728007632,97.11590430980476,154.23164,82.59616,0.09375,0.0575,93.0,88.0,914,924,typical,1.0320823,4.4682574,8.0418825,7.0810695
261108736,test,1,4,2,1853.47998645512,43.93370238815466,210.25755,173.44464,0.45,0.3975,69.0,43.0,575,567,typical,3.613407,4.9757876,9.618967,3.7395222
261091733,test,1,4,2,1828.9753186453593,37.15675040640601,213.30327,222.2798,0.46625,0.64625,66.0,28.0,554,332,typical,2.9110887,3.6178179,8.701992,2.85141
261091707,test,1,4,2,1817.1171326522344,36.42187068839434,300.13525,197.42256,0.86125,0.50125,26.0,35.0,160,463,typical,3.3846767,3.4527652,8.661037,2.7694075
261091708,test,1,4,2,1820.603829275399,41.2678420006976,343.57336,255.3033,0.925,0.7725,12.0,14.0,81,208,typical,3.5168934,3.6789675,8.814712,2.969405
261091695,test,1,4,2,1814.2710585683085,41.42206965793984,281.6474,223.05367,0.81,0.6475,33.0,27.0,211,330,typical,3.472294,3.4215803,8.7281065,2.8863015
261137247,test,1,4,2,1839.46112725162,76.3281859107555,238.10492,130.48206,0.61875,0.21625,51.0,64.0,402,754,typical,2.2982924,3.8699107,9.820956,4.180458
261108647,test,1,4,2,1815.1146799388416,76.09855728273442,355.23804,123.50095,0.93875,0.18125,9.0,67.0,65,785,typical,3.5583577,3.894879,5.612575,2.321887
261108636,test,1,4,2,1812.160876438318,78.99301296240439,332.66132,94.4833,0.91375,0.08125,15.0,78.0,96,889,typical,3.676318,4.0761204,5.64319,2.4140308
261108617,test,1,4,2,1804.1784879870984,84.42501087033109,203.09439,89.361,0.40375,0.07375,74.0,80.0,622,901,typical,8.002726,6.4988236,5.583056,2.343877
392013180,test,1,4,2,1835.7192519130565,125.40243900969298,276.25168,140.23407,0.79125,0.25375,35.0,57.0,229,714,typical,2.2165148,9.289149,3.6329226,6.5321693
261139607,test,1,4,2,1840.5861265725257,106.40389516606108,131.8898,60.595665,0.02125,0.01,99.0,98.0,982,985,typical,0.2537193,5.6084867,7.5266414,7.250158
261139571,test,1,4,2,1823.9398294972864,119.56883844792492,301.11514,216.56079,0.8625,0.61,25.0,31.0,158,365,typical,5.236075,9.774651,3.4640815,6.359036
392025711,test,1,4,2,1838.1640719356324,133.4472900365822,355.68613,121.46455,0.93875,0.175,8.0,68.0,64,793,typical,4.924162,9.759024,4.0500426,6.9971876
392013156,test,1,4,2,1823.620755644674,138.05111377082204,352.57822,137.57346,0.93875,0.23875,10.0,61.0,66,732,typical,5.7003474,9.668294,3.7732215,6.5437036
392013143,test,1,4,2,1823.0614459951355,142.80155103731025,340.10495,105.96588,0.9225,0.1275,14.0,72.0,85,844,typical,5.4034615,9.558448,3.8478992,6.775634
392025689,test,1,4,2,1835.4152716183105,149.95355057405362,157.18074,79.96949,0.10375,0.05125,92.0,90.0,904,933,typical,-0.13381737,8.3194,4.007828,7.0506716
261139543,test,1,4,2,1813.5819129867727,127.16928660780526,270.483,233.9055,0.77125,0.685,39.0,23.0,252,291,typical,5.86903,9.663772,3.2537467,6.2901397
261139530,test,1,4,2,1806.668260554507,130.38721007336653,388.14423,147.35648,0.9525,0.28375,4.0,51.0,45,680,physics,5.146401,9.615336,3.1057494,6.2839518
261137128,test,1,4,2,1790.0270557700685,130.08192077624392,134.35959,102.286674,0.025,0.10875,98.0,73.0,978,862,typical,-0.48423198,8.803136,4.040863,8.577502
261108586,test,1,4,2,1791.2693401449442,95.89903352866614,173.9193,73.67108,0.215,0.04125,85.0,93.0,801,948,typical,0.7700463,8.245588,4.9351344,8.725666
261108569,test,1,4,2,1781.1671111008563,101.06534275025558,198.32536,260.87836,0.37,0.78625,77.0,10.0,654,191,typical,0.53829086,8.842531,4.8465514,8.63634
261108532,test,1,4,2,1770.728695524063,111.2901088780411,169.2923,251.34146,0.1875,0.74875,87.0,18.0,828,231,typical,-0.12687674,9.049354,4.7021127,8.8490715
261106245,test,1,4,2,1769.0003968752123,92.99893881388992,204.5175,229.20145,0.4125,0.67,72.0,25.0,613,307,typical,0.6272257,9.03561,4.9022717,8.700602
261106220,test,1,4,2,1758.6013146544396,99.00181685182255,179.54883,231.90248,0.255,0.67625,82.0,24.0,763,301,typical,-0.098613,8.283711,4.6470647,9.050966
261108522,test,1,4,2,1769.2966096185146,118.10026722068486,169.88602,252.25827,0.1925,0.75875,86.0,17.0,822,222,typical,-0.32051128,9.387099,4.760172,8.840177
261108514,test,1,4,2,1766.4380315424394,119.9525791289076,185.76207,203.22127,0.29625,0.53375,80.0,33.0,725,432,typical,-0.3321552,9.420949,4.610871,9.063235
261108472,test,1,4,2,1755.9276885983563,139.5589556903568,227.18167,258.3787,0.55125,0.78125,59.0,12.0,472,197,typical,2.6210706,10.828423,4.4632277,9.02222
261257197,test,1,4,2,1912.528079956987,191.7617368338971,200.28642,131.87845,0.385,0.22125,76.0,62.0,641,748,typical,2.3453093,8.809931,4.601059,4.1566706
261259744,test,1,4,2,1903.5406018960184,221.9613165454459,776.05896,86.86211,0.995,0.07,2.0,84.0,6,909,physics,4.5203032,6.0242443,5.0187654,4.6119537
