TIC,split,sector,camera,ccd,detector_x,detector_y,valid_cadences,physics_umap_1,physics_umap_2,instrument_umap_1,instrument_umap_2
261257641,train,1,4,2,2090.1142504650816,25.40956745943603,960,9.014037,4.764555,1.9815993,2.1670935
261257636,train,1,4,2,2085.603172609887,24.875693456244832,960,9.329456,4.7100396,1.9987477,2.2108374
261239209,train,1,4,2,2086.745373611964,8.517532105975546,960,8.765237,4.8772917,2.19457,2.6693463
261236560,train,1,4,2,2078.360946531465,10.580442721077308,960,9.00863,4.8275003,2.1828072,2.694039
261239189,train,1,4,2,2078.962571846225,19.48958919178759,960,9.312522,4.520693,2.076172,2.3779218
261206882,train,1,4,2,2054.1073391625596,12.730848381844822,960,11.427799,5.3413925,0.98054194,0.97187036
261236510,train,1,4,2,2056.661217866871,18.811124310047937,960,11.303326,5.339893,0.95287263,1.0567877
261236508,train,1,4,2,2056.798403637491,21.619540854471108,960,11.222617,5.45924,0.75289834,1.1005273
261236503,train,1,4,2,2052.8421383142722,23.5665228106292,960,11.196105,5.5285826,0.40719476,1.1393468
261236501,train,1,4,2,2051.547230956947,22.292711021901574,960,11.305822,5.8509655,0.5661631,1.1359025
261206863,train,1,4,2,2048.485394242196,20.57109517172434,960,11.22285,5.925557,0.43769908,1.1382797
261206864,train,1,4,2,2048.2986491899237,19.746044312683125,960,11.27577,5.7595835,0.40702745,1.1213351
261206892,train,1,4,2,2053.599078143806,6.457267041456532,960,11.181449,5.1226373,1.0479562,0.90783703
261206879,train,1,4,2,2047.0958545856804,6.48526656791687,960,11.570975,5.269145,0.8291715,0.6780824
261206869,train,1,4,2,2045.190469998854,11.019542650242412,960,11.550818,5.377823,0.7216037,0.5653422
261204469,train,1,4,2,2042.9107520017124,8.464437913238962,960,11.664554,5.344764,0.7597036,0.49904343
261206875,train,1,4,2,2047.0684724673754,8.21057206438571,960,11.631869,5.283084,0.959767,0.84389824
261204456,train,1,4,2,2036.4411593673256,12.945280918011774,960,11.750305,5.614926,0.35220543,0.6223725
261206867,train,1,4,2,2048.9372587531493,16.074254994849223,960,11.327458,5.366588,0.6610655,0.9421414
261206859,train,1,4,2,2040.570884844528,16.15759420535453,960,11.6257715,5.706149,0.3153483,0.6238793
261206851,train,1,4,2,2036.1660613870647,16.209734432635265,960,11.717543,5.7139983,0.28187796,0.6758647
261204453,train,1,4,2,2028.5275341534305,7.082794482107353,960,2.9348307,5.665972,0.49181628,0.4983009
261204434,train,1,4,2,2020.2990830855122,15.063733300315823,960,-0.011234391,7.646895,7.060672,3.4967508
261204429,train,1,4,2,2017.8011371108948,15.014644590828146,960,8.701281,5.5155153,2.1264677,3.0647395
261156581,train,1,4,2,2019.3777274720514,4.446272686652469,960,0.5646909,6.1836786,2.0925224,2.859292
392026045,train,1,4,2,2004.6904785280815,5.275075740126533,960,-0.28263712,7.15361,0.9025917,8.528706
261156571,train,1,4,2,2013.533515680013,9.865916014963702,960,9.014866,4.710656,2.1131454,3.0367973
261156558,train,1,4,2,2005.3061438314658,9.149921461868601,960,-0.468783,7.3659515,0.8970166,8.54715
261156563,train,1,4,2,2007.8802457534061,10.016585372138787,960,6.546205,4.277401,0.8621753,8.548056
392026032,train,1,4,2,1995.06761889692,8.401568354244642,960,-0.44903418,7.3932676,0.978774,8.766223
392026025,train,1,4,2,1991.250334397826,10.190434028041516,960,-0.5261994,7.4573083,0.994762,8.778644
392026024,train,1,4,2,1987.5961470528453,5.86321762673732,960,-0.484101,7.4143715,0.9941052,8.78979
392026018,train,1,4,2,1986.1037086688048,8.200070670695425,960,0.9711567,9.696893,1.0056313,8.7481985
261257606,train,1,4,2,2081.5504758429315,42.74645435395025,960,11.587746,5.2618527,0.7611141,0.49737108
261257613,train,1,4,2,2078.4465136674444,35.39076747213935,960,11.098515,5.0573115,1.0717328,1.0582465
261257608,train,1,4,2,2074.1713985771403,34.566093732538405,960,11.21177,5.1806583,1.068437,1.1006064
261239161,train,1,4,2,2069.6571255449508,32.89928159404311,960,11.2146015,5.265356,0.90241426,1.0523407
261257596,train,1,4,2,2070.877860710327,36.392188837064765,960,11.433877,5.368983,0.9220934,1.0130645
261260240,train,1,4,2,2087.420348868094,46.87487991827386,960,11.618323,5.2956614,0.6074676,0.2946813
261260232,train,1,4,2,2083.3158513363855,49.0429279133771,960,11.86512,5.390675,0.6410252,0.3158861
261260230,train,1,4,2,2082.8552905644897,52.34951356188683,960,11.944838,5.4551454,0.62707597,0.29831755
261260227,train,1,4,2,2078.1402957305163,48.670986581605526,960,11.938408,5.4653316,0.6523412,0.31404215
261257592,train,1,4,2,2076.7822086617025,46.69133921751675,960,11.701556,5.428568,0.6376342,0.29527125
261260225,train,1,4,2,2083.4890410405324,54.89140825742045,960,11.842342,5.6210365,0.61238015,0.26335078
261257561,train,1,4,2,2065.847371935346,56.63449275152647,960,-0.08344081,7.063882,-1.4276158,7.3589
261257591,train,1,4,2,2074.3565481269898,44.34469616373207,960,11.656194,5.37092,0.58830893,0.5563755
261257582,train,1,4,2,2067.29945251996,46.40656034052478,960,11.319505,5.988325,0.3665812,0.64753205
261239130,train,1,4,2,2062.9687326069647,43.423351576115,960,11.303451,5.9844866,0.22169963,0.8215864
261257572,train,1,4,2,2062.9840688911904,47.30676776828037,960,11.361241,6.037605,-1.4005405,7.053699
261257555,train,1,4,2,2058.7753809242377,52.56527966995794,960,-0.770686,8.653877,-1.5173491,7.1879954
261257557,train,1,4,2,2061.4725672494906,53.084760323563046,960,-2.2940464,9.252592,-1.4128214,7.138626
261239110,train,1,4,2,2054.5325575782017,49.87201194050261,960,-2.5205145,9.345874,-1.6771467,7.288961
261239104,train,1,4,2,2049.957726565487,52.939664452021624,960,-2.212676,9.622256,-1.9738712,7.451282
261239153,train,1,4,2,2065.6118575427768,33.32094064119222,960,11.456081,5.6012893,0.7850496,1.1199096
261239154,train,1,4,2,2066.914815934205,34.54276436576624,960,11.269645,5.431816,0.73182636,1.1368226
261236492,train,1,4,2,2052.434133629008,31.166734572846373,960,11.041462,6.172055,0.041413523,1.4141595
261239137,train,1,4,2,2061.4198875670136,36.609307791106,960,2.78166,10.557524,0.3852179,1.1620489
261239128,train,1,4,2,2059.2739359738234,40.37831202939514,960,11.111365,6.129146,-0.091467276,1.4496548
261236491,train,1,4,2,2053.8839708575615,32.80784090628211,960,11.01675,6.195345,-0.00092799385,1.4249185
261239122,train,1,4,2,2053.0076281212678,38.83329036652416,960,10.997707,6.232391,-0.21254943,1.595518
261236498,train,1,4,2,2052.4830992492734,25.180529498878446,960,11.142625,5.574211,0.33094826,1.2036705
261206854,train,1,4,2,2044.1979018182858,23.640143497550753,960,-0.2115756,10.355219,-1.277522,7.1220765
261206849,train,1,4,2,2043.3825946918375,25.906343494103595,960,4.935206,5.3363895,-1.2651619,7.1576233
261206850,train,1,4,2,2043.9917924443348,25.358171956258474,960,4.560992,5.787927,-1.2485807,7.21411
261206848,train,1,4,2,2042.889542305559,26.003185774568976,960,4.8883176,5.3302155,-1.2724537,7.1691794
261206840,train,1,4,2,2038.9809440552015,27.001648576785904,960,-0.36269292,9.310477,-1.3669758,7.116445
261236490,train,1,4,2,2050.991005836033,31.835671402077033,960,11.001162,6.203843,-0.04149158,1.449674
261236483,train,1,4,2,2046.7725313431968,33.93129264924088,960,8.975386,6.828339,-0.23660584,1.6274809
261239118,train,1,4,2,2055.5099684714432,42.49773877879097,960,10.944529,6.2872314,-0.12137907,1.473622
261239106,train,1,4,2,2048.0041833495543,48.16689035478323,960,-2.5286512,9.426111,-1.6122437,7.2237034
261260206,train,1,4,2,2067.950501943972,60.219284971561386,960,3.3767393,5.3083124,-1.3859289,7.656517
261260200,train,1,4,2,2068.1186632339163,66.28511369785195,960,4.5285625,5.9439006,-1.3024554,7.76944
261260191,train,1,4,2,2060.2429376602922,64.69333163554177,960,-0.9039484,8.441596,-1.942254,7.6031
261260192,train,1,4,2,2062.3654544286833,66.32975121545711,960,0.9634849,10.044031,-1.4128016,7.730445
261257529,train,1,4,2,2054.4053108917187,69.90408883001275,960,-1.9271158,9.487203,-2.396803,7.820119
261257543,train,1,4,2,2051.361148616693,61.086581306256456,960,-2.0457585,9.595899,-2.3727257,7.695792
261257540,train,1,4,2,2049.638291700923,60.49145683475742,960,-1.9968978,9.577548,-2.4299827,7.513211
261257526,train,1,4,2,2050.728600202049,67.6489540643395,960,-1.4482565,9.880826,-2.3842728,7.8885856
261260175,train,1,4,2,2055.971290228932,75.48151066669746,960,-1.8152227,9.240049,-2.4255502,7.7726917
261260162,train,1,4,2,2049.368871116091,79.66432637434835,960,-1.8242207,9.29195,-2.489669,7.7598796
261257511,train,1,4,2,2039.0415101387255,70.30450568212956,960,3.905538,5.207385,-2.387487,7.2258096
261239073,train,1,4,2,2034.6166941937158,67.54245113942639,960,0.92746925,10.25531,-2.4122403,7.2185917
261257495,train,1,4,2,2031.2396003357428,76.16169055882123,960,-2.5150077,9.833876,-2.734853,7.220517
261239088,train,1,4,2,2037.7890524101413,59.95437927461679,960,4.505986,6.010844,-2.3992386,7.242873
261236426,train,1,4,2,2029.710385308482,53.55097072662051,960,-2.4739754,9.834772,-2.562643,7.466315
261239082,train,1,4,2,2031.9724368129664,56.89416326596088,960,-2.3469303,9.780923,-2.379862,7.2356625
261239081,train,1,4,2,2030.5989346610404,56.32565004049467,960,-2.362717,9.771172,-2.3631191,7.273584
261239083,train,1,4,2,2037.4707268534387,62.3132867426643,960,4.4262295,5.786298,-2.3835955,7.2706513
261236413,train,1,4,2,2025.9692174136787,58.23574812092738,960,-2.209604,9.705481,-2.6330824,7.4073896
261239067,train,1,4,2,2024.020367391116,62.59633067281076,960,-2.3191276,9.907612,-2.462375,8.109444
261236409,train,1,4,2,2020.011134802713,54.46572770911164,960,-1.6827303,9.861906,-2.4453564,7.9496317
261236408,train,1,4,2,2016.6868425280313,50.918571515101725,960,5.868356,8.894412,-2.3950753,8.024449
261236391,train,1,4,2,2018.6800914028909,63.25863002168763,960,-1.5507071,9.892285,-2.442882,8.091414
261239054,train,1,4,2,2021.9540347709303,69.7042384861343,960,-2.000061,9.906839,-2.43497,8.1700945
261239053,train,1,4,2,2021.1322642981102,69.99848919089163,960,-1.9104745,9.817712,-2.4634736,8.160018
261239045,train,1,4,2,2019.352864597961,70.63537136964298,960,-1.4133639,9.948316,-2.4355843,8.137284
261239044,train,1,4,2,2019.9812375097642,71.54851668091001,960,-1.8228532,9.903515,-2.4572954,8.122164
261236380,train,1,4,2,2014.3010096052153,68.76618681451748,960,-2.0925035,10.019331,-2.4218652,8.171895
261239028,train,1,4,2,2013.1284642963856,76.62282076017158,960,-1.8973186,9.949635,-2.416924,6.7618327
261236384,train,1,4,2,2016.488857470402,65.16974803184728,960,-1.1698201,10.382419,-2.4300377,8.136418
261236375,train,1,4,2,2005.619529763008,62.61308890367538,960,-1.838926,10.087605,-2.2182143,6.6738477
261206847,train,1,4,2,2038.7770580041033,22.12634538957326,960,-0.0777731,7.889267,-1.3150198,7.089827
261204442,train,1,4,2,2029.1583738653435,19.393232013911415,960,1.2866303,9.878308,-1.3783847,7.1316204
261204430,train,1,4,2,2022.1819414230517,19.501842272693168,960,4.7212777,5.437981,-1.2209116,7.855956
261204418,train,1,4,2,2016.6618196914221,24.112384395610306,960,8.393241,5.241691,0.20103326,4.4427123
261204415,train,1,4,2,2013.636964671207,23.40892646770431,960,7.8690033,5.249195,0.22268671,4.431588
261204396,train,1,4,2,2010.4181441273124,30.56483651546125,960,7.7788143,5.4970994,0.19106692,4.497012
261204392,train,1,4,2,2004.0200376207088,26.676860087098916,960,-1.0550596,9.730773,0.34101865,8.444415
261206807,train,1,4,2,2016.9934950435995,41.90692889994711,960,8.876381,6.037875,-2.1269054,7.4333673
261204383,train,1,4,2,2009.497393602916,38.88168165068392,960,4.5852246,5.84634,-0.33309534,8.631446
261204382,train,1,4,2,2008.641228459007,39.43766106335548,960,2.5662591,10.866182,-0.4416677,8.49167
261204380,train,1,4,2,2005.2376831164488,40.873925143521205,960,0.16456455,7.586079,-0.4127656,8.627088
261204371,train,1,4,2,2003.5134989287137,42.897049144851216,960,0.76447356,9.049726,-0.52842045,8.536932
261204401,train,1,4,2,2013.7843708481882,31.655538569218546,960,7.803429,5.585813,0.20978117,4.4546847
261204394,train,1,4,2,2008.3628590616252,30.611757968487993,960,7.8628645,5.372752,0.17608024,4.5411267
261204375,train,1,4,2,1997.3752961044538,34.02861221828529,960,1.1219397,9.611391,-0.3056837,8.653824
261204363,train,1,4,2,1997.0986418078348,40.589756738884105,960,-1.0403124,10.020917,-0.18564144,8.770446
261204367,train,1,4,2,1998.1883912248004,40.250678261710945,960,-1.0917991,10.01361,-0.24436189,8.698315
261156502,train,1,4,2,1989.3328735538091,38.57016705893555,960,-0.4688385,10.225322,-0.43749824,8.404397
261156546,train,1,4,2,2007.1143425823843,19.653132372817325,960,2.4124167,10.735314,0.39227086,8.491657
261156544,train,1,4,2,2006.1931466071971,20.467036213291326,960,0.72457504,10.06458,0.34709263,8.459509
261156541,train,1,4,2,2001.079396048286,17.607751940344688,960,-0.89192,8.808008,0.2578049,8.786794
261156539,train,1,4,2,2003.0668736706825,22.59823973917722,960,-0.6506,9.834244,0.32369614,8.513996
261156529,train,1,4,2,1994.08402479347,21.62243461051004,960,-0.35334444,9.996963,0.18964888,8.729069
392026016,train,1,4,2,1986.042035796589,10.261441424312286,960,-0.48092464,7.4480996,0.97697455,8.789468
392026007,train,1,4,2,1987.1918046385913,21.356049991718116,960,4.5251036,5.9659295,0.25184944,8.834454
261156511,train,1,4,2,1985.3741639288753,26.681412927580066,960,-0.325305,10.086586,-0.1616021,8.785373
261156498,train,1,4,2,1979.4015431419693,30.021394650244304,960,-0.5082908,10.263501,-0.12013898,8.805202
261156482,train,1,4,2,1979.4323458609656,38.67049099835212,960,-0.6032159,10.384972,-0.4481022,8.327489
261156475,train,1,4,2,1974.2101437910364,36.69518714076975,960,-0.8214448,10.490741,-0.29345563,8.286619
392025997,train,1,4,2,1979.0057099339808,26.473842707752464,960,-0.43321472,10.145648,-0.07982912,8.844109
392025991,train,1,4,2,1977.6375030654744,29.623277115730893,960,-0.47346604,10.290375,-0.10784565,8.836229
392025988,train,1,4,2,1973.1162882094675,28.366898419464313,960,-0.49880236,10.24413,-0.032652576,8.862269
261206777,train,1,4,2,1998.3133383828215,52.09018867783208,960,-1.1374576,10.171656,-0.3323947,7.963093
261204347,train,1,4,2,1993.6876008699521,53.217362172343016,960,-0.97187656,10.35633,-0.287769,7.8461614
261204335,train,1,4,2,1984.3828540987258,46.99100860806996,960,-0.9176305,9.419123,-0.39323378,7.9415874
261204338,train,1,4,2,1987.7467600083974,49.85576223271786,960,-0.91264176,10.497882,-0.35613897,7.8042445
261204331,train,1,4,2,1983.2475038385037,49.48039268612683,960,1.8464164,10.424404,-0.39873543,7.9487457
261204330,train,1,4,2,1983.1562037135195,49.96842462620656,960,0.87487113,10.217212,-0.34369478,7.90651
261204324,train,1,4,2,1980.8257460080824,51.16013809295764,960,-0.79693496,10.5532255,-0.3912435,7.9105988
261206757,train,1,4,2,1993.4130326291738,62.73775984323131,960,-1.1788099,10.490379,-0.3277959,7.8135285
261206763,train,1,4,2,1993.6171515067138,58.750790729669674,960,-1.0604199,10.501021,-0.35516858,7.879621
261206756,train,1,4,2,1988.8972253311308,57.84517481116915,960,-1.203512,10.380257,-0.027825873,7.239724
261204294,train,1,4,2,1972.6880384259002,61.57225773383031,960,6.0000234,8.321033,0.09725393,6.820712
261204285,train,1,4,2,1966.3107964594708,64.98561754593622,960,0.015081519,7.884569,0.031690046,6.6467843
261156481,train,1,4,2,1981.2307121328085,41.77271954715563,960,0.8573775,10.29843,-0.5090358,8.355182
261156488,train,1,4,2,1983.0097580862544,40.87423030833125,960,-0.09271681,7.823606,-0.43755352,8.343245
261156480,train,1,4,2,1981.441582024369,42.03545076970815,960,-1.3296007,9.751572,-0.4995257,8.3028965
261156474,train,1,4,2,1978.6313057907475,43.88367895398368,960,-0.8893039,10.467684,-0.4721034,8.258051
261156464,train,1,4,2,1969.6824478476574,41.135632619848394,960,-0.9512375,10.55845,-0.256242,8.046141
261156447,train,1,4,2,1964.6241334013675,46.119272106975004,960,5.646376,7.747643,0.14158545,6.9067173
261156443,train,1,4,2,1964.384659396907,50.64919929246442,960,5.76885,8.853696,0.20996487,6.8815002
392025977,train,1,4,2,1969.1087431716703,37.240277699502855,960,-0.8019326,10.495989,-0.29170492,7.9983525
392025965,train,1,4,2,1955.7757863315826,38.056400971746015,960,5.5648837,7.7377872,0.03106744,7.2283835
392025962,train,1,4,2,1959.3832370706027,43.56137525697409,960,5.601198,7.786897,0.159634,6.9190726
392025956,train,1,4,2,1955.0737947453406,46.30072332706493,960,4.600331,5.922599,0.14573751,6.8603115
392025953,train,1,4,2,1954.2449370274535,47.427625895651914,960,-0.79377943,10.635213,0.18423639,6.8925176
261156446,train,1,4,2,1971.2295577895954,54.87590074299455,960,5.6929655,7.73912,0.108382694,6.774073
261156442,train,1,4,2,1967.5073335136121,54.32630478176343,960,5.7454042,7.687735,0.14411111,6.8551927
261156428,train,1,4,2,1964.2488850777484,60.26590458360913,960,6.175052,5.85335,0.09274747,6.744615
261204279,train,1,4,2,1962.5228659974805,63.694923870580055,960,2.6080441,10.8632555,0.032396864,6.669218
392025936,train,1,4,2,1949.5463861871826,49.75233858200831,960,5.903874,8.856121,0.19822502,6.8743443
392025916,train,1,4,2,1939.8553259307027,55.39172711726387,960,7.8213124,7.3873096,-1.3093644,3.2791207
724112617,train,1,4,2,1978.601495948366,2.6759134522234547,960,-0.14613259,7.047797,0.99685067,8.782008
392013461,train,1,4,2,1964.8863664266992,10.199942458691877,960,-0.5652949,7.550029,0.9562713,8.783615
261139874,train,1,4,2,1956.1886165665092,3.004491299865916,960,0.39398986,6.663139,1.0830064,8.78935
261139855,train,1,4,2,1946.9912604838196,8.848389197811434,960,-0.47762248,7.4520364,7.032382,7.5235662
392013449,train,1,4,2,1964.5503947263308,21.871988899361348,960,-0.34576917,10.176608,0.084360026,8.837928
392013441,train,1,4,2,1959.2754955861656,20.8667523849847,960,-0.37864202,10.18602,-0.08255771,8.907725
392013431,train,1,4,2,1956.126950957203,25.20221492335369,960,-0.37849522,10.181944,-0.12277402,8.822756
392013427,train,1,4,2,1955.1779818706295,26.606300944869073,960,-0.41581792,10.248252,-0.047719963,8.956784
261139844,train,1,4,2,1942.9054527184724,14.974279132084904,960,1.3781279,8.179791,6.9194727,7.497531
261139831,train,1,4,2,1940.4422723948496,25.240857568719573,960,3.2915509,9.796557,1.4598715,6.4119797
261139824,train,1,4,2,1933.5935584005001,21.352838976970386,960,3.1001713,9.670401,1.4993565,6.4015613
261139852,train,1,4,2,1943.967777812517,6.03371000646123,960,0.9189036,7.326708,7.0135016,7.5334134
261137462,train,1,4,2,1940.9275016606514,7.510249510974608,960,1.1082666,7.6240144,6.9845567,7.5441775
261137451,train,1,4,2,1935.860989623279,9.424476518129149,960,1.0963053,7.647005,7.0597672,7.5050087
261137431,train,1,4,2,1923.9825746121685,20.391379233473092,960,3.3335137,9.835762,1.4279969,6.371134
261137418,train,1,4,2,1912.6493625206806,17.06944369165813,960,2.7762754,10.060965,1.7231656,6.439128
261108847,train,1,4,2,1904.6490150888071,14.948142385970177,960,2.2941527,9.398898,5.994618,6.867413
261108834,train,1,4,2,1900.919340609567,17.28606471589839,960,5.693619,6.264695,5.7054334,6.689868
392013419,train,1,4,2,1954.026733817386,33.49280022542206,960,-0.6256126,10.454615,-0.16883507,7.9035234
392025941,train,1,4,2,1945.6660380566402,41.71945792533499,960,5.068168,9.658388,1.2121421,6.3052106
392013394,train,1,4,2,1940.0784275181438,40.063842651418916,960,6.2326903,8.596833,1.2784057,6.3290744
392013395,train,1,4,2,1935.6149502518495,33.077693637970384,960,5.9069242,8.861451,1.2034305,6.2375107
261139779,train,1,4,2,1919.5604758671338,39.52131789774069,960,7.478304,7.875507,-1.3975267,3.4431114
261139776,train,1,4,2,1919.7234697504477,40.56999783386338,960,7.5562596,7.78242,-1.4000871,3.3771877
392013375,train,1,4,2,1927.6059439726444,49.257619481293325,960,7.865702,7.4763355,-1.255984,3.1226585
392025903,train,1,4,2,1927.4150516175291,57.789635135666586,960,8.3413725,7.2133646,-1.1800001,2.9628942
392013362,train,1,4,2,1922.3589492200508,55.8998369179375,960,8.270519,7.295784,-1.1674409,2.944428
392013373,train,1,4,2,1924.9044422489753,47.05879573368319,960,7.6527424,7.7639375,-1.3749126,3.3454483
261139771,train,1,4,2,1915.1458075221217,41.75200649170892,960,7.591827,7.8030615,-1.404987,3.3329365
261139755,train,1,4,2,1906.0699927255991,50.6119189196802,960,8.279421,7.124528,-0.36582714,2.5987973
261137417,train,1,4,2,1917.2139716458469,27.834471184157625,960,5.5968966,9.012375,1.283335,6.3130417
261139788,train,1,4,2,1916.5504234044558,28.70259992086988,960,5.7283883,9.06993,1.2469697,6.2538633
261137412,train,1,4,2,1913.7271892312574,26.01422770674657,960,5.5328164,9.184267,1.3299282,6.2876787
261137407,train,1,4,2,1911.2574671396071,29.346139329861362,960,7.160016,7.147976,1.2854286,6.278161
261137408,train,1,4,2,1911.7909143611566,28.909716180338993,960,5.6768713,6.1941414,1.2520761,6.3103557
261108823,train,1,4,2,1898.0803392476687,24.522080356714298,960,6.2784495,8.629144,1.1972761,6.306104
261137398,train,1,4,2,1901.9372197819926,24.025647120000777,960,6.2056193,8.7219095,1.3070084,6.3111463
261137386,train,1,4,2,1901.4514007741707,36.48050745603747,960,7.7891445,7.6821237,-1.2438605,3.152873
261139752,train,1,4,2,1902.8777316419653,47.29366902130818,960,8.259743,7.0644765,-0.45908678,2.6123562
261137366,train,1,4,2,1892.4061350194568,39.263668061486094,960,8.12601,7.552964,-0.8216507,2.8988001
261137368,train,1,4,2,1891.8806031727859,38.082842333729374,960,7.583625,7.0094266,-1.0505933,2.8335452
261137370,train,1,4,2,1892.6395818970952,37.94334727218164,960,7.7315736,7.148783,-1.1374226,2.9688566
261137362,train,1,4,2,1889.0755129136467,38.76944669869689,960,6.608332,5.92951,-0.945872,2.8313587
261137359,train,1,4,2,1888.1375752482604,39.86767577367229,960,5.92149,8.925322,-0.72513026,2.842883
261108794,train,1,4,2,1884.3634632344924,35.87489904990137,960,8.163924,7.0477767,-0.9422335,2.7818656
724114390,train,1,4,2,1881.2561484251933,38.039138655628776,960,8.122681,6.956555,-0.66577613,2.7091217
261137348,train,1,4,2,1880.7566663530515,40.12874764407875,960,8.226103,6.939886,-0.20190908,2.8479931
261108852,train,1,4,2,1903.3646182375237,8.37920440975942,960,1.3677787,7.8471675,6.208858,6.991744
261106493,train,1,4,2,1895.3677193669778,8.164432795383874,960,1.560129,8.00418,6.268109,7.024962
261108835,train,1,4,2,1896.9735083729895,11.845428291518061,960,1.5401268,7.9611855,6.0347013,6.8410063
261108829,train,1,4,2,1895.624787352747,16.973580597259968,960,4.886091,9.760516,5.9188795,6.77583
261106488,train,1,4,2,1890.6476836650706,9.785633726171708,960,1.4058782,7.9244537,6.073846,6.9214425
261108819,train,1,4,2,1888.7026558427867,14.869303991166513,960,1.9828529,9.662252,5.7078695,6.704138
261091836,train,1,4,2,1874.864476558229,4.79014654556069,960,1.629715,8.148851,5.928486,6.6756635
261091833,train,1,4,2,1874.9158635630822,6.118372043768703,960,1.9071224,8.836217,5.8768663,6.596127
261091817,train,1,4,2,1860.7963607830407,4.325164630687761,960,2.1518118,9.428399,5.8649664,6.2754087
261091813,train,1,4,2,1858.371639371579,4.267024344168831,960,2.180221,9.849948,5.854427,6.285445
261108817,train,1,4,2,1891.8700483464227,21.130501274552167,960,6.3711376,6.47107,1.2656847,6.301619
261108811,train,1,4,2,1891.2261663333013,23.677298826909254,960,5.6933775,9.196776,1.2077768,6.2330046
261108798,train,1,4,2,1882.9679662849858,30.128784071680524,960,8.727762,7.253985,-1.167907,2.936414
261106468,train,1,4,2,1877.5014993731745,17.473483009081026,960,5.528583,9.734912,5.6761684,6.6449213
261106467,train,1,4,2,1878.789114177214,19.76083110188395,960,5.4435077,9.35066,-1.0282779,2.819912
261108795,train,1,4,2,1881.6913823352072,31.794135805286288,960,5.681661,9.156885,-0.94367933,2.798272
261108788,train,1,4,2,1879.2276129560273,31.773677238429315,960,8.158328,7.2009206,-0.89774406,2.7724752
261108785,train,1,4,2,1874.3129494298098,28.517111473747974,960,7.9099884,7.653293,-0.9841404,2.6782684
261108766,train,1,4,2,1867.3478509922622,33.531758668101205,960,8.125195,6.6891656,-0.27471873,2.9288971
261108773,train,1,4,2,1874.1420871239718,37.50020741734726,960,8.105134,6.671737,-0.13298173,2.9081964
261108768,train,1,4,2,1872.5724334586719,39.64806823763801,960,8.2611685,6.51563,-0.12258949,2.9478817
261108758,train,1,4,2,1867.918537208641,41.995377787688156,960,7.0344963,5.8849998,0.5380868,3.4499443
261106445,train,1,4,2,1864.7229560231635,25.97837545418591,960,5.3527083,9.273613,-0.47666916,2.9979894
261106431,train,1,4,2,1860.7754766747385,35.16678460406549,960,6.895937,6.00825,7.0714917,3.071322
261106427,train,1,4,2,1857.375447715466,33.319659626366125,960,6.875198,5.9457173,7.026697,3.110382
261106422,train,1,4,2,1857.2452868737842,39.09504259559163,960,4.9411263,5.3083344,7.0703425,3.168837
261106413,train,1,4,2,1848.5671133443639,32.785001986021896,960,1.2015696,5.280364,7.3302307,3.3835077
261106407,train,1,4,2,1848.4774049951004,36.743239737967755,960,2.2324243,10.72619,7.2574162,3.233326
261091797,train,1,4,2,1854.4820727251351,18.249695425037483,960,2.5259058,8.545503,5.9415116,6.153152
261091804,train,1,4,2,1855.3266202973703,15.446726201997729,960,2.5378034,8.574556,5.9548326,6.21834
261091806,train,1,4,2,1852.1927346053303,10.354301039007145,960,2.5600095,8.537923,5.9281588,6.2634954
261089363,train,1,4,2,1842.8674301910391,7.817369469922836,960,2.539539,8.549453,5.8880887,6.2183313
261089345,train,1,4,2,1837.0306495219538,14.32817927378732,960,2.506661,8.465647,8.097153,4.3711777
261091780,train,1,4,2,1847.64355303628,26.31361442220378,960,4.535597,3.7938485,8.033895,4.3402143
261091782,train,1,4,2,1845.564318138563,20.541317225052527,960,2.4513216,10.712496,8.019638,4.4151945
261091778,train,1,4,2,1842.5991756059827,20.674509231863393,960,5.408241,9.232921,8.153675,4.290776
261091769,train,1,4,2,1839.5422215760534,25.599749175258506,960,1.0961014,5.258949,8.24596,4.2650566
261106417,train,1,4,2,1847.3175551351499,29.04085986689913,960,2.602782,10.678536,8.192645,3.779052
261106402,train,1,4,2,1844.3484986950498,35.12415017992648,960,2.9902902,3.790086,8.326005,4.1492667
261091757,train,1,4,2,1837.3407573451382,30.363656776084213,960,0.9622742,5.2431726,8.325085,4.2418885
261091751,train,1,4,2,1836.244125414387,33.7993249929591,960,1.1021067,5.298297,8.757784,4.1897216
261091750,train,1,4,2,1833.8848595742593,30.785530712613216,960,0.9938116,4.9011955,8.299983,4.197932
261091764,train,1,4,2,1834.332011563269,20.876335721811955,960,1.0893887,5.284034,8.216661,4.2836323
261091755,train,1,4,2,1831.3515442756257,23.90589893007275,960,1.0423678,5.302438,8.3162565,4.1804647
261091749,train,1,4,2,1830.2424373858619,26.200884583722903,960,0.7110245,5.933557,8.269258,4.2457356
261091743,train,1,4,2,1828.1345252109022,29.50241448464009,960,2.6124897,10.674003,8.41685,4.181807
261091738,train,1,4,2,1825.7688393227556,30.389571058658248,960,1.3241391,10.147258,8.422717,4.2393126
261089365,train,1,4,2,1840.6870699695494,3.002954721338078,960,2.4618466,8.57558,5.8581867,6.1887813
261089338,train,1,4,2,1832.447930946091,10.49885706273553,960,2.510696,10.796742,8.080566,4.3903546
261089339,train,1,4,2,1832.836283563857,10.491400956098772,960,2.5456688,10.75615,8.10591,4.3887744
261063083,train,1,4,2,1807.5309627516292,12.699307650648192,960,4.732978,5.713712,6.666354,2.9113386
261063077,train,1,4,2,1803.8436414267744,14.978438934683858,960,5.4509172,5.838845,6.702867,2.9065266
261063078,train,1,4,2,1804.797101810665,16.273860814071107,960,5.8513217,7.340207,6.685788,2.9354086
261063072,train,1,4,2,1800.5211903408197,14.734298755951118,960,5.8241215,7.2003703,6.619498,2.928193
261063069,train,1,4,2,1797.153223943723,12.596532678924847,960,9.198918,4.252037,6.597309,2.9093635
261063070,train,1,4,2,1802.232743806992,19.01579464929664,960,2.5112433,10.453321,6.6523213,2.8732374
261063057,train,1,4,2,1798.0298089383239,21.809581038451338,960,9.135679,4.340173,6.658552,2.9057474
261063062,train,1,4,2,1794.4831113159958,14.345056143826874,960,9.295957,4.1064415,2.2836785,3.547967
261060787,train,1,4,2,1793.8542956850742,4.584888951381512,960,9.279956,4.17337,2.6345522,3.8555055
261060768,train,1,4,2,1789.0946365757704,16.274897606411734,960,9.162491,4.2944684,2.5465193,3.743023
261060763,train,1,4,2,1785.0322263624969,13.562701109079194,960,9.125777,4.342498,2.5782208,3.7519536
392011090,train,1,4,2,1779.2068301351462,2.5833395180971803,960,9.299223,4.127036,2.5819395,3.7508388
261060765,train,1,4,2,1780.3647245027635,6.337269121969252,960,9.179749,4.2701607,2.6390502,3.8114803
392011088,train,1,4,2,1780.6726922501327,4.956749535847114,960,9.23974,4.2191076,2.5950024,3.7717853
392011072,train,1,4,2,1772.642654907218,3.5340491888073244,960,9.29709,4.1429753,2.589412,3.7470036
392011068,train,1,4,2,1769.099998484193,3.242509202460727,960,9.232597,4.2340446,2.6034958,3.7740355
261260136,train,1,4,2,2041.6687283926246,89.40389857913118,960,-2.0464914,9.545249,-2.7651258,7.2235484
261260133,train,1,4,2,2042.7917586369244,92.38058255721764,960,-2.0248654,9.577432,-2.7670908,7.2332907
261260127,train,1,4,2,2036.1442433007178,90.64294682637617,960,-2.2230992,9.845199,-2.830679,7.2704506
261257472,train,1,4,2,2027.5038785050747,95.31221478758026,960,-2.700165,9.93501,-2.7870805,6.7851777
261257483,train,1,4,2,2030.3920752403494,87.48176321992412,960,-2.6375744,9.994356,-2.7438834,7.2150598
261257461,train,1,4,2,2018.724742581235,93.92163322120267,960,-1.2600821,9.9383,-2.688612,6.6589065
261257460,train,1,4,2,2016.4816382692288,91.81339844094721,960,-1.2494738,9.990619,-2.6732805,6.597074
261239014,train,1,4,2,2011.2013364654001,89.6612583668632,960,-2.6910722,10.009875,-2.717921,6.941144
261260112,train,1,4,2,2033.4637767377526,100.18562723734091,960,-2.6930606,10.0333,-2.7932603,6.956715
261260099,train,1,4,2,2024.7025815603588,105.24568399361601,960,-2.8864892,10.132224,-2.6761034,6.522937
261260090,train,1,4,2,2019.3825646815135,108.68701082735677,960,-2.853986,10.134298,-2.6972804,6.5240207
261257441,train,1,4,2,2015.2768421392561,105.77424556792701,960,-2.5558937,10.070666,-2.7282755,6.535451
261257446,train,1,4,2,2012.7441317957746,100.06863936702334,960,-1.8808539,9.389232,-2.6703906,6.5456333
261239005,train,1,4,2,2007.0802761690682,93.3793270661636,960,7.4698586,5.7612996,-2.0698671,5.8915806
261257438,train,1,4,2,2006.4468426776907,99.32682732324379,960,7.6280894,5.6284475,-2.0149834,5.8605647
261238984,train,1,4,2,2001.8494470596052,98.54695781890848,960,7.7806997,5.5322137,0.019511867,4.216141
261239029,train,1,4,2,2017.5279499558762,80.94054841581385,960,-0.20635821,9.968164,-2.5175803,7.995593
261239002,train,1,4,2,1999.8140342563693,86.56675661609842,960,7.524705,5.747976,-2.006577,5.8239894
261236353,train,1,4,2,2003.4129529764368,76.25579986115719,960,-2.1281002,10.080639,-2.2940495,6.2417693
261236340,train,1,4,2,1997.086936147323,81.08628790029422,960,7.1578856,6.2154694,-2.022892,5.8905087
261236332,train,1,4,2,1987.3804848258433,79.46323541168826,960,5.233748,9.115412,-0.8562534,4.0944614
261236338,train,1,4,2,1994.0761537841659,82.9188922772071,960,7.1862755,6.329632,-1.9590846,5.7798347
261238979,train,1,4,2,1998.25503763904,95.85763592504054,960,7.3828583,6.0296664,-0.10046644,4.2369776
261238972,train,1,4,2,1993.2829634351538,96.9573972192575,960,7.288499,6.210024,-0.14019117,3.914172
261238955,train,1,4,2,1984.2815509592906,99.61015578848274,960,7.4688587,6.1677346,-0.10507564,3.7935135
261236319,train,1,4,2,1989.5598569741032,89.8062009037576,960,7.2446485,6.207929,-0.45675987,3.9678502
261236314,train,1,4,2,1988.392296035503,92.4068994347164,960,7.2630844,6.206837,-0.27827123,3.8735557
261236308,train,1,4,2,1982.3272741492115,92.80083496615768,960,7.4250627,6.2047267,-0.25555268,3.8287215
261236307,train,1,4,2,1985.28079713735,96.15705932133119,960,7.3203263,6.22907,-0.24486434,3.9031456
261260089,train,1,4,2,2020.5142049184085,110.24576657845769,960,-2.9449074,10.204709,-2.7081034,6.5710483
261257433,train,1,4,2,2012.1978376807763,108.95640962178489,960,0.9707792,10.206208,-2.7400339,6.4573326
261260071,train,1,4,2,2016.0842880874773,118.77206521879793,960,-0.43458465,7.299881,-2.7853298,6.501089
261260066,train,1,4,2,2009.4827011169282,118.16557832758812,960,0.09447044,6.455379,0.7037485,3.9404097
261257426,train,1,4,2,2001.5066523276405,110.07676320226166,960,7.8051996,5.639275,0.13549057,4.266164
261257423,train,1,4,2,2003.0954543921434,113.9759261081778,960,7.972769,5.5965223,0.26483035,4.1288805
261260059,train,1,4,2,2008.7654237383463,124.58293929338068,960,-0.19784155,6.913813,0.92311835,3.7355072
261260056,train,1,4,2,2006.6070086788986,123.94992234251819,960,7.9442806,5.6058083,0.9738868,3.679975
261260047,train,1,4,2,2001.0207092173637,123.35757316894532,960,8.088469,5.89881,1.0032144,3.6165478
261260034,train,1,4,2,2002.6211606953925,131.95726645175841,960,8.419175,5.7322264,1.073927,3.506172
261257397,train,1,4,2,1992.2451547626808,129.5756803545153,960,8.450203,5.3749475,1.1569964,3.3538127
261257380,train,1,4,2,1980.8438275898748,128.4818676205894,960,8.856824,5.2369847,1.3281562,3.113135
261238927,train,1,4,2,1976.2632214797918,111.33226013770992,960,8.597261,5.8380647,1.1492789,3.0516057
261236275,train,1,4,2,1968.4028725753406,101.67487085143159,960,8.812816,6.473412,1.0185008,2.9288898
261238900,train,1,4,2,1966.651757072878,122.79546349852238,960,10.740617,4.806927,1.9831177,2.2087438
261238884,train,1,4,2,1955.4037464489024,127.11795925291368,960,4.5302887,4.9013658,2.6241226,0.9523759
261238888,train,1,4,2,1958.7986095432707,126.68049087774305,960,11.467078,5.0015535,2.6420486,0.9429078
261236249,train,1,4,2,1957.1080512401409,114.89816575405692,960,10.784455,4.8168254,2.0462441,2.0181231
261236228,train,1,4,2,1945.4154411699433,117.43366900363102,960,7.2455897,5.2902484,3.5122843,2.799153
261206741,train,1,4,2,1989.336628623151,73.8782725382722,960,7.0858555,6.23965,-1.845147,5.6200895
261206724,train,1,4,2,1978.1714805261277,73.57993716007388,960,8.269709,7.5332417,-0.8014253,3.9978797
261206722,train,1,4,2,1975.9632674028855,72.51787067050869,960,7.935101,7.2481766,-0.8135332,4.013755
261206711,train,1,4,2,1972.674111138405,76.68883243156773,960,7.351395,6.370373,-0.86988884,3.8556433
261206715,train,1,4,2,1979.1869232380548,79.93823064593829,960,7.2503057,6.363378,-0.7906029,3.9455326
261206703,train,1,4,2,1973.931321325262,81.17263920243117,960,8.329288,7.4949083,-0.55546516,3.9150572
261206695,train,1,4,2,1967.6946085260522,81.50247696330906,960,8.510502,6.996595,-0.5586303,3.2085629
261206687,train,1,4,2,1962.457667652999,82.63765245773128,960,8.739807,7.2058854,-0.20359953,2.7298987
261204276,train,1,4,2,1969.1428789623617,73.51280797625225,960,8.405631,7.509107,-0.8566565,3.7348459
261204264,train,1,4,2,1962.754416062924,77.4860252860769,960,8.157358,6.9424834,-0.43107998,2.7546785
261206684,train,1,4,2,1966.2827940616764,88.7229180894638,960,7.9376583,6.760818,0.35765186,2.884808
261206665,train,1,4,2,1961.7120470014238,96.92366912968328,960,8.748732,5.675041,1.02664,2.8817441
261206669,train,1,4,2,1964.0164054298964,97.5144447013098,960,8.630062,6.018632,1.0149522,2.949403
261204247,train,1,4,2,1955.4558020796974,85.60801814347317,960,8.82498,6.7310176,0.040986095,2.789253
261204234,train,1,4,2,1946.1992821176855,91.09893642322218,960,8.690226,5.367275,0.9237498,2.9958088
261204215,train,1,4,2,1939.4725489788,92.55976758974023,960,8.628092,6.2683735,1.1062417,3.1416721
261156405,train,1,4,2,1953.141097424009,65.16486187326245,960,5.667981,5.7527223,-1.3076736,3.3153865
261156403,train,1,4,2,1950.6503267519577,64.56670084516861,960,8.401703,7.5464125,-1.3275036,3.431575
261156394,train,1,4,2,1945.588961762869,64.13181527322652,960,8.063448,7.2301474,-1.3329538,3.421492
261156377,train,1,4,2,1945.6275924605957,75.26478814198231,960,8.434529,7.0613594,-0.8704671,2.7667294
261156372,train,1,4,2,1940.0036414004949,72.5768351830858,960,8.456395,7.1576686,-0.76706994,2.7072484
261156389,train,1,4,2,1943.619351443919,64.56334749460048,960,8.505344,7.46866,-1.1476817,2.8990922
392025904,train,1,4,2,1931.5466370328118,61.65149725728225,960,7.834818,7.563928,-1.1192142,2.8372881
392025901,train,1,4,2,1930.7191976362312,62.31413802409447,960,7.8937917,7.348505,-1.2020482,2.870588
261156370,train,1,4,2,1933.9636205226223,69.34977066477447,960,8.130899,7.184649,-1.0321655,2.7429347
261156361,train,1,4,2,1932.5392958343973,70.94072574297029,960,8.522301,7.2194977,-0.9683247,2.709589
392025871,train,1,4,2,1919.866108946247,70.99292203264605,960,8.751376,6.677851,0.42522424,2.8422184
261156364,train,1,4,2,1939.9121885276813,79.10147025264297,960,8.5018635,6.962716,-0.7834573,2.7931874
261156356,train,1,4,2,1935.2477450036197,78.15667848324611,960,8.592768,7.000566,-0.78997207,2.7376435
261156346,train,1,4,2,1934.4701831722307,87.29501559842204,960,6.681467,5.8779097,0.9590616,3.0299437
261156341,train,1,4,2,1930.115793670911,86.99152902402525,960,8.54877,5.9895096,1.239818,3.0957239
392025861,train,1,4,2,1917.8420460226776,79.0754146845247,960,8.479658,5.9164486,0.9255762,2.9450188
261206653,train,1,4,2,1958.8014019970808,101.45785857737218,960,8.898669,5.364306,1.0951836,2.9956293
261206637,train,1,4,2,1948.6401917079043,102.60444072940206,960,10.760092,4.8162284,1.5594951,2.8695455
261206631,train,1,4,2,1949.6609747713571,106.75124103126377,960,10.820882,4.8464527,2.1087403,2.1617997
261206624,train,1,4,2,1944.3013983027054,106.16297875940953,960,8.410979,5.654378,2.1050887,2.3993359
261204216,train,1,4,2,1942.4709255434357,95.48289026589055,960,8.587694,6.1933866,1.202397,3.1359224
261204201,train,1,4,2,1934.7389643170834,101.92688923401433,960,8.195764,5.1725397,1.4149874,3.2057636
261204193,train,1,4,2,1931.2731104379616,105.52176966379557,960,8.192152,5.0439653,3.6500287,2.7339613
261206622,train,1,4,2,1947.3480292851448,112.3150906163983,960,11.49414,4.9078956,2.0938354,2.4549901
261206619,train,1,4,2,1945.4072561670841,110.89645096501238,960,8.306095,5.4351826,2.1935153,2.6342516
261206610,train,1,4,2,1942.5025393614042,114.38285945976668,960,8.090803,5.184933,3.139598,2.8208182
261206607,train,1,4,2,1938.9145980609073,113.77232879446476,960,8.061995,5.093485,3.692591,2.7462516
261206597,train,1,4,2,1932.8148025612095,112.07469869124532,960,4.17986,5.1807995,3.9049585,2.6895037
261206596,train,1,4,2,1937.9263511167842,118.42419638231688,960,7.01057,4.817296,4.063339,2.6706026
261206588,train,1,4,2,1935.2286826406755,121.27299954778648,960,6.8493223,4.6313853,4.914908,2.477393
261204188,train,1,4,2,1925.4053662221788,105.82172503299506,960,4.2177773,3.327407,4.9226804,2.4075937
261204175,train,1,4,2,1924.3104736437272,110.29042529069385,960,3.9947057,3.3436368,5.011332,2.3955123
261206565,train,1,4,2,1921.502561198144,118.79268135432851,960,2.6062677,3.5512648,9.226523,4.408768
261204162,train,1,4,2,1914.8563972158652,112.12905984143946,960,2.7272856,3.709635,9.317765,4.6523123
261204205,train,1,4,2,1930.5114736468463,93.61432619359034,960,8.710648,5.9550514,1.1248542,3.2362885
261156319,train,1,4,2,1920.1938673294405,98.44336522328801,960,7.111862,4.6957836,4.913618,2.4854789
261156310,train,1,4,2,1917.2876556683016,100.6860890142962,960,4.2696114,3.3654273,4.9964437,2.54744
261156315,train,1,4,2,1916.2323935085442,97.27031110302796,960,6.8951426,4.6344347,4.9364247,2.4858987
261156308,train,1,4,2,1913.841129160092,98.91206508689571,960,4.180414,3.6529267,4.936614,2.458728
261156302,train,1,4,2,1908.852045027072,96.07025541316713,960,4.0648437,3.6282496,9.230872,4.4499702
261156290,train,1,4,2,1904.1985127315577,95.89087318390192,960,2.6062636,3.5362172,9.475064,4.7472024
261156289,train,1,4,2,1907.321293794296,100.15695979806762,960,2.2270944,3.5800664,9.278583,4.398382
392025833,train,1,4,2,1903.7976807356195,92.56770796574231,960,4.135057,3.6728508,9.303762,4.54397
261204178,train,1,4,2,1920.0313642908625,104.9797064966725,960,2.0773942,10.422139,4.9558144,2.4486578
261156292,train,1,4,2,1910.9625030606494,103.14493181662287,960,2.897468,3.737708,9.091433,4.3584266
261204144,train,1,4,2,1907.0651567945388,116.49259340036572,960,2.117486,4.0160074,9.806756,5.3120317
261204147,train,1,4,2,1906.5757505425213,113.05784600821409,960,1.5637155,3.884086,9.704984,4.8925757
392025820,train,1,4,2,1895.8699823385796,99.38716148840022,960,1.8934385,3.8159153,9.714482,5.05774
392025817,train,1,4,2,1896.32033635986,101.91715182685994,960,1.8673475,3.778575,9.688372,5.1073284
392025807,train,1,4,2,1890.141985623701,105.96437748222387,960,1.2653567,4.104482,9.786461,5.2654214
261260005,train,1,4,2,1992.9790684386003,140.5752040408404,960,8.894528,5.2125998,1.9613494,2.7260695
261257371,train,1,4,2,1981.3917700846682,138.95248621827676,960,9.432525,4.6458454,2.026925,2.2074046
261259999,train,1,4,2,1991.3124881613307,143.45473809919795,960,9.107316,4.8888,1.8464619,2.7639396
261259992,train,1,4,2,1984.7523231105297,142.8777623590579,960,10.840766,4.899728,2.062075,2.2921906
261257363,train,1,4,2,1974.7989100080827,139.19599408432194,960,10.820158,4.8407173,2.174431,1.7571982
261257346,train,1,4,2,1967.7902057784845,141.9714313543608,960,11.518933,5.030932,2.304435,1.4762677
261257345,train,1,4,2,1965.410332940662,139.88052691215148,960,11.552388,4.989936,2.6206925,0.9544875
261238873,train,1,4,2,1958.6758863886664,140.59235296110302,960,12.41928,5.145936,2.7795877,0.79148656
261257342,train,1,4,2,1971.1190949291554,148.93754998534612,960,8.287782,6.5438066,2.1654494,1.7064372
261259947,train,1,4,2,1965.906953979786,158.63038864378655,960,7.654967,7.6917977,-0.69070053,2.670145
261257319,train,1,4,2,1962.4256592329425,155.782651199893,960,7.518929,7.8898487,-0.7220029,2.6663246
261257335,train,1,4,2,1968.2003197879537,149.11312277068518,960,8.515951,6.325892,2.1941676,1.6242392
261257334,train,1,4,2,1966.0166323022956,149.55223189260659,960,5.759633,9.172515,2.069543,1.7512206
261257321,train,1,4,2,1954.6107729491525,146.58876150351762,960,12.395026,5.1793604,2.746351,0.79172426
261257317,train,1,4,2,1958.581007497347,153.20536629124462,960,7.529058,7.848005,3.3252118,5.427067
261257305,train,1,4,2,1950.7298371211657,156.90528941152994,960,4.5099688,9.434689,4.0267043,4.961288
261238831,train,1,4,2,1944.5371084303088,155.1716624436165,960,6.4547434,4.1940203,4.220115,4.1969533
261238882,train,1,4,2,1953.7409628275261,127.81645734942822,960,12.436154,5.153788,2.7017524,0.86506516
261238871,train,1,4,2,1956.8259979461857,139.10762909667912,960,12.407072,5.1680737,2.7932425,0.80425245
261238863,train,1,4,2,1952.0967804520317,139.8148773150313,960,12.46138,5.1244907,2.777242,0.8087066
261238850,train,1,4,2,1942.99852100081,139.3908677835718,960,4.209943,4.332958,2.8089716,0.8090731
261236207,train,1,4,2,1942.8904115937858,129.5642017819124,960,4.3177624,3.5016553,4.8619933,2.455217
261236212,train,1,4,2,1942.2420345759808,125.2598177165782,960,6.987612,4.7424283,4.754842,2.4916925
261236204,train,1,4,2,1935.7010758494007,127.09116473461249,960,4.1478214,3.5023057,4.995941,2.4266443
261236197,train,1,4,2,1934.2589382333542,132.7628712759716,960,2.3647234,10.743049,8.840986,4.218872
261236189,train,1,4,2,1931.4542700495253,134.85184849685155,960,1.109488,4.294176,8.872829,4.335005
261236178,train,1,4,2,1928.8629428502552,137.01349999196873,960,0.9750488,5.309753,9.022916,5.94523
261238861,train,1,4,2,1952.322724261617,142.6597818166556,960,12.43068,5.1492047,2.818406,0.78451884
261238849,train,1,4,2,1943.7207645317833,142.561970645081,960,3.4583817,3.3813708,2.7821383,0.79055643
261238840,train,1,4,2,1945.731161111574,151.56816491587364,960,4.22569,9.4553585,4.2565913,3.9451888
724118541,train,1,4,2,1943.0178605376975,149.40862227590537,960,6.5640574,5.61462,4.2843876,3.9464889
261238822,train,1,4,2,1937.5073243494394,153.91576980232742,960,6.4202824,4.213173,4.320504,3.958989
261238815,train,1,4,2,1931.0278137542207,150.13764884679236,960,6.137002,4.1123967,4.3928733,3.9177094
261236164,train,1,4,2,1921.3693888302669,142.77734499497564,960,0.54287773,5.6109185,8.789806,6.6252637
261236161,train,1,4,2,1923.2006058888016,145.26787832047648,960,0.43142748,5.3994474,8.799116,6.5672827
261236155,train,1,4,2,1920.4641692051493,146.64376029766873,960,0.46232164,5.81918,8.829281,6.3283296
261236154,train,1,4,2,1920.9079771902802,147.18637610067233,960,0.47014835,5.5992136,8.849485,6.307572
261259927,train,1,4,2,1958.7205529411356,165.57162341909924,960,2.6979442,10.35597,3.8470035,5.192636
261259919,train,1,4,2,1959.6302284210942,168.47087149406974,960,4.671233,5.811726,4.135726,5.2659717
261259918,train,1,4,2,1957.9768384088818,167.71386245616898,960,4.816422,5.7182193,4.007127,5.241566
261257295,train,1,4,2,1945.9265060089665,160.7950757592242,960,4.191408,9.490535,4.0391054,4.781276
261257289,train,1,4,2,1947.552310776641,166.7067216580584,960,4.054803,9.466217,4.0066223,5.016937
261257282,train,1,4,2,1944.204385251244,169.4391396307561,960,6.5873423,4.1790833,4.0239697,4.7728467
261259901,train,1,4,2,1953.637459185614,176.10084208629902,960,4.1639643,9.439167,4.9617233,6.1284323
261257263,train,1,4,2,1940.741619858095,178.15068963523353,960,8.284807,4.8914585,3.45015,3.9148815
261257275,train,1,4,2,1942.8996082337103,172.5998139349386,960,8.9447975,4.4327617,3.9627416,4.45817
261257256,train,1,4,2,1930.5421862767823,170.76503859576158,960,6.3158164,4.1242757,4.577902,4.122164
261257248,train,1,4,2,1927.7147785343664,174.29165139050747,960,5.94961,4.049345,4.7008805,4.170231
261257242,train,1,4,2,1924.928888699019,175.56316459688995,960,5.6872478,4.020496,4.739616,4.2132974
261257238,train,1,4,2,1925.4316778390018,179.59042286773013,960,2.597895,10.916636,4.7726727,4.2736473
261238813,train,1,4,2,1934.309795117678,155.7600037441529,960,6.2735267,4.0716696,4.317646,3.972025
261238800,train,1,4,2,1931.4420893967267,162.17756820747056,960,6.120017,4.0448895,4.40515,4.0337014
261238789,train,1,4,2,1923.7643701370596,161.30837807127324,960,4.6384735,4.0492306,4.553877,3.9590783
724118860,train,1,4,2,1919.1712090029255,157.58925529567094,960,4.5807676,4.053866,4.848213,4.1401725
261236134,train,1,4,2,1912.4405154060364,152.92494038289465,960,4.5467973,3.8686743,7.2223997,4.1689205
261236126,train,1,4,2,1908.8754747720116,154.2171405234157,960,3.2761884,4.297003,7.211344,4.1120467
261236104,train,1,4,2,1905.220076993393,160.92383310242747,960,4.08989,3.601589,6.5582757,5.4347157
261238771,train,1,4,2,1924.2117162811865,172.45371959840577,960,5.733944,4.00541,4.7260947,4.2204723
261238768,train,1,4,2,1921.8861714505135,170.64205136711146,960,5.6395407,3.966983,4.7540703,4.174886
261238765,train,1,4,2,1918.3994635944016,169.00437476896215,960,4.71049,3.7927883,4.8421807,4.265203
261236073,train,1,4,2,1899.8145316996242,175.87324541236146,960,2.3772178,8.676781,5.6567645,6.1671386
261236069,train,1,4,2,1893.081079534776,170.9538678807443,960,2.1649735,8.317364,6.240313,5.79145
261206566,train,1,4,2,1929.8770170831442,128.11081943795367,960,4.028802,3.5783374,8.738348,4.055569
261206573,train,1,4,2,1929.141104005938,123.32207315871196,960,2.2094047,4.022258,5.0731125,2.4783041
261206563,train,1,4,2,1924.5058783698946,126.38083572393387,960,4.264657,5.016615,9.298654,4.6039166
261206551,train,1,4,2,1920.650402236,131.34608543507653,960,1.2217764,4.130117,9.521264,6.0938005
261204146,train,1,4,2,1913.4829119531664,121.53345885936912,960,1.2794114,4.071764,9.744986,5.6454005
261204136,train,1,4,2,1905.726776355055,121.9884873705145,960,0.772124,4.7893214,9.779721,5.7659874
261206547,train,1,4,2,1912.555313810767,128.4443828012108,960,1.1966503,4.397066,9.473163,6.1394753
261206542,train,1,4,2,1918.1578812580099,137.7958694527803,960,0.4397222,5.346232,9.331871,6.16856
261206539,train,1,4,2,1910.6210399794122,133.6612533487944,960,0.46818948,5.2636447,9.214087,6.3998094
261206528,train,1,4,2,1909.8584700801377,140.4218090231673,960,0.37385193,5.5386696,8.607168,6.0192165
261206530,train,1,4,2,1913.8790094817116,144.48090727164572,960,4.4551535,5.900778,8.632204,6.525422
261236138,train,1,4,2,1911.263886027745,147.2775496903215,960,1.337572,10.074587,7.1893325,3.845222
261206534,train,1,4,2,1908.3691965289263,135.5637662105605,960,3.50787,4.987618,8.900036,6.61316
261206526,train,1,4,2,1903.5364637467683,134.5061781563738,960,0.5984271,5.930404,8.853523,6.589641
261204107,train,1,4,2,1900.6845191067787,136.60887837175673,960,0.4383549,5.9853773,8.778411,6.6578984
261156262,train,1,4,2,1894.263770826992,118.81039691763814,960,0.9025021,4.5095496,9.099653,5.9809175
261156257,train,1,4,2,1891.429222156547,119.33211821058451,960,0.74134547,4.7750874,9.1575985,5.9808764
261204111,train,1,4,2,1892.1350979711763,125.97504452734442,960,2.481436,10.616263,8.880203,6.3724093
261204102,train,1,4,2,1891.1083727302766,127.86743151891426,960,2.5859096,10.526007,8.768433,6.4662857
261156251,train,1,4,2,1883.7750427365174,115.85979717398395,960,0.80308586,4.6358757,9.687775,6.020227
392025793,train,1,4,2,1882.7241337884545,111.96413524759897,960,0.48282367,5.25782,9.759523,5.9950123
392025792,train,1,4,2,1882.5434306065515,112.31155905042127,960,1.5376129,4.3553023,9.706792,6.043801
261156244,train,1,4,2,1879.1618226113658,117.13993857757735,960,0.66257447,5.138815,9.795759,5.9577684
261156236,train,1,4,2,1880.2646105505603,125.49429778267886,960,3.0007641,4.858874,8.54001,6.748004
261156227,train,1,4,2,1875.2830963008385,124.50635249838315,960,0.4078858,6.145688,8.574654,6.796342
261204084,train,1,4,2,1884.5117478281927,132.78182517721856,960,1.1531248,9.547933,7.3188353,7.4205556
261156216,train,1,4,2,1875.7576429398823,134.83747805038107,960,0.7152863,7.1546664,7.3170567,7.3605866
261156224,train,1,4,2,1875.481010238898,128.17452241832018,960,0.3500864,6.149942,7.4445806,7.375108
261156207,train,1,4,2,1867.8221204937583,130.88614099616646,960,0.88910913,7.4400773,7.2934775,7.3813567
261206521,train,1,4,2,1908.3432648496375,148.22104721527936,960,2.4578168,10.350965,7.2231073,4.0570827
261206511,train,1,4,2,1905.777206048728,151.42639077486893,960,4.467677,6.0478373,7.224949,4.4269342
261236119,train,1,4,2,1905.1163813797743,152.37330262422688,960,4.6795645,5.878483,7.2414484,4.22867
261206507,train,1,4,2,1900.698287664923,149.31806078532546,960,2.2642956,3.6420653,7.2308044,4.2448535
261206500,train,1,4,2,1896.03493775229,149.58780479872163,960,4.212628,3.7686198,6.4573703,5.6619673
261206503,train,1,4,2,1902.4148411884012,154.78066515233,960,-0.3881563,7.4033933,7.259011,4.1594777
261236102,train,1,4,2,1900.467724991635,159.51842883345032,960,2.5487187,10.877084,6.7699804,5.2759757
261206486,train,1,4,2,1895.0169024841878,158.91060326603346,960,1.7497557,3.9322681,6.629232,5.412768
261206479,train,1,4,2,1888.281717661266,158.71695528089634,960,4.4863343,5.530703,6.491974,5.580535
261206492,train,1,4,2,1889.1128312952915,148.09389616186596,960,2.3957384,9.4392805,6.2474475,5.7399907
261204077,train,1,4,2,1888.2614712487173,145.22610857774177,960,2.262456,9.345682,6.350008,6.253624
261204070,train,1,4,2,1882.3650866784492,145.0415141298535,960,2.3505127,9.452285,6.3844137,6.6348405
261204065,train,1,4,2,1883.1961553944284,150.7511795569016,960,4.326044,3.7815444,6.4201775,6.330449
261204060,train,1,4,2,1881.5856800954746,152.12336684723007,960,4.3604627,3.7928824,6.5227757,5.6335096
261206472,train,1,4,2,1884.921427589707,162.60236602687806,960,2.3411415,10.813447,6.4846134,5.6100464
261206465,train,1,4,2,1882.0314111037587,165.12314879705627,960,2.43291,8.413154,6.4853153,5.6071734
261206452,train,1,4,2,1881.1965234831393,172.5431102395549,960,5.4593925,9.758875,6.371436,5.775803
261206449,train,1,4,2,1879.7076097564773,172.15524073544253,960,5.4066896,9.774302,6.403643,5.796293
261206471,train,1,4,2,1880.664260195596,158.68908725537239,960,2.4193075,3.4851,6.5414467,5.5760555
261204033,train,1,4,2,1875.2100200338791,159.6286344347471,960,0.5461442,7.552307,6.54117,5.6459956
261206459,train,1,4,2,1873.79396856624,161.28943004812228,960,1.2935896,7.6943684,6.4989853,5.6320047
261206450,train,1,4,2,1871.9920984672235,162.9330035911953,960,1.3874019,7.8488655,6.6089625,7.2997584
261206443,train,1,4,2,1873.2810481795457,168.93386588316682,960,0.76681244,8.375027,6.5745187,7.311747
261206428,train,1,4,2,1865.3428691495185,168.85121164989437,960,0.37919864,7.9104695,6.393073,7.608802
261204019,train,1,4,2,1863.2474120780862,163.91096728884875,960,0.3227571,7.8096657,6.34862,7.6996036
261204011,train,1,4,2,1863.0449065149471,168.30166331448902,960,0.41891673,7.9328895,6.3534474,7.6819916
261204062,train,1,4,2,1875.7679129742392,143.49627727214718,960,1.0834166,7.7622538,6.4989033,7.345326
261204058,train,1,4,2,1875.8039321538324,146.78169711149894,960,1.1239117,7.8398075,6.461332,7.1117134
261204055,train,1,4,2,1873.945828457684,145.8248043027235,960,0.39694956,7.891272,6.5470037,7.236043
261204048,train,1,4,2,1873.0602314553248,149.6850807202617,960,1.5137091,3.9974446,6.589223,7.2668657
261204037,train,1,4,2,1868.2530464604574,149.7730468789489,960,1.4639235,4.107774,6.65354,7.3783035
261156167,train,1,4,2,1856.7803779978171,150.476892149494,960,3.1169903,4.927041,6.0946283,7.140246
261156170,train,1,4,2,1854.1917874011215,142.8913875179058,960,2.4504187,9.5322075,5.3261786,6.449206
261156169,train,1,4,2,1856.6128382349573,146.96641749364304,960,2.580818,9.498546,6.337139,7.5587993
261204023,train,1,4,2,1859.4500967148144,156.89174221351908,960,0.28764373,7.8168488,6.3601465,7.658123
261204022,train,1,4,2,1860.044897144816,158.7842772311679,960,1.9059592,9.927299,6.3381605,7.744797
261204013,train,1,4,2,1855.8964725439064,158.2879898064386,960,0.39446822,7.823052,6.180946,7.8950324
261204006,train,1,4,2,1854.8017553954855,162.3629018411018,960,0.3155747,7.8848953,6.11832,7.934517
261204000,train,1,4,2,1850.3085292121148,164.63501539612528,960,0.57655907,8.687482,6.0869184,7.977722
261156130,train,1,4,2,1848.6698937728481,162.17901046952832,960,0.65788084,8.511927,6.0719795,7.980712
261156152,train,1,4,2,1849.3876066684516,151.3164500096827,960,4.5924635,5.8895173,6.1729035,7.9038396
261156135,train,1,4,2,1846.306290379087,156.4396944403642,960,0.6247144,8.222078,6.05457,7.998226
261156137,train,1,4,2,1845.6599986694932,154.21191269132393,960,0.63204885,8.481622,6.101571,7.957307
261156142,train,1,4,2,1846.9060960501336,153.88806697067585,960,0.746548,8.502685,6.0162077,8.027545
261156134,train,1,4,2,1841.2260937890308,151.1893149984885,960,0.10491431,7.96901,4.4903026,7.7500167
392025690,train,1,4,2,1838.20227993677,151.81561476286512,960,-0.03603346,8.268546,4.474876,7.72969
261156118,train,1,4,2,1836.4748600798357,154.78897728635792,960,-0.13383362,8.475649,5.165055,8.422603
261156111,train,1,4,2,1836.8955739992273,159.11122093500006,960,-0.1033507,8.333965,5.2205815,8.455091
392025890,train,1,4,2,1924.6476795415906,62.633002141323125,960,8.559151,7.2283993,-1.1150006,2.881755
392013348,train,1,4,2,1914.8633560192359,59.415508175052615,960,8.492649,7.131445,-0.37633777,2.5700257
392025878,train,1,4,2,1922.1039943369221,66.05749609683966,960,8.642536,7.104024,-0.61108416,2.6630602
392013333,train,1,4,2,1909.5325718663357,68.50768757042233,960,8.668054,6.207914,0.7894894,2.924764
392013345,train,1,4,2,1909.154163568307,54.46705510636436,960,8.620672,7.220885,-0.49071506,2.651507
392013341,train,1,4,2,1908.551355317577,59.334484453706885,960,8.72771,7.0911756,-0.38520113,2.583929
261139750,train,1,4,2,1905.7490033964423,54.15987023788747,960,8.307989,6.9400287,-0.4000195,2.5957274
261139746,train,1,4,2,1904.0074013510355,56.15417439357247,960,8.635547,6.9550347,-0.49289587,2.6540432
392013328,train,1,4,2,1897.397911947488,64.23101174077576,960,8.609641,6.1427565,1.2718935,3.224521
392025859,train,1,4,2,1911.5904208842846,71.79078556494287,960,8.6440115,6.144496,0.8136207,2.9068398
261137346,train,1,4,2,1887.6810193989022,49.680417902098824,960,8.864423,6.550733,1.3804294,3.2053423
261137332,train,1,4,2,1882.1871882522094,53.66635804031595,960,7.6554427,5.4644303,1.5251302,3.3059971
261139728,train,1,4,2,1891.7530305150428,57.89727929248606,960,8.715549,6.226488,1.5913382,3.2261868
261139726,train,1,4,2,1888.131059754518,56.73267325940422,960,8.81054,6.18271,1.4960926,3.1484988
261139710,train,1,4,2,1886.6932085610424,63.558872827836616,960,8.562468,4.8267083,1.6275429,3.2622879
261139716,train,1,4,2,1885.676728881132,58.506772989255246,960,5.7631893,9.154325,1.6073139,3.2920418
261139707,train,1,4,2,1880.279359140246,59.13256586500705,960,7.248081,5.2039747,1.5200102,3.3665447
261137334,train,1,4,2,1879.3059348873655,49.42992950606468,960,7.388662,5.8029594,1.1936413,3.3351781
261137328,train,1,4,2,1881.067621061835,54.10888509364324,960,8.346788,5.668491,1.5508418,3.314359
261137322,train,1,4,2,1873.185952163722,50.13918627849915,960,7.0815415,5.6651845,0.6803195,3.4423642
261137319,train,1,4,2,1872.7286868627514,51.219008159873376,960,8.208929,5.1694794,0.57103986,3.5045722
261137306,train,1,4,2,1863.389696863547,54.3502165715234,960,4.1317964,4.7982316,9.62057,3.9659553
724120058,train,1,4,2,1876.7047275037892,67.85295492750096,960,0.23997974,5.6733756,9.434414,4.9077673
261139703,train,1,4,2,1880.6818095122705,63.38536531597893,960,7.026818,4.8333683,1.7492095,3.293546
261139695,train,1,4,2,1874.9648022259723,68.86739703768419,960,2.5573921,10.57932,9.58239,4.9349627
261139693,train,1,4,2,1874.7315655880889,69.89047396332421,960,2.6939232,10.731275,9.536733,4.92843
261139684,train,1,4,2,1873.6202226495082,76.25093563377325,960,2.2043004,3.9325821,9.596043,4.960378
261137307,train,1,4,2,1867.9416338090607,60.006221437867865,960,3.544414,4.5851173,9.692978,4.0301156
261137291,train,1,4,2,1862.0391473661437,68.04279602473497,960,9.201909,4.2621245,9.8621855,4.5113215
392025828,train,1,4,2,1895.9785739608155,86.8452562451241,960,2.8306065,3.633422,9.444077,4.122949
392025827,train,1,4,2,1893.837414175577,89.50871627413001,960,2.4472895,3.743867,9.488562,4.2893724
392013297,train,1,4,2,1891.888208249665,83.99167506155884,960,3.4155698,4.0648293,9.524068,3.7473536
392025816,train,1,4,2,1889.5030027220828,94.55794179485221,960,2.5056322,3.7386825,9.653545,4.9534574
392025814,train,1,4,2,1886.6872947040888,92.81489123795834,960,2.7370083,3.5354366,9.648926,4.91581
392013292,train,1,4,2,1883.920980372442,80.3132313181746,960,4.1714473,3.9862235,9.488224,4.0708456
392013276,train,1,4,2,1878.1267113815802,85.09282279087526,960,4.5505233,5.7831273,9.617015,4.7869663
392013277,train,1,4,2,1880.0549063535211,86.98006002280651,960,1.7491958,3.8312452,9.625854,4.282588
261139673,train,1,4,2,1869.9201276193578,84.78088132277266,960,1.9425788,3.8553421,9.70119,4.392904
392025811,train,1,4,2,1889.1454544520743,99.86584277847041,960,1.8375007,3.7158513,9.726175,5.149878
392025804,train,1,4,2,1882.1737914270686,100.07541713294043,960,1.4643801,3.8889513,9.741432,5.317155
392025799,train,1,4,2,1877.0130945875517,102.32953401815547,960,1.0760031,4.4322476,9.803107,5.755703
392013245,train,1,4,2,1864.1667963500743,98.45132778281966,960,1.1879059,4.2267804,9.64452,5.888514
392013250,train,1,4,2,1861.9414233033617,93.97829299510218,960,1.0101953,4.3581243,9.789406,5.6583753
392013232,train,1,4,2,1856.7094540948754,102.27228357836464,960,1.2125256,4.5860667,8.898371,6.544807
261139663,train,1,4,2,1865.322373409735,84.73630113408505,960,1.483778,3.8971684,9.85977,5.4886327
261139655,train,1,4,2,1862.5372511338574,89.8466701384805,960,1.2028551,4.13679,9.751031,5.7014093
261139658,train,1,4,2,1859.2634804387562,84.17916694130338,960,1.4876568,3.9320486,9.830785,5.627331
261137263,train,1,4,2,1849.475781992762,76.75600578593296,960,0.8549718,5.455611,9.852374,5.0896363
261137269,train,1,4,2,1850.4676259705375,74.7497918604376,960,3.2005796,4.8236337,9.834941,5.0645227
261139652,train,1,4,2,1851.948105114766,81.91810844812552,960,1.5430083,4.003642,9.690655,5.685534
261139640,train,1,4,2,1853.4155444627484,92.82216124639454,960,1.3045319,4.0048366,9.7477665,5.851184
261139643,train,1,4,2,1850.9106891446866,88.39585527894415,960,2.0599906,3.9895403,9.636231,5.70811
261139636,train,1,4,2,1851.497060982122,91.76686957997117,960,1.4664698,3.8781693,9.558223,5.858314
261139623,train,1,4,2,1844.1256443022935,90.72015831923794,960,0.8554173,5.7269077,9.671527,5.979724
261139628,train,1,4,2,1844.921115065996,88.46885043569583,960,0.94474554,5.611494,9.634583,5.771647
261137233,train,1,4,2,1833.2100825225154,87.20075647103795,960,3.576159,5.1289883,9.948737,4.541883
261108743,train,1,4,2,1858.3921413953663,44.25066892537351,960,4.7025576,5.422982,7.1574717,3.3365695
261108738,train,1,4,2,1860.6753181762692,50.493968658412044,960,3.8873372,4.7202687,7.175131,3.2591736
261108731,train,1,4,2,1857.1832047863277,51.821002125863174,960,3.8568015,4.811645,7.2630634,3.436121
261108725,train,1,4,2,1853.5201717069922,48.057376441223184,960,3.8157675,5.1768365,7.245267,3.2923183
261108732,train,1,4,2,1855.098630008096,48.07742939774586,960,2.4704251,10.528316,7.2287803,3.3542817
261108717,train,1,4,2,1849.503471710684,53.18703309772674,960,3.4318805,4.4534435,9.311521,4.099254
261106420,train,1,4,2,1855.9839994536978,39.746121072355784,960,4.804301,5.3761644,7.086716,3.1173408
261108741,train,1,4,2,1856.3397397617307,42.00906778522671,960,4.6274476,5.556559,7.194095,3.2907276
261106410,train,1,4,2,1852.6031884261956,39.37738385859193,960,4.729282,5.4133973,7.1235833,3.1726093
261106400,train,1,4,2,1849.3600887881746,43.86762394170439,960,3.7718601,4.7253537,7.2134566,3.416257
261106385,train,1,4,2,1839.0049462977274,48.72822284532671,960,1.0957861,4.992686,9.399287,4.323244
261137293,train,1,4,2,1856.983532233875,59.23152921350641,960,5.3366823,5.3381925,9.734899,4.1403894
261108710,train,1,4,2,1847.3208134721924,61.51085179445651,960,2.4837,4.021334,9.757292,4.383976
261106382,train,1,4,2,1836.8785583997114,52.90488392061687,960,3.2529106,4.185998,9.599002,4.3989563
261108704,train,1,4,2,1840.4732535010303,56.78080611288054,960,2.3029094,4.0462675,9.82092,4.243754
261108692,train,1,4,2,1835.800211442668,62.55443237083703,960,2.211278,3.9175012,9.837086,4.3958945
261106365,train,1,4,2,1827.1082562916117,56.70119221242322,960,3.352886,4.2676477,9.623806,3.671911
261091736,train,1,4,2,1828.3982761966886,35.25166988988172,960,3.6959915,5.0450263,8.482871,4.2339635
261091730,train,1,4,2,1828.857633341859,38.62673135798333,960,1.8328795,10.509057,9.073157,4.195127
261091732,train,1,4,2,1831.1312862217153,40.213941482638155,960,3.5402565,4.731049,8.857854,4.123346
261091735,train,1,4,2,1829.0822435728373,36.98500873446161,960,0.9476285,4.9975243,8.581074,4.195504
261091731,train,1,4,2,1831.3478278242017,41.44854987624381,960,1.0854969,4.9695425,9.172431,4.164871
261106377,train,1,4,2,1830.4241673900747,45.752162466619204,960,2.8336544,3.5391304,9.110204,4.1945143
261091723,train,1,4,2,1828.4745709794186,40.95143253662169,960,2.877593,3.5506737,9.020496,4.172618
261091712,train,1,4,2,1824.482586548772,43.45937919095368,960,3.1839795,3.9948575,9.137365,4.1020155
261091710,train,1,4,2,1823.522997237431,43.407060799922405,960,3.0607207,3.4863346,9.128194,4.1106157
261091722,train,1,4,2,1823.0224211820616,33.904439858396486,960,3.4933176,3.3632157,8.419397,4.1848407
261089286,train,1,4,2,1815.782305282101,34.27284744114133,960,3.4669957,3.4630241,8.541737,2.8915005
261091697,train,1,4,2,1814.399905495782,39.798689154646596,960,3.9518955,4.1377597,8.616668,2.8696074
261091684,train,1,4,2,1815.8011442835655,51.66147730280287,960,3.1300595,3.4552658,9.502843,3.6083992
261106358,train,1,4,2,1822.393365798961,56.636391336890746,960,3.3975086,3.9176757,9.533643,3.5818422
261106345,train,1,4,2,1816.4215616931938,58.776477332938946,960,4.4923,5.1173525,9.526593,3.5490663
261091672,train,1,4,2,1810.8313988237144,54.095358278689744,960,3.5931442,3.4811718,9.532624,3.5664127
261091649,train,1,4,2,1795.4304280208842,52.65971321006187,960,4.567275,5.7648892,7.063926,3.7608774
261108676,train,1,4,2,1831.0028650459462,71.90870701931848,960,2.3764422,3.897439,9.696507,3.853516
261108665,train,1,4,2,1828.1447329676025,75.58392712712842,960,2.170798,10.706909,9.7402,3.9081304
261108673,train,1,4,2,1825.6296000446623,69.12629216202026,960,3.3160539,4.0478344,9.619393,3.7121944
261106349,train,1,4,2,1823.2792221810337,64.87843524668615,960,3.397462,3.939124,9.593853,3.6094263
261108658,train,1,4,2,1821.7477596745066,74.25901105935273,960,3.3724954,4.122513,9.65625,3.7511308
261106323,train,1,4,2,1808.3303052677995,72.56744781316795,960,2.4655056,10.809756,5.5655174,2.3661325
261137236,train,1,4,2,1833.235732443751,82.8623902414179,960,1.1981401,5.552028,9.909143,4.537927
261108648,train,1,4,2,1822.3447993407663,85.17357550084338,960,4.406151,5.161936,9.901915,4.102903
261108623,train,1,4,2,1809.2551172033698,84.16063288087582,960,7.196464,5.2532473,5.6176534,2.373719
261106301,train,1,4,2,1800.9456817427638,82.20298392026064,960,7.87655,7.1580334,5.457505,2.2855682
261106331,train,1,4,2,1808.1283935554623,62.79497074521242,960,3.621725,3.4423792,5.5343523,2.3536165
261106314,train,1,4,2,1804.8222202085033,73.72705928032248,960,7.0460505,4.839883,5.4490514,2.3616772
261106309,train,1,4,2,1800.6164792748737,72.04651785098687,960,7.331457,4.8337,5.5001764,2.2881393
261091621,train,1,4,2,1793.864229533478,69.9075725692362,960,1.3144714,4.0256953,5.4100842,2.3890593
261091643,train,1,4,2,1799.3141816736936,61.65592127939231,960,2.03646,3.5516114,5.5348644,2.4069517
724121099,train,1,4,2,1793.0094626852745,55.31920288739983,960,1.3499146,9.182212,7.095663,3.7810187
261091635,train,1,4,2,1790.898174106567,55.79030011095887,960,2.7018967,10.86907,7.037331,3.7458203
261091632,train,1,4,2,1789.7718668151567,56.043953558604144,960,4.35982,4.205321,7.047646,3.7677193
261091620,train,1,4,2,1787.4749651898023,61.3675226890284,960,3.4590604,4.036524,7.1003647,3.8899984
261091611,train,1,4,2,1781.4944312429848,63.955851525979746,960,2.2662163,3.5977104,8.775507,6.0574327
261091614,train,1,4,2,1790.40043009309,73.51135832017017,960,0.36474797,6.0994973,8.1209545,7.0628204
261106275,train,1,4,2,1786.0090144431754,82.39353003675869,960,0.5191606,6.8460207,7.6313,7.4253535
261091594,train,1,4,2,1777.6223265001372,72.13868093096632,960,3.468221,5.029689,7.859847,7.222331
261091593,train,1,4,2,1777.5641193293711,74.02819180363825,960,0.48025665,6.453698,7.80708,7.2628736
261091584,train,1,4,2,1774.9723162877694,77.43006425925851,960,0.51429445,6.525897,7.63805,7.3867397
392013228,train,1,4,2,1856.8225691891878,108.14495100143183,960,0.7707992,5.7895145,8.527654,6.8724623
392013225,train,1,4,2,1852.6320260349169,108.27073496091772,960,0.30158702,5.3538632,8.546598,6.8048816
392013224,train,1,4,2,1856.7351943155234,113.50230011430821,960,0.4791101,6.060862,8.406024,6.921071
392013214,train,1,4,2,1852.587380160887,112.59386770662893,960,0.40520898,6.22932,8.405163,6.9060616
392013198,train,1,4,2,1840.096570244363,113.38631312025997,960,1.129628,7.8172684,7.5453167,7.2972817
392025758,train,1,4,2,1860.756329463473,122.2121824800787,960,0.39836428,6.4322333,7.369777,7.4105663
392025751,train,1,4,2,1855.8528447046185,121.33647608499744,960,0.48785797,6.657489,7.338604,7.422986
392013203,train,1,4,2,1851.127439341852,121.51522576573676,960,1.1704937,7.91879,6.743414,7.5135345
392025739,train,1,4,2,1855.6536815713964,129.27442249069682,960,1.2171868,9.427242,6.5150533,7.478739
392025734,train,1,4,2,1850.7034992272104,128.74346068620258,960,2.036806,9.182066,6.47183,7.4760876
392013199,train,1,4,2,1846.1132442930566,119.29236923725452,960,1.0943898,7.8698826,7.1384063,7.3958607
392013182,train,1,4,2,1838.455696842491,127.28275553403869,960,4.7739105,9.778854,4.016694,6.38999
261139617,train,1,4,2,1845.5294710598455,104.514567372356,960,0.3110049,5.5161624,8.429779,6.900867
261139614,train,1,4,2,1843.523064971375,106.22152765213805,960,0.26199195,5.5464897,7.894217,7.1928167
261139606,train,1,4,2,1839.919533984347,105.69501706262227,960,0.30592173,5.8030386,7.7557325,7.271848
261139613,train,1,4,2,1838.4057330982196,100.52276127033885,960,0.2535194,5.6020575,7.6913815,7.3466516
261139592,train,1,4,2,1829.975320471528,104.50238902444437,960,1.368808,8.233771,3.9229395,6.4125147
261139587,train,1,4,2,1826.8789486016371,106.1298348310174,960,2.6996615,9.208893,3.9057567,6.2234488
261137193,train,1,4,2,1814.4137807688908,104.09906318730503,960,5.7213383,9.690626,3.7002223,5.968958
261139574,train,1,4,2,1828.732402742006,119.6402460446587,960,5.1775913,9.611003,3.831257,6.2026496
261139576,train,1,4,2,1827.3573433123893,117.13953951499549,960,5.091502,9.737815,3.7757454,6.1419597
261139567,train,1,4,2,1820.9768768219994,117.86421443946695,960,3.2698877,9.824934,3.694577,6.051225
261139563,train,1,4,2,1818.9404562416114,117.46017897243061,960,5.030885,5.4500394,3.6746628,6.1066856
261139569,train,1,4,2,1824.2176833571718,121.08052922128793,960,5.0540767,9.622183,3.7575278,6.111775
261139556,train,1,4,2,1821.579748305048,125.18549876926572,960,5.3555517,9.654745,3.703539,6.119276
261139557,train,1,4,2,1814.924139324671,116.14749512626092,960,5.7460537,9.718783,3.6280184,6.1432943
261139535,train,1,4,2,1804.5898822136505,122.67091632987427,960,6.103994,9.586817,3.0891984,6.1732283
392025721,train,1,4,2,1846.7109326922914,138.30615704725815,960,2.66092,9.348811,3.9950418,6.385299
392025714,train,1,4,2,1845.8752137080032,140.18621527265788,960,2.4802997,9.402576,3.998005,6.378803
392025709,train,1,4,2,1839.5968438255231,138.5697185882418,960,4.8571143,9.759737,3.9761121,6.3465548
392025710,train,1,4,2,1839.6737408319498,138.00307226563666,960,4.7991047,9.766556,3.978624,6.3113904
392025699,train,1,4,2,1839.375646597924,146.96059453176005,960,5.316529,5.7745824,3.9623399,6.413488
392025700,train,1,4,2,1837.700227160074,144.30370754142857,960,4.914604,9.7646885,3.9320037,6.329069
392013173,train,1,4,2,1836.2007823036563,134.24453132956316,960,4.9139543,9.769591,3.967393,6.337471
392013164,train,1,4,2,1832.133446453228,137.44196246203322,960,5.224616,9.74455,3.8639216,6.2874026
392013166,train,1,4,2,1828.1502483959173,131.06857024151657,960,2.9859645,10.081678,3.7990556,6.31033
392013158,train,1,4,2,1827.5220612001485,140.38504086449677,960,5.5647902,9.699428,3.4990528,6.299999
392013147,train,1,4,2,1821.5970790642232,138.39979101149018,960,5.8625426,9.654608,3.0134583,6.088044
392013131,train,1,4,2,1816.06897409338,141.10788344825613,960,5.21433,5.467565,3.0046115,6.106058
392025683,train,1,4,2,1833.9756327612793,150.91571442468677,960,-0.23014651,8.33351,4.426488,7.703479
392025673,train,1,4,2,1823.996697259756,150.9220752154507,960,0.9630081,10.071209,4.22574,7.526685
392025675,train,1,4,2,1824.2985059729742,147.95111718792236,960,5.333686,9.389676,3.6545253,6.7597113
392025663,train,1,4,2,1824.9339673195573,158.92365131842533,960,0.04683745,8.95054,4.849183,9.188723
392013110,train,1,4,2,1807.9274246903778,152.73617619494922,960,-0.3800977,9.71233,2.7685068,6.2830787
392013106,train,1,4,2,1806.1295062295849,153.32429535870745,960,-0.3182633,9.647573,2.7991605,6.333154
724121845,train,1,4,2,1799.836433191107,153.100123650816,960,4.3653975,9.351394,2.789145,6.34975
392013152,train,1,4,2,1818.4794636161482,133.49771463199926,960,5.832374,9.668314,3.045987,6.091076
392013126,train,1,4,2,1810.8502169469064,139.29550539001048,960,6.202788,9.573434,2.9950538,6.008674
261139505,train,1,4,2,1799.4055417465654,135.2319126973024,960,-0.45471212,8.721102,3.165048,6.338145
261139532,train,1,4,2,1802.2441863978142,123.82825199731137,960,6.150083,9.595903,3.155955,6.2365074
261137151,train,1,4,2,1795.4752255401627,120.66211295594083,960,-0.12214672,8.670222,4.813077,8.553196
261139497,train,1,4,2,1791.0465370190154,132.6405843318492,960,-0.529914,8.78271,4.300836,8.863409
392013118,train,1,4,2,1807.5792037805759,141.02524188668346,960,6.533921,6.228484,2.9455364,6.0507293
261139488,train,1,4,2,1792.4566068085364,143.03740514925275,960,-0.009762612,9.531323,4.2587304,8.823151
261139493,train,1,4,2,1791.7882401271588,136.19622692779976,960,-0.5139755,8.76054,4.323895,8.82248
724122057,train,1,4,2,1809.6328627211255,99.92349885188003,960,5.423528,9.7186365,3.0345905,5.724948
261108611,train,1,4,2,1808.2491571878093,93.94044706302459,960,5.6543303,9.245227,3.0888784,5.659643
261108600,train,1,4,2,1803.7016854860676,97.52202580655877,960,6.246373,9.565631,3.7754288,6.9055805
261108589,train,1,4,2,1798.1513613548234,103.31881352876756,960,0.18080959,8.184035,3.013564,6.0034466
261106276,train,1,4,2,1791.8290054874126,89.48047164754882,960,0.29868904,7.549776,7.521385,7.502924
261106280,train,1,4,2,1796.1286531560388,92.58671748188472,960,0.94711435,8.168272,7.5719495,7.462781
261108581,train,1,4,2,1790.9438999646602,101.64427291584104,960,0.30427745,8.436605,5.394933,8.350115
261106260,train,1,4,2,1781.8562516728248,99.45180043750901,960,0.010871635,7.7935762,5.0145497,8.742411
261137167,train,1,4,2,1801.2241317887292,107.71324380254272,960,6.4485006,6.1633277,3.3976,6.499118
261137152,train,1,4,2,1791.0927510948904,114.01874235775551,960,0.89748085,8.856103,5.2865243,9.023019
261106254,train,1,4,2,1780.2333852594509,100.47796007899754,960,0.30193838,8.50821,5.0059905,8.651393
261108568,train,1,4,2,1780.8752022283454,101.239349434829,960,0.7940436,9.368067,5.027914,8.769065
261108556,train,1,4,2,1779.8865215687124,104.38975805544639,960,0.3800957,8.723246,4.9395175,8.687367
261108546,train,1,4,2,1781.9721874196248,111.61160736810862,960,-0.0381511,8.981332,4.8309007,8.773965
261106270,train,1,4,2,1780.6994423541323,86.89268041963459,960,0.7519905,8.243286,7.446171,7.5719714
261106240,train,1,4,2,1768.7403252398476,96.24826110406791,960,0.42987126,8.759821,4.9671555,8.820009
261091564,train,1,4,2,1767.3281314277804,87.08248603772044,960,4.7963824,5.340164,5.0485454,8.730879
261091566,train,1,4,2,1769.1069907586643,87.92623212919982,960,-0.44067764,9.129561,5.0780363,8.788033
261106231,train,1,4,2,1768.3221686718086,103.00621834725372,960,0.36655152,9.216175,4.940809,8.847231
261106213,train,1,4,2,1759.781646861248,108.15207967928251,960,1.487107,9.734873,5.4821515,9.083921
261106212,train,1,4,2,1760.1461682408756,108.89225457569978,960,1.1823931,9.72549,5.5665727,9.150813
724122387,train,1,4,2,1757.4875100481916,108.194480488675,960,0.33672503,7.703631,5.482295,9.080317
261091544,train,1,4,2,1756.586358535935,97.43927780841584,960,-0.13777049,8.30781,5.1560974,8.655204
261091539,train,1,4,2,1754.5422262906097,100.61788905262712,960,0.26244262,9.156376,5.156121,8.848643
261091538,train,1,4,2,1748.8362704222902,95.53514078742865,960,0.28385487,9.186181,4.95816,8.808219
261091533,train,1,4,2,1751.8848591620226,102.60102480049862,960,-0.41734186,8.686701,5.171468,8.830836
261106195,train,1,4,2,1753.8899715959149,106.94942414498547,960,-0.5017242,8.757918,5.519341,9.087019
261108541,train,1,4,2,1781.2532234997018,116.98594134194731,960,-0.09923946,9.066348,4.468999,8.854295
261108529,train,1,4,2,1777.341476030175,122.87531051084098,960,-0.3900965,9.086668,4.492047,8.980529
261108524,train,1,4,2,1766.851904295985,113.02450265076749,960,-0.17542082,9.337957,4.8352423,9.035237
261108520,train,1,4,2,1765.941742874652,116.65859088803947,960,0.76727384,10.178186,4.521621,9.026459
261108513,train,1,4,2,1767.4498976467034,122.09263419770404,960,-0.29587412,9.506325,4.461551,9.053717
261137094,train,1,4,2,1780.5136308757435,134.2108394567496,960,-0.61127514,8.875098,4.2971516,8.88175
261137091,train,1,4,2,1776.3842377854933,132.4786156329447,960,-0.6373112,8.970196,4.29063,8.920615
261137067,train,1,4,2,1764.547146692004,141.06692592112745,960,5.4902315,7.511866,4.1490684,9.011669
261137053,train,1,4,2,1758.322162610884,141.2793956284853,960,4.6625576,5.5604978,6.6289654,2.9633138
261108497,train,1,4,2,1764.6546153332004,133.04007915377787,960,-0.47677338,9.649001,4.2706976,9.120669
261108474,train,1,4,2,1752.6485141223573,133.83370512810416,960,4.34138,5.083455,1.3443685,5.9086037
261108470,train,1,4,2,1750.517375664917,135.3023847862189,960,4.57236,5.9366927,1.3848331,5.8763275
261106210,train,1,4,2,1761.001336107951,111.06737106773863,960,0.19411573,9.216142,5.471842,9.114156
261106200,train,1,4,2,1760.8263480213552,114.00576073964805,960,-0.15524164,9.30572,5.0777493,9.161241
261106199,train,1,4,2,1757.6715756748242,109.8457637934899,960,2.5564425,10.45946,5.4954724,9.09518
261106194,train,1,4,2,1756.6074552372086,112.51968829932906,960,0.18712485,9.480418,5.4979854,9.100483
261106173,train,1,4,2,1750.8107480055983,115.61596386086961,960,-0.59757257,9.846222,4.8321934,9.211621
261106187,train,1,4,2,1758.2328702237232,118.44153659135841,960,-0.4647311,9.502729,4.729585,9.10774
261106177,train,1,4,2,1748.255535006224,110.43746078128811,960,-0.90612125,9.790549,5.068342,9.061329
261091518,train,1,4,2,1742.5709865681092,106.18036606619816,960,-0.7325699,10.397429,4.519631,9.146283
261091503,train,1,4,2,1735.5402909707873,111.06913598582551,960,5.6025066,8.974093,1.3114115,6.3119965
261108473,train,1,4,2,1748.1869049493414,128.15819754814746,960,5.986012,8.751272,1.3757184,5.9289393
261106141,train,1,4,2,1744.0945155825068,128.97799801411617,960,5.967424,8.776266,1.5806609,5.515476
261108459,train,1,4,2,1742.197202310483,134.73898247937933,960,9.311278,4.098285,1.387137,5.8923645
261106126,train,1,4,2,1732.0478217029702,126.03244359079795,960,9.34741,4.0803857,1.6535559,5.2207336
261091471,train,1,4,2,1725.745769075408,121.19207743666792,960,9.355935,4.1284494,1.6488997,5.252779
261106123,train,1,4,2,1731.6158813136701,127.07468561329303,960,9.288554,4.097106,1.662616,5.219306
261106121,train,1,4,2,1729.3272618859655,127.35060584328457,960,9.335044,4.155576,1.6634511,5.2069077
261106114,train,1,4,2,1723.7181585607543,127.09521488407769,960,9.404275,4.185894,1.6604453,5.262696
261259854,train,1,4,2,1946.1474343860323,188.49651285741348,960,0.8269705,8.982577,3.4978974,4.885709
261259845,train,1,4,2,1939.6893862630404,188.35619663974796,960,8.4057255,5.132642,3.2755783,4.9570427
261259836,train,1,4,2,1936.4223615114367,193.82274196659424,960,5.796318,9.407076,3.211452,5.010928
261259838,train,1,4,2,1938.3576013820511,194.21944709737033,960,5.698381,6.25044,3.2149103,5.015483
261259833,train,1,4,2,1936.7669679102498,196.38323363998796,960,5.565724,9.248295,3.2158878,5.015353
261259822,train,1,4,2,1930.6471371102193,195.92795756703674,960,6.032794,9.569455,3.5170567,5.5100417
261257223,train,1,4,2,1926.931830832101,191.05367000795917,960,6.0509257,5.81776,3.7689774,5.5965743
261257235,train,1,4,2,1928.0560298559262,186.5559484284842,960,9.269391,4.091106,3.9201505,5.5280113
261257221,train,1,4,2,1923.9027322928268,188.42518576624366,960,5.4788156,5.5540276,4.1688375,5.492835
261257215,train,1,4,2,1923.22249498759,191.88135403285855,960,5.08119,9.814573,3.8469398,5.582825
261257204,train,1,4,2,1913.6915841452917,189.61772058627227,960,2.316217,8.865316,5.435047,6.171558
261257206,train,1,4,2,1915.9707587883904,191.02575132834687,960,2.3908648,8.577605,5.4796553,6.231703
261257202,train,1,4,2,1912.4051013107883,188.3265707034643,960,2.2477658,9.093977,5.4326663,6.1901927
261257194,train,1,4,2,1911.8177896049008,192.6887355542656,960,2.2739742,9.171429,5.3811426,6.284264
261259819,train,1,4,2,1931.7742464080843,200.2585390769911,960,6.2873945,6.227632,3.4481862,5.483659
261259815,train,1,4,2,1927.885875489135,198.88538519611433,960,5.3489947,9.699383,3.4308455,5.35423
261259802,train,1,4,2,1926.7847899762937,205.61212992182192,960,2.6789756,10.333358,3.6032465,5.6140547
261259773,train,1,4,2,1913.6218924952714,209.54779371610118,960,4.73027,5.7720847,5.16788,6.2708116
261257186,train,1,4,2,1910.4502456802936,197.85297709648617,960,2.6348233,10.148991,5.205251,6.283806
261257187,train,1,4,2,1911.8653183400768,198.39777176365558,960,4.976688,5.8335466,5.296891,6.3320017
261257185,train,1,4,2,1910.6057891256592,198.84321914784948,960,2.3877337,10.010912,5.226189,6.277875
261257162,train,1,4,2,1901.5398425184244,206.2922994338713,960,-0.03694727,7.9239674,5.842646,10.4274845
261257165,train,1,4,2,1899.5178514704176,202.04535714357138,960,0.70739466,8.914091,5.810684,10.4002695
261238733,train,1,4,2,1907.936111127217,186.11255765962414,960,2.2459984,9.702277,5.4379144,6.353499
261238745,train,1,4,2,1908.8029121794807,180.1457893753638,960,2.453026,8.459312,5.523665,6.085589
261238728,train,1,4,2,1904.1051621956956,183.72569357252146,960,2.388584,9.717565,5.416704,6.2996483
261238720,train,1,4,2,1898.0835590805718,184.48871531349624,960,2.585966,10.392354,5.3601427,6.300863
261238710,train,1,4,2,1895.0265960910158,186.76550343185073,960,2.6031773,9.8079195,5.360755,6.3266206
261238723,train,1,4,2,1897.7067994381814,181.82891291440885,960,2.2223577,9.783971,5.40019,6.3388724
261236044,train,1,4,2,1883.2584384382637,181.36500565137698,960,4.7388663,5.649065,4.1857433,6.3156977
261238709,train,1,4,2,1901.0580100383079,194.36379862648914,960,0.82839656,8.890544,5.335743,6.393861
261238707,train,1,4,2,1893.4866632367127,192.15261668602608,960,0.6664931,8.753202,5.9273043,10.518838
261238695,train,1,4,2,1888.2741501511462,196.4961615704368,960,0.4149066,8.69112,5.9454556,10.532691
261238687,train,1,4,2,1888.724610056197,203.51921899673187,960,0.26468953,8.658389,6.0198026,10.607144
261238691,train,1,4,2,1888.288024411366,199.898767499666,960,0.22515202,8.79265,5.9423327,10.5492735
261238680,train,1,4,2,1881.6281029914571,199.10247987381072,960,4.201562,9.396446,5.9162807,10.574066
261238681,train,1,4,2,1882.3133717632004,199.79686102006983,960,4.057741,9.484183,5.897902,10.5223465
261238673,train,1,4,2,1879.0806392028048,198.51049028377497,960,4.121123,9.410803,5.9520626,10.5435295
261236014,train,1,4,2,1876.1277490303764,196.38671785648066,960,0.23729858,8.399673,5.9614286,10.563123
261259775,train,1,4,2,1918.7295381633467,213.86821019559315,960,4.82647,5.7730618,5.187352,6.3133655
261259765,train,1,4,2,1912.444812542867,211.581667945498,960,2.5902548,10.439233,5.062361,6.200728
261259740,train,1,4,2,1901.5388703676774,222.2086431136726,960,0.46544698,8.8745,5.8477325,10.434244
261257157,train,1,4,2,1899.874347648784,207.77289621600042,960,0.57776856,8.966772,5.86563,10.454365
261257150,train,1,4,2,1892.6017230734124,208.66584058600327,960,0.5761756,8.824961,5.83493,10.420475
261257132,train,1,4,2,1890.4516057146438,219.52066240548734,960,-0.00348665,7.998448,5.9271903,10.523106
261257633,val,1,4,2,2084.047021379247,25.733490690199776,960,9.226072,4.8229475,0.9498483,0.9821967
261236559,val,1,4,2,2070.9741363494413,2.69714942997367,960,9.085323,4.8039355,1.2997954,1.3071357
261236522,val,1,4,2,2065.750388710865,22.912803149885256,960,11.195113,5.1685824,1.1320081,1.1428914
261236529,val,1,4,2,2061.9102971778993,13.207875755948344,960,10.909865,4.9465976,1.2552048,1.238905
261236515,val,1,4,2,2058.634205819572,18.885643664324185,960,11.1882515,5.149491,1.180864,1.1739461
261236512,val,1,4,2,2056.385425489136,17.537040043311922,960,11.409057,5.6733413,1.2513642,1.230299
261260243,val,1,4,2,2084.6309168003518,43.245799923001485,960,11.512663,5.298288,0.57331127,0.6613696
261260219,val,1,4,2,2079.4142373561785,57.659367397715044,960,3.108514,5.6118994,0.65081215,0.70126826
261206832,val,1,4,2,2036.427816439916,32.489488712599496,960,-2.528687,9.447404,-2.2154393,7.2437797
261257494,val,1,4,2,2037.498654378329,82.93651855250818,960,-2.0391402,9.546219,-2.661102,7.008791
261236416,val,1,4,2,2027.3670133070218,58.46925957320365,960,-2.2045743,9.879408,-2.511479,7.1875324
261236410,val,1,4,2,2018.4811525133719,51.30406226426202,960,5.4058657,5.420888,-2.1359758,7.3843546
261236366,val,1,4,2,2010.763742715673,72.88345503643113,960,-2.7489429,10.023915,-2.2731905,6.144098
261204361,val,1,4,2,1998.4736063485764,43.35170897764654,960,-1.1899151,10.051113,-0.36623532,8.488408
261156542,val,1,4,2,2003.195265354872,18.91871944884612,960,-0.8908639,8.470989,-0.43909296,8.620287
261156485,val,1,4,2,1976.120462938807,34.57467779232931,960,-0.3320581,10.144482,-0.09554322,8.848225
392025971,val,1,4,2,1958.8058663230956,33.678392885130606,960,-0.77626765,10.580642,-0.057253763,8.933099
261206789,val,1,4,2,2002.9590785450864,45.890370850864535,960,-1.223933,10.001987,-0.49591148,8.080404
261206748,val,1,4,2,1988.670748559962,65.74234549283156,960,5.768329,7.7656274,-1.9458157,5.78328
261204288,val,1,4,2,1969.8343271737176,63.838145774391094,960,6.2174377,7.745448,-1.1565759,3.9047565
261156438,val,1,4,2,1957.7269065383643,48.71135280058779,960,5.769398,7.8227468,-0.07195825,8.901054
392013450,val,1,4,2,1958.8854947212606,14.299956873051636,960,-0.50264925,7.552357,-0.10866956,8.976387
392025983,val,1,4,2,1964.4767755352448,25.572706070879747,960,-0.4272961,10.2655325,-0.08445488,8.9147625
392013413,val,1,4,2,1943.005375676558,26.150951895717352,960,3.30246,9.802408,-0.059816875,8.943002
261137409,val,1,4,2,1910.1275463966467,26.19893920551701,960,5.5608854,9.116063,1.3045179,6.2964106
261137401,val,1,4,2,1904.9464958909543,26.10287441769588,960,6.31636,8.595721,1.3480198,6.323636
261106446,val,1,4,2,1864.086907720792,23.021231476666262,960,5.826086,9.730613,-0.6598311,3.0060866
261108774,val,1,4,2,1870.9194434633425,32.97037692861334,960,8.000002,6.7103024,-0.67274266,3.1389322
261089291,val,1,4,2,1811.9993493392813,23.255091473488637,960,6.6732073,5.3752294,5.3815527,2.210534
261063067,val,1,4,2,1801.879503839274,21.453104186277688,960,4.766964,5.2891355,5.333032,2.220632
261063060,val,1,4,2,1798.6078775063272,21.70151585636921,960,9.200407,4.302495,5.4230547,2.224647
391950148,val,1,4,2,1755.4174250198255,5.5191237584991875,960,9.104965,4.3044653,5.368768,2.1487603
261260116,val,1,4,2,2032.3648279153488,96.55836954597038,960,-2.66978,10.023411,-2.702203,6.8418646
261257485,val,1,4,2,2030.5122028595536,85.02318184263561,960,-2.5172863,9.816301,-2.6240878,6.6749206
261257454,val,1,4,2,2012.6730697096625,92.60465531902847,960,-2.271917,10.104347,-2.2427194,6.119159
261260092,val,1,4,2,2021.271337656383,107.95711511223017,960,7.4926085,5.75262,-2.5327022,6.4356523
261257443,val,1,4,2,2009.766598825399,97.82393114938513,960,-2.6885686,9.996773,-2.1262681,5.961354
261239004,val,1,4,2,2005.125454664382,91.27778499811137,960,7.598576,5.682404,-2.2834086,6.166532
261239008,val,1,4,2,2002.7907845134068,84.77766594930048,960,7.499161,5.7632203,-2.1856363,6.045606
261236327,val,1,4,2,1991.3576946575974,87.1848133372848,960,7.1716614,6.228599,-2.1182585,5.9632254
261257422,val,1,4,2,1999.3297899015263,110.65303216826737,960,7.594029,5.850665,0.08452195,4.0022726
261257395,val,1,4,2,1984.8243378203333,123.22199509452312,960,8.430909,5.5623407,1.1446788,3.4340537
261238939,val,1,4,2,1982.6054932055117,109.81214431684282,960,8.424737,5.9449496,0.8025164,3.5556781
261238920,val,1,4,2,1972.7991811027473,115.37582360417696,960,8.764285,5.385833,1.3412284,2.9390383
261206705,val,1,4,2,1971.505726585498,78.10014233094452,960,5.5009675,9.21116,-0.9695685,4.043511
261206691,val,1,4,2,1964.2391907423785,80.31230447933547,960,7.5510616,6.574485,-1.264071,3.3753638
261206678,val,1,4,2,1960.0342954480554,84.12753738672453,960,8.546883,6.8830705,1.0462649,2.8774292
261204227,val,1,4,2,1941.4336910207908,90.16429590999616,960,8.664822,6.6635423,1.2768768,2.901476
392025867,val,1,4,2,1922.2460713170053,77.76955238354142,960,8.648087,6.2411566,1.4016262,3.339572
261206647,val,1,4,2,1954.446774673684,99.56677418976386,960,9.236484,4.6088767,1.1567844,2.8751671
261206643,val,1,4,2,1954.1516641087883,101.83634926136756,960,9.356953,4.589255,1.2017184,2.9212627
261206646,val,1,4,2,1951.4315390962593,97.1339082789041,960,9.286543,4.6990714,1.144412,2.8695717
261204210,val,1,4,2,1935.3477378290245,97.0247326984636,960,8.608434,5.717471,2.7804008,2.9125142
261204197,val,1,4,2,1930.6291690206335,102.25382733908953,960,8.037464,5.095429,3.7343543,2.7522714
261204183,val,1,4,2,1923.0330116004757,106.54086404600395,960,2.1254299,10.623725,3.8580234,2.738532
261259955,val,1,4,2,1971.2707356626875,160.3021627421197,960,8.355195,5.945378,2.8395731,0.94948417
261238843,val,1,4,2,1949.5730748154613,151.00487617501176,960,4.4495277,9.418582,2.8637435,0.8545882
261236132,val,1,4,2,1911.8295819325933,152.93358400614565,960,4.554868,3.892253,5.0157585,4.4764476
261236127,val,1,4,2,1913.9539284528125,158.02788256390437,960,4.440346,3.8453424,5.0460124,4.5514855
261238766,val,1,4,2,1919.4131095131731,169.98034763197438,960,4.662956,3.8342867,5.1232495,4.6277137
261238736,val,1,4,2,1901.9116983818774,176.8191473250802,960,2.4242735,8.566317,6.0016665,5.626233
261236076,val,1,4,2,1897.6993524348413,171.38556142728305,960,2.3442838,8.377457,6.10992,5.6014996
261206576,val,1,4,2,1929.2206136486125,122.34141712322094,960,4.157594,4.532904,4.606352,2.597163
261206558,val,1,4,2,1921.6283895965296,127.3025655865929,960,3.2925806,4.0806923,4.789136,2.5713289
261206475,val,1,4,2,1887.3325191483389,160.84165991221178,960,2.2351053,10.868314,6.1134353,5.869666
261156162,val,1,4,2,1852.135236464122,148.70832999374522,960,1.0731213,9.60968,6.396275,6.8210726
261156148,val,1,4,2,1852.908316100827,157.7455949469926,960,1.0051315,7.9431157,6.4493628,6.7310157
392025848,val,1,4,2,1906.5472689547537,76.96802459103955,960,8.151271,5.169588,0.99017113,3.0741277
261139704,val,1,4,2,1885.5423738364543,69.47778930955855,960,7.0052004,4.766064,9.831669,5.432298
261139659,val,1,4,2,1859.499431887144,83.07727161543754,960,1.9059643,3.9897687,9.6495695,5.52557
261137270,val,1,4,2,1852.9285662757877,75.84080390889054,960,1.7819688,3.8831456,9.694921,5.2209764
261137275,val,1,4,2,1850.6123470921834,72.34319477254962,960,2.0764942,4.0433083,9.811267,4.8675246
261139639,val,1,4,2,1849.9709975613234,89.0164853364318,960,1.9520844,3.9226892,9.885982,4.5602875
261139620,val,1,4,2,1843.9491995486096,94.55925977780213,960,0.86452544,4.531352,9.970726,4.550121
261139629,val,1,4,2,1845.761642047747,88.58177187555182,960,2.065461,10.6142435,9.909732,4.602107
261106371,val,1,4,2,1832.2660613671699,56.17991676311738,960,3.2348688,4.1352997,9.70592,4.1247177
261091716,val,1,4,2,1826.0519771929603,41.04877810191918,960,3.2560546,3.6635735,5.8953943,2.5830827
261137242,val,1,4,2,1834.4292838355657,80.11046373319361,960,3.8654685,4.996833,9.911573,4.2890797
261091652,val,1,4,2,1800.159580123,57.500458198376435,960,7.577397,4.8712597,5.4230294,2.2070146
261106305,val,1,4,2,1800.0903585577473,77.04634492718058,960,8.1851015,6.0482397,5.5053787,2.2973838
392013192,val,1,4,2,1842.6400906618665,120.01081598906748,960,2.0007117,9.19813,6.847848,7.240104
392013187,val,1,4,2,1836.2438777416917,120.62907414236574,960,5.2159677,9.644411,6.8523374,7.198513
392013107,val,1,4,2,1806.476948841084,153.3838573267741,960,-0.3419619,9.664792,4.1094093,8.665142
261139518,val,1,4,2,1800.2324302189902,129.81429133002248,960,6.2956433,9.5330305,4.086228,8.671711
261139519,val,1,4,2,1801.3161971901277,130.79237369611147,960,6.240225,9.566985,4.1094136,8.665358
261137093,val,1,4,2,1782.9832888091607,137.7499346342882,960,-0.5611654,8.874328,4.1350527,8.712903
261137168,val,1,4,2,1804.3452077989793,109.96264603673795,960,6.1474576,9.619278,4.109662,8.626656
261108562,val,1,4,2,1782.7258060501747,106.31602177523993,960,0.22026348,8.668672,4.0769024,8.6074915
261106216,val,1,4,2,1757.1851072554662,101.61543286544652,960,0.41902816,9.206873,4.778997,8.955023
261137134,val,1,4,2,1784.508242795941,119.3811791905344,960,-0.16332416,8.817651,4.089342,8.644335
261106183,val,1,4,2,1754.1675099772078,114.71332268102752,960,-0.48698977,9.673225,4.7172103,8.929929
261106146,val,1,4,2,1740.3622775416318,120.12294812599194,960,5.437985,5.8056026,4.617354,8.961008
261259844,val,1,4,2,1939.368944670673,188.321961368833,960,8.377936,5.4178667,4.568195,4.1746607
261259839,val,1,4,2,1939.2122528415887,194.2592854738649,960,6.4632335,6.3316097,4.68728,4.3686905
261257163,val,1,4,2,1900.8175374175808,205.39034653880628,960,0.63351196,8.860958,5.8888407,10.485645
261238689,val,1,4,2,1886.1332937102973,198.88804136113336,960,0.65874064,9.54561,5.816675,10.400943
261236025,val,1,4,2,1880.6522777963821,195.52103685575065,960,4.311412,9.4221325,5.8432045,10.427006
261236013,val,1,4,2,1876.0887623190767,197.36626430469616,960,0.2586205,8.467533,5.8593125,10.452573
261238670,val,1,4,2,1877.027250010767,200.22278365288054,960,0.49801722,8.842711,5.882295,10.48643
261257156,val,1,4,2,1900.0583455199442,208.28576258302408,960,0.58159035,8.9259,5.939263,10.53932
261236568,test,1,4,2,2081.8255766487528,4.8608923582757235,960,8.848114,4.8946533,1.4019502,1.4177061
261236555,test,1,4,2,2070.6398080229956,4.011486390785272,960,9.021978,4.8259163,0.98504084,1.0396278
261239166,test,1,4,2,2065.5067586819196,23.616481544758958,960,11.400141,5.318329,0.5693416,1.0353314
261206874,test,1,4,2,2049.9956330979026,13.391027909439629,960,11.5144,5.3294554,0.9079138,1.2267735
261204438,test,1,4,2,2021.9990643738722,13.969770127222116,960,0.042636402,7.6803102,0.94594735,1.6888281
261156580,test,1,4,2,2018.6159082202328,3.7583694003079753,960,11.985275,5.231317,2.0691426,3.180654
261257595,test,1,4,2,2075.8353919573083,42.370911104608666,960,11.575001,5.445988,0.44287863,0.73013204
261257569,test,1,4,2,2065.558393303748,51.89090514015527,960,3.0299356,5.620319,0.25889933,0.69980985
261239131,test,1,4,2,2059.753314909485,39.74808169789364,960,11.12362,6.1108103,0.34387425,0.68094367
261239098,test,1,4,2,2038.6274360200666,48.91965415899003,960,-2.1833198,9.918945,-1.9989867,7.300602
261236461,test,1,4,2,2039.945546821878,40.59931260680968,960,-2.5519218,9.456315,-2.0927956,7.353728
261236462,test,1,4,2,2040.9039538407867,41.00228488568143,960,-2.5457952,9.451462,-2.073288,7.33184
261257531,test,1,4,2,2045.6406749682244,60.63910293365708,960,-2.101031,9.9157505,-2.0045917,7.4051476
261257489,test,1,4,2,2026.8422028093314,78.54075869572269,960,-2.195461,9.950917,-2.7934933,7.181216
261239084,test,1,4,2,2032.803986053185,56.60927115641621,960,-2.3835511,9.760974,-2.0513875,7.409247
261239023,test,1,4,2,2009.6927866318326,76.68372967096198,960,-2.5914214,9.997806,-2.7095234,7.062437
261204416,test,1,4,2,2013.598219580924,21.154503017248047,960,8.268222,5.095048,-0.90260184,8.011609
261204413,test,1,4,2,2012.5933164557596,22.900332312278934,960,7.231313,5.423759,-0.8805503,8.034311
392026017,test,1,4,2,1989.0787998515902,12.00652685395528,960,-0.5577418,7.4384246,-0.7890442,8.178305
261156487,test,1,4,2,1978.5791074830609,36.29193075495179,960,-0.97239345,9.677093,0.18998787,6.8922553
261156484,test,1,4,2,1978.8503820412839,37.9373922808483,960,2.5390887,10.477965,0.13103077,6.914926
261206737,test,1,4,2,1981.2014360388146,65.29611381956664,960,5.91964,7.612035,-1.0469067,3.98955
392025966,test,1,4,2,1957.9269193017872,40.0438989695838,960,5.5040746,7.8395147,0.35654646,6.739916
392025957,test,1,4,2,1955.0307990453732,45.40480934639105,960,5.668754,7.671446,0.6358911,6.559417
261139821,test,1,4,2,1931.6796438764495,20.906739794715154,960,3.2209182,9.783028,1.390935,6.362654
261139817,test,1,4,2,1926.059903863449,20.878588990569323,960,3.2845876,9.79011,1.3377688,6.3694015
392013386,test,1,4,2,1936.7730333953045,48.10990401475737,960,7.521511,7.7867303,0.8086639,6.507321
261137379,test,1,4,2,1892.5253216077722,30.67354129113437,960,7.553808,7.803598,1.3573533,6.3923745
261089303,test,1,4,2,1821.0080069716344,27.301605840885145,960,4.1133976,4.911662,8.597685,2.7794285
261089343,test,1,4,2,1830.3994511174985,6.190226457896567,960,2.5670476,8.649765,8.618314,2.7776406
261063106,test,1,4,2,1820.9733415042092,2.7811130561023933,960,1.2762728,9.189917,8.588266,2.7865846
261089321,test,1,4,2,1824.7370217967007,16.37134456204091,960,1.3377025,5.3071065,8.623783,2.7883596
261089285,test,1,4,2,1808.9706856276046,24.859047587411904,960,6.628645,5.4015055,8.657083,2.824057
261060769,test,1,4,2,1790.1001479596177,16.975316078886454,960,9.1149,4.2967863,8.626367,2.7793825
261260129,test,1,4,2,2038.508874006556,90.55688250411055,960,-2.0566123,9.819697,-2.7093644,7.099216
261257471,test,1,4,2,2025.9272196330207,93.84273960850936,960,-2.3719618,9.715608,-2.8040571,7.1264815
261257476,test,1,4,2,2020.622265107265,84.89155366299764,960,-2.1721318,9.994702,-2.7655938,7.1011767
261257479,test,1,4,2,2025.2165300815566,88.85030226539331,960,-2.6613305,9.926283,-2.6933837,7.069122
261260117,test,1,4,2,2034.0518264711407,98.27550165553825,960,-2.619027,9.915689,-2.7160468,7.1009903
261238961,test,1,4,2,1992.2397873526972,101.9028669488918,960,7.3647757,6.1341844,-0.035627164,3.8561385
261260038,test,1,4,2,2002.2200506295414,128.9096374410081,960,7.2756715,5.4524446,1.0812078,3.4872062
261257382,test,1,4,2,1984.8797805284228,131.8906768671309,960,8.919833,5.1881623,1.2656306,3.417223
261236222,test,1,4,2,1944.463124015991,123.18770303815823,960,7.149245,5.1106534,2.9438062,0.86575735
261206701,test,1,4,2,1971.4963397618264,82.18623327458135,960,7.5538697,6.475756,-0.53463274,3.2210095
261204223,test,1,4,2,1942.8573617713223,93.67508929092735,960,8.355073,6.1056347,1.0273874,3.1361868
261156386,test,1,4,2,1949.863386733282,73.44116255779315,960,8.45772,6.982689,-1.0394537,3.6432612
261156336,test,1,4,2,1924.3325570597729,86.0798932137167,960,8.6515875,5.9206743,0.67291594,2.8439844
392025846,test,1,4,2,1909.653412853999,80.85650969137056,960,11.296963,5.1105485,0.5017435,2.804074
261206600,test,1,4,2,1934.3647315419723,112.7253608315719,960,2.4356265,10.77274,2.9332817,0.9059126
261204155,test,1,4,2,1909.5026667805582,110.43669686179169,960,2.5662792,3.993676,9.072519,5.7509456
261156271,test,1,4,2,1892.0017859571074,108.16337934005817,960,1.0339344,4.315194,9.673961,5.9238024
261238869,test,1,4,2,1957.7037743475146,141.50708994783514,960,12.444424,5.1328645,2.824992,0.81597173
261259954,test,1,4,2,1970.7587694379556,159.76762465103508,960,8.399127,5.9827676,2.7972074,0.8246689
261238874,test,1,4,2,1954.217751604484,135.30764828496396,960,12.450123,5.133461,2.9580843,0.9021634
261238842,test,1,4,2,1939.0584403841622,142.2378953157697,960,3.0011296,4.011965,2.8525853,0.85772973
261259943,test,1,4,2,1967.1851559973156,163.95013860419684,960,7.537344,7.82111,2.7519453,0.8537597
261259914,test,1,4,2,1954.9115406068647,166.8641674795739,960,4.290052,9.445846,4.1799097,3.9803581
261257278,test,1,4,2,1937.7013601954693,165.12636413501292,960,6.3848004,4.142662,4.886405,2.553705
261259861,test,1,4,2,1943.7552031911607,182.75889560018754,960,8.701625,4.693822,4.128943,4.328508
261206562,test,1,4,2,1927.0255177399931,130.07347116833992,960,2.5444915,10.899694,9.314811,4.49449
261204118,test,1,4,2,1898.2696210299562,127.51142179080092,960,0.47453552,5.87143,9.24657,6.3269863
261206546,test,1,4,2,1919.9776096697362,138.06686412716758,960,0.5130539,5.192954,9.21187,4.592458
261204129,test,1,4,2,1901.6962984395593,122.46046779791297,960,1.3533281,4.4546733,8.994903,6.3908396
261156258,test,1,4,2,1891.790583773064,119.60392643973607,960,0.66709197,5.4805512,8.908032,6.553762
261156222,test,1,4,2,1875.220687928137,131.14732271068564,960,0.41438237,6.4218,7.2976584,7.392357
261156208,test,1,4,2,1868.2334839423843,130.97639339652642,960,0.8485148,7.307541,7.2037473,7.2825565
261156141,test,1,4,2,1846.9366266250956,154.0881093889602,960,0.7432769,8.44958,4.37692,7.5799384
392013239,test,1,4,2,1863.5522663799738,104.96320075130207,960,0.52762043,5.133338,7.855031,7.1524215
261137251,test,1,4,2,1847.412090052516,83.08305239486508,960,2.042732,3.9388843,9.7117815,5.8631234
724120419,test,1,4,2,1847.1095846517487,89.05287816307892,960,1.6240014,9.9321995,9.8055,5.721253
261139627,test,1,4,2,1850.8628728007634,97.11590430980476,960,1.0320823,4.4682574,8.0418825,7.0810695
261108736,test,1,4,2,1853.47998645512,43.93370238815466,960,3.613407,4.9757876,9.618967,3.7395222
261091733,test,1,4,2,1828.9753186453593,37.15675040640601,960,2.9110887,3.6178179,8.701992,2.85141
261091707,test,1,4,2,1817.1171326522344,36.42187068839434,960,3.3846767,3.4527652,8.661037,2.7694075
261091708,test,1,4,2,1820.603829275399,41.2678420006976,960,3.5168934,3.6789675,8.814712,2.969405
261091695,test,1,4,2,1814.2710585683085,41.42206965793984,960,3.472294,3.4215803,8.7281065,2.8863015
261137247,test,1,4,2,1839.4611272516202,76.3281859107555,960,2.2982924,3.8699107,9.820956,4.180458
261108647,test,1,4,2,1815.1146799388416,76.09855728273442,960,3.5583577,3.894879,5.612575,2.321887
261108636,test,1,4,2,1812.160876438318,78.99301296240439,960,3.676318,4.0761204,5.64319,2.4140308
261108617,test,1,4,2,1804.1784879870982,84.42501087033109,960,8.002726,6.4988236,5.583056,2.343877
392013180,test,1,4,2,1835.7192519130565,125.40243900969298,960,2.2165148,9.289149,3.6329226,6.5321693
261139607,test,1,4,2,1840.5861265725255,106.40389516606108,960,0.2537193,5.6084867,7.5266414,7.250158
261139571,test,1,4,2,1823.9398294972864,119.56883844792493,960,5.236075,9.774651,3.4640815,6.359036
392025711,test,1,4,2,1838.1640719356324,133.4472900365822,960,4.924162,9.759024,4.0500426,6.9971876
392013156,test,1,4,2,1823.620755644674,138.05111377082204,960,5.7003474,9.668294,3.7732215,6.5437036
392013143,test,1,4,2,1823.0614459951357,142.80155103731025,960,5.4034615,9.558448,3.8478992,6.775634
392025689,test,1,4,2,1835.4152716183105,149.95355057405362,960,-0.13381737,8.3194,4.007828,7.0506716
261139543,test,1,4,2,1813.5819129867727,127.16928660780526,960,5.86903,9.663772,3.2537467,6.2901397
261139530,test,1,4,2,1806.668260554507,130.38721007336653,960,5.146401,9.615336,3.1057494,6.2839518
261137128,test,1,4,2,1790.0270557700685,130.08192077624392,960,-0.48423198,8.803136,4.040863,8.577502
261108586,test,1,4,2,1791.2693401449442,95.89903352866614,960,0.7700463,8.245588,4.9351344,8.725666
261108569,test,1,4,2,1781.1671111008563,101.06534275025558,960,0.53829086,8.842531,4.8465514,8.63634
261108532,test,1,4,2,1770.728695524063,111.2901088780411,960,-0.12687674,9.049354,4.7021127,8.8490715
261106245,test,1,4,2,1769.0003968752123,92.99893881388992,960,0.6272257,9.03561,4.9022717,8.700602
261106220,test,1,4,2,1758.6013146544396,99.00181685182257,960,-0.098613,8.283711,4.6470647,9.050966
261108522,test,1,4,2,1769.2966096185146,118.10026722068486,960,-0.32051128,9.387099,4.760172,8.840177
261108514,test,1,4,2,1766.4380315424394,119.9525791289076,960,-0.3321552,9.420949,4.610871,9.063235
261108472,test,1,4,2,1755.9276885983563,139.5589556903568,960,2.6210706,10.828423,4.4632277,9.02222
261257197,test,1,4,2,1912.528079956987,191.7617368338971,960,2.3453093,8.809931,4.601059,4.1566706
261259744,test,1,4,2,1903.5406018960184,221.9613165454459,960,4.5203032,6.0242443,5.0187654,4.6119537
