row,TIC,split,sector,camera,ccd,detector_x,detector_y,moment_nll,moment_percentile,moment_anomaly,physics_nll,instrument_nll,physics_percentile,instrument_percentile,classification
2,261257641,train,1,4,2,2090.1142504650816,25.40956745943603,585.0631,0.80125,False,270.96722,250.67822,0.77375,0.745,typical
3,261257636,train,1,4,2,2085.603172609887,24.875693456244832,522.6449,0.755,False,253.94098,252.09952,0.69625,0.7575,typical
7,261239209,train,1,4,2,2086.745373611964,8.517532105975546,624.19336,0.82375,False,293.99344,401.06293,0.84625,0.94625,typical
9,261236560,train,1,4,2,2078.360946531465,10.580442721077308,600.74274,0.81125,False,319.40005,389.9222,0.8975,0.94125,typical
21,261239189,train,1,4,2,2078.962571846225,19.48958919178759,504.29678,0.725,False,270.79904,332.34235,0.7725,0.91125,typical
31,261206882,train,1,4,2,2054.1073391625596,12.730848381844822,497.69705,0.72,False,263.59338,307.2579,0.7475,0.885,typical
34,261236510,train,1,4,2,2056.661217866871,18.811124310047937,433.96927,0.65125,False,223.1345,290.16476,0.5275,0.85625,typical
36,261236508,train,1,4,2,2056.798403637491,21.619540854471108,546.61,0.78,False,196.94945,248.84909,0.35875,0.73625,typical
37,261236503,train,1,4,2,2052.8421383142722,23.5665228106292,351.82758,0.53875,False,201.04407,231.16563,0.38875,0.67375,typical
39,261236501,train,1,4,2,2051.547230956947,22.292711021901574,395.39893,0.59625,False,265.3155,260.89386,0.75375,0.7875,typical
40,261206863,train,1,4,2,2048.485394242196,20.57109517172434,318.06522,0.4825,False,214.3906,156.47015,0.46875,0.325,typical
42,261206864,train,1,4,2,2048.2986491899237,19.746044312683125,330.6856,0.51375,False,213.2779,162.96053,0.46625,0.355,typical
44,261206892,train,1,4,2,2053.599078143806,6.457267041456532,525.76306,0.7575,False,188.15071,327.35358,0.30875,0.9025,typical
45,261206879,train,1,4,2,2047.0958545856804,6.48526656791687,506.75125,0.72875,False,256.87656,436.3518,0.71,0.96375,instrument
50,261206869,train,1,4,2,2045.190469998854,11.019542650242412,417.1048,0.63,False,241.26216,473.7467,0.64125,0.97375,instrument
51,261204469,train,1,4,2,2042.9107520017124,8.464437913238962,509.8867,0.7375,False,302.24506,542.8507,0.86375,0.9875,instrument
52,261206875,train,1,4,2,2047.0684724673754,8.21057206438571,533.51746,0.7675,False,271.6106,384.18033,0.78,0.93625,typical
53,261204456,train,1,4,2,2036.4411593673256,12.945280918011774,202.55292,0.20875,False,366.83582,442.37433,0.9475,0.965,instrument
54,261206867,train,1,4,2,2048.9372587531493,16.074254994849223,462.92584,0.69375,False,206.86415,300.48972,0.43,0.875,typical
55,261206859,train,1,4,2,2040.570884844528,16.15759420535453,177.40295,0.14875,False,350.12085,267.2731,0.93375,0.8025,typical
58,261206851,train,1,4,2,2036.1660613870647,16.209734432635265,235.47255,0.2875,False,327.08865,155.56181,0.9075,0.32,typical
62,261204453,train,1,4,2,2028.5275341534305,7.082794482107353,324.37216,0.5025,False,234.43263,268.3055,0.5925,0.81,typical
66,261204434,train,1,4,2,2020.2990830855122,15.063733300315823,188.02663,0.16875,False,227.28065,60.670902,0.5525,0.01125,typical
68,261204429,train,1,4,2,2017.8011371108948,15.014644590828146,512.611,0.74125,False,194.52077,50.291798,0.34625,0.005,typical
69,261156581,train,1,4,2,2019.3777274720514,4.446272686652469,176.96674,0.1475,False,162.97762,76.62446,0.13625,0.0475,typical
73,392026045,train,1,4,2,2004.6904785280815,5.275075740126533,438.24637,0.66375,False,149.95917,100.963905,0.0775,0.1025,typical
76,261156571,train,1,4,2,2013.533515680013,9.865916014963702,160.96848,0.1125,False,273.38306,86.182014,0.78875,0.07,typical
77,261156558,train,1,4,2,2005.3061438314658,9.149921461868601,366.28897,0.55875,False,154.0519,101.273766,0.0925,0.105,typical
78,261156563,train,1,4,2,2007.8802457534061,10.016585372138787,176.45847,0.14625,False,350.99124,69.151566,0.935,0.03125,typical
81,392026032,train,1,4,2,1995.06761889692,8.401568354244642,409.9147,0.61625,False,152.5871,199.72374,0.08625,0.515,typical
82,392026025,train,1,4,2,1991.250334397826,10.190434028041516,426.84106,0.6375,False,163.62427,195.85643,0.14375,0.49125,typical
83,392026024,train,1,4,2,1987.5961470528453,5.86321762673732,365.72812,0.555,False,167.64613,198.07193,0.175,0.50625,typical
84,392026018,train,1,4,2,1986.1037086688048,8.200070670695425,443.4879,0.67,False,178.84875,208.76671,0.24875,0.57,typical
90,261257606,train,1,4,2,2081.5504758429315,42.74645435395025,636.7185,0.83375,False,262.1126,402.06573,0.73875,0.9475,typical
91,261257613,train,1,4,2,2078.4465136674444,35.39076747213935,613.337,0.8175,False,178.32805,328.21707,0.245,0.90375,typical
94,261257608,train,1,4,2,2074.1713985771403,34.566093732538405,584.7996,0.8,False,197.64522,306.1809,0.365,0.88125,typical
95,261239161,train,1,4,2,2069.6571255449508,32.89928159404311,545.7927,0.7775,False,216.93048,310.1857,0.48875,0.8925,typical
99,261257596,train,1,4,2,2070.877860710327,36.392188837064765,519.7704,0.75125,False,215.6481,326.7881,0.4775,0.90125,typical
103,261260240,train,1,4,2,2087.420348868094,46.87487991827386,620.1574,0.82,False,279.5992,517.63336,0.80375,0.98,instrument
104,261260232,train,1,4,2,2083.3158513363855,49.0429279133771,640.9857,0.83625,False,645.24243,508.43726,0.99,0.9775,both
105,261260230,train,1,4,2,2082.8552905644897,52.34951356188683,469.17245,0.7025,False,518.14606,488.49258,0.97875,0.97625,both
107,261260227,train,1,4,2,2078.1402957305163,48.670986581605526,438.6862,0.665,False,550.65845,547.7441,0.98625,0.98875,both
109,261257592,train,1,4,2,2076.7822086617025,46.69133921751675,436.55743,0.6575,False,311.91772,552.0675,0.8875,0.99125,instrument
111,261260225,train,1,4,2,2083.4890410405324,54.89140825742045,416.77274,0.62875,False,253.5689,551.65375,0.69125,0.99,instrument
115,261257561,train,1,4,2,2065.847371935346,56.63449275152647,261.6271,0.3425,False,174.5927,105.88546,0.21875,0.12625,typical
116,261257591,train,1,4,2,2074.3565481269898,44.34469616373207,297.99936,0.43125,False,306.71198,293.94754,0.875,0.8625,typical
118,261257582,train,1,4,2,2067.29945251996,46.40656034052478,268.30035,0.355,False,269.29248,212.74548,0.765,0.595,typical
120,261239130,train,1,4,2,2062.9687326069647,43.423351576115,223.05135,0.26,False,235.17618,181.93947,0.6,0.425,typical
121,261257572,train,1,4,2,2062.9840688911904,47.30676776828037,255.86926,0.3375,False,239.78383,135.78848,0.6275,0.23375,typical
123,261257555,train,1,4,2,2058.7753809242377,52.56527966995794,146.91727,0.07875,False,163.56866,112.916405,0.1425,0.14625,typical
125,261257557,train,1,4,2,2061.4725672494906,53.084760323563046,406.09964,0.61125,False,272.3942,102.82985,0.78625,0.11125,typical
126,261239110,train,1,4,2,2054.5325575782017,49.87201194050261,381.91302,0.5775,False,345.58627,118.81529,0.93,0.17,typical
131,261239104,train,1,4,2,2049.957726565487,52.939664452021624,85.498436,0.00375,False,177.12424,159.41982,0.2375,0.3375,typical
134,261239153,train,1,4,2,2065.6118575427768,33.32094064119222,458.2236,0.685,False,262.28326,219.26976,0.74,0.62375,typical
135,261239154,train,1,4,2,2066.914815934205,34.54276436576624,431.2437,0.64875,False,217.11186,228.49287,0.49375,0.6675,typical
138,261236492,train,1,4,2,2052.434133629008,31.166734572846373,235.45802,0.28625,False,207.8012,142.18462,0.435,0.26125,typical
139,261239137,train,1,4,2,2061.4198875670136,36.609307791106,232.41467,0.27875,False,297.64728,260.72308,0.85875,0.78625,typical
142,261239128,train,1,4,2,2059.2739359738234,40.37831202939514,215.9868,0.24,False,204.67981,207.47491,0.4175,0.56,typical
144,261236491,train,1,4,2,2053.8839708575615,32.80784090628211,310.30823,0.46,False,193.59618,218.03256,0.34,0.61375,typical
146,261239122,train,1,4,2,2053.0076281212678,38.83329036652416,215.1535,0.23875,False,202.15533,296.5937,0.3975,0.865,typical
149,261236498,train,1,4,2,2052.4830992492734,25.180529498878446,280.49182,0.38875,False,228.93391,252.24306,0.565,0.75875,typical
150,261206854,train,1,4,2,2044.1979018182858,23.640143497550753,201.8163,0.205,False,176.18594,103.19431,0.22875,0.1125,typical
151,261206849,train,1,4,2,2043.3825946918375,25.906343494103595,492.59222,0.71625,False,279.06,92.81307,0.80125,0.07875,typical
152,261206850,train,1,4,2,2043.9917924443348,25.358171956258474,481.5847,0.70875,False,527.96857,71.31865,0.9825,0.03625,physics
153,261206848,train,1,4,2,2042.889542305559,26.003185774568976,491.74387,0.715,False,279.05585,65.6923,0.8,0.02375,typical
157,261206840,train,1,4,2,2038.9809440552015,27.001648576785904,324.92657,0.50375,False,202.2076,133.80779,0.4,0.22875,typical
159,261236490,train,1,4,2,2050.991005836033,31.835671402077033,241.07805,0.30375,False,189.95613,144.06953,0.31875,0.26875,typical
161,261236483,train,1,4,2,2046.7725313431968,33.93129264924088,147.39697,0.08125,False,181.935,166.89256,0.27125,0.375,typical
168,261239118,train,1,4,2,2055.5099684714432,42.49773877879097,195.81554,0.1925,False,178.42238,220.12718,0.24625,0.63375,typical
172,261239106,train,1,4,2,2048.0041833495543,48.16689035478323,296.70755,0.4225,False,258.09018,160.27861,0.72375,0.345,typical
183,261260206,train,1,4,2,2067.950501943972,60.219284971561386,186.60175,0.16375,False,228.84364,56.51532,0.56375,0.0075,typical
185,261260200,train,1,4,2,2068.1186632339163,66.28511369785195,1289.9645,0.96875,True,847.8051,70.51271,0.9975,0.035,physics
187,261260191,train,1,4,2,2060.2429376602922,64.69333163554177,92.523834,0.01,False,136.85359,69.400185,0.0325,0.0325,typical
188,261260192,train,1,4,2,2062.3654544286833,66.32975121545711,121.32509,0.02625,False,181.25668,68.73914,0.2675,0.03,typical
189,261257529,train,1,4,2,2054.4053108917187,69.90408883001275,124.828156,0.0325,False,139.02362,159.65186,0.03875,0.33875,typical
191,261257543,train,1,4,2,2051.361148616693,61.086581306256456,102.937836,0.0125,False,162.95374,169.33043,0.135,0.38125,typical
193,261257540,train,1,4,2,2049.638291700923,60.49145683475742,126.76989,0.03625,False,160.44348,148.89581,0.11875,0.29,typical
196,261257526,train,1,4,2,2050.728600202049,67.6489540643395,140.72331,0.06625,False,217.5183,190.58922,0.49625,0.46,typical
199,261260175,train,1,4,2,2055.971290228932,75.48151066669746,194.64236,0.19,False,145.25801,159.67221,0.055,0.34125,typical
203,261260162,train,1,4,2,2049.368871116091,79.66432637434835,189.61006,0.1775,False,163.34427,146.42807,0.13875,0.28125,typical
209,261257511,train,1,4,2,2039.0415101387255,70.30450568212956,398.14474,0.59875,False,247.34827,167.20561,0.66625,0.37875,typical
210,261239073,train,1,4,2,2034.6166941937158,67.54245113942639,230.35847,0.27375,False,287.58255,249.0006,0.8325,0.7375,typical
211,261257495,train,1,4,2,2031.2396003357428,76.16169055882123,137.77763,0.06125,False,332.49936,210.30374,0.91375,0.58375,typical
214,261239088,train,1,4,2,2037.7890524101413,59.95437927461679,395.05597,0.595,False,1451.6149,177.50362,1.0,0.4125,physics
215,261236426,train,1,4,2,2029.710385308482,53.55097072662051,160.33388,0.11,False,332.1449,255.00937,0.91125,0.77125,typical
217,261239082,train,1,4,2,2031.9724368129664,56.89416326596088,103.3749,0.01375,False,236.28033,219.38193,0.60875,0.625,typical
219,261239081,train,1,4,2,2030.5989346610404,56.32565004049467,186.45831,0.1625,False,244.03403,247.33096,0.65375,0.72875,typical
220,261239083,train,1,4,2,2037.4707268534387,62.3132867426643,177.60043,0.15,False,399.16785,205.50215,0.9575,0.5525,physics
221,261236413,train,1,4,2,2025.9692174136787,58.23574812092738,91.63167,0.0075,False,188.68883,310.06918,0.3125,0.89125,typical
224,261239067,train,1,4,2,2024.020367391116,62.59633067281076,123.989105,0.02875,False,262.2869,272.1088,0.74125,0.82125,typical
225,261236409,train,1,4,2,2020.011134802713,54.46572770911164,70.45028,0.00125,False,166.54974,187.62329,0.1625,0.445,typical
228,261236408,train,1,4,2,2016.6868425280313,50.918571515101725,462.7241,0.69,False,287.83255,157.9404,0.83375,0.3325,typical
230,261236391,train,1,4,2,2018.6800914028909,63.25863002168763,176.41927,0.145,False,172.16452,226.57051,0.205,0.6625,typical
235,261239054,train,1,4,2,2021.9540347709303,69.7042384861343,111.91006,0.0175,False,192.4777,205.17531,0.3325,0.5475,typical
238,261239053,train,1,4,2,2021.1322642981102,69.99848919089163,90.44623,0.00625,False,161.93271,203.90073,0.13,0.54,typical
240,261239045,train,1,4,2,2019.352864597961,70.63537136964298,77.98274,0.0025,False,148.38213,210.54437,0.07,0.585,typical
241,261239044,train,1,4,2,2019.9812375097642,71.54851668091001,96.91626,0.01125,False,160.60669,202.94469,0.12125,0.5325,typical
243,261236380,train,1,4,2,2014.3010096052153,68.76618681451748,364.05884,0.55375,False,236.34952,189.32542,0.6125,0.455,typical
247,261239028,train,1,4,2,2013.1284642963856,76.62282076017158,319.6817,0.49,False,167.30887,139.64847,0.17,0.25125,typical
249,261236384,train,1,4,2,2016.488857470402,65.16974803184728,605.85443,0.81375,False,156.40196,207.69493,0.1025,0.5625,typical
251,261236375,train,1,4,2,2005.619529763008,62.61308890367538,157.16295,0.10125,False,223.89265,242.54318,0.5325,0.7125,typical
255,261206847,train,1,4,2,2038.7770580041033,22.12634538957326,199.38501,0.19875,False,243.2662,106.092094,0.6475,0.12875,typical
258,261204442,train,1,4,2,2029.1583738653435,19.393232013911415,226.25905,0.2675,False,193.80418,124.796394,0.3425,0.1925,typical
263,261204430,train,1,4,2,2022.1819414230517,19.501842272693168,207.12782,0.2225,False,345.81067,47.653328,0.93125,0.00125,typical
266,261204418,train,1,4,2,2016.6618196914221,24.112384395610306,165.975,0.12375,False,256.8598,101.121895,0.70875,0.10375,typical
269,261204415,train,1,4,2,2013.636964671207,23.40892646770431,163.19948,0.11875,False,280.4263,178.93263,0.80625,0.41625,typical
273,261204396,train,1,4,2,2010.4181441273124,30.56483651546125,475.0284,0.705,False,401.503,197.35568,0.95875,0.50125,physics
274,261204392,train,1,4,2,2004.0200376207088,26.676860087098916,217.11226,0.24625,False,160.6811,112.5048,0.1225,0.14375,typical
277,261206807,train,1,4,2,2016.9934950435995,41.90692889994711,150.63828,0.08625,False,225.52202,94.682976,0.54375,0.08375,typical
278,261204383,train,1,4,2,2009.497393602916,38.88168165068392,632.4372,0.83,False,382.08246,61.779297,0.95,0.015,physics
279,261204382,train,1,4,2,2008.641228459007,39.43766106335548,359.84796,0.5525,False,333.1694,48.409763,0.915,0.00375,typical
280,261204380,train,1,4,2,2005.2376831164488,40.873925143521205,279.50787,0.385,False,169.82808,96.87767,0.1925,0.08625,typical
281,261204371,train,1,4,2,2003.5134989287137,42.897049144851216,438.19232,0.6625,False,256.36142,80.11158,0.7075,0.0525,typical
284,261204401,train,1,4,2,2013.7843708481882,31.655538569218546,240.80919,0.30125,False,294.6837,315.2242,0.85,0.895,typical
285,261204394,train,1,4,2,2008.3628590616252,30.611757968487993,187.66495,0.1675,False,402.73807,196.94922,0.96,0.5,physics
289,261204375,train,1,4,2,1997.3752961044538,34.02861221828529,232.3503,0.2775,False,202.31593,209.7337,0.4025,0.5775,typical
292,261204363,train,1,4,2,1997.0986418078348,40.589756738884105,124.78078,0.03125,False,160.9371,151.37698,0.125,0.3025,typical
293,261204367,train,1,4,2,1998.1883912248004,40.250678261710945,134.86865,0.04875,False,148.9948,134.39064,0.0725,0.23125,typical
296,261156502,train,1,4,2,1989.3328735538091,38.57016705893555,143.0084,0.07125,False,185.5204,183.14987,0.2925,0.4275,typical
297,261156546,train,1,4,2,2007.1143425823843,19.653132372817325,401.5163,0.60375,False,240.72348,108.19838,0.635,0.1325,typical
298,261156544,train,1,4,2,2006.1931466071971,20.467036213291326,205.87642,0.21625,False,173.53087,98.96198,0.21125,0.0975,typical
300,261156541,train,1,4,2,2001.079396048286,17.607751940344688,272.85638,0.365,False,163.37082,179.77681,0.14125,0.4175,typical
302,261156539,train,1,4,2,2003.0668736706825,22.59823973917722,255.36395,0.33625,False,156.55421,115.698296,0.10375,0.16,typical
303,261156529,train,1,4,2,1994.08402479347,21.62243461051004,277.22134,0.375,False,173.81607,112.79597,0.21375,0.145,typical
311,392026016,train,1,4,2,1986.042035796589,10.261441424312286,402.1968,0.605,False,163.36363,194.32463,0.14,0.4775,typical
314,392026007,train,1,4,2,1987.1918046385913,21.356049991718116,1203.1097,0.955,True,745.88025,187.66986,0.99375,0.44625,physics
316,261156511,train,1,4,2,1985.3741639288753,26.681412927580066,155.03294,0.095,False,168.73738,174.91556,0.1825,0.40375,typical
318,261156498,train,1,4,2,1979.4015431419693,30.021394650244304,196.0912,0.195,False,181.13293,277.65656,0.265,0.83125,typical
326,261156482,train,1,4,2,1979.4323458609656,38.67049099835212,162.50536,0.11625,False,169.62003,195.78331,0.19,0.49,typical
327,261156475,train,1,4,2,1974.2101437910364,36.69518714076975,205.97388,0.21875,False,198.49759,378.90176,0.37125,0.935,typical
328,392025997,train,1,4,2,1979.0057099339808,26.473842707752464,345.98697,0.53,False,170.22755,248.51357,0.195,0.73375,typical
330,392025991,train,1,4,2,1977.6375030654744,29.623277115730893,313.63165,0.4675,False,189.99171,277.3327,0.32,0.83,typical
331,392025988,train,1,4,2,1973.1162882094675,28.366898419464313,249.19849,0.32125,False,187.23871,284.84256,0.305,0.84125,typical
337,261206777,train,1,4,2,1998.3133383828215,52.09018867783208,128.50403,0.0375,False,148.91704,298.75128,0.07125,0.87125,typical
339,261204347,train,1,4,2,1993.6876008699521,53.217362172343016,233.13156,0.2825,False,149.15576,286.96353,0.07375,0.84875,typical
341,261204335,train,1,4,2,1984.3828540987258,46.99100860806996,220.93214,0.2525,False,165.07082,164.56825,0.155,0.36375,typical
343,261204338,train,1,4,2,1987.7467600083974,49.85576223271786,151.90428,0.09,False,197.70079,205.29948,0.36625,0.55,typical
345,261204331,train,1,4,2,1983.2475038385037,49.48039268612683,258.56497,0.34,False,260.78488,214.19818,0.73125,0.60375,typical
346,261204330,train,1,4,2,1983.1562037135195,49.96842462620656,165.1221,0.12125,False,220.86264,220.49864,0.51875,0.63625,typical
347,261204324,train,1,4,2,1980.8257460080824,51.16013809295764,238.58316,0.2925,False,209.32352,186.56851,0.445,0.43875,typical
349,261206757,train,1,4,2,1993.4130326291738,62.73775984323131,304.74225,0.445,False,254.24028,359.0703,0.69875,0.92375,typical
350,261206763,train,1,4,2,1993.6171515067138,58.750790729669674,301.35522,0.44125,False,157.90944,390.4017,0.10875,0.9425,typical
351,261206756,train,1,4,2,1988.8972253311308,57.84517481116915,223.16963,0.2625,False,201.10287,369.23486,0.39,0.93375,typical
361,261204294,train,1,4,2,1972.6880384259002,61.57225773383031,356.38934,0.545,False,537.3658,470.9829,0.985,0.97125,both
365,261204285,train,1,4,2,1966.3107964594708,64.98561754593622,384.8869,0.58,False,309.3816,308.66757,0.88,0.8875,typical
366,261156481,train,1,4,2,1981.2307121328085,41.77271954715563,679.37036,0.855,False,220.6465,186.62242,0.51625,0.44,typical
368,261156488,train,1,4,2,1983.0097580862544,40.87423030833125,116.60864,0.02125,False,211.45781,175.91862,0.46,0.4075,typical
369,261156480,train,1,4,2,1981.441582024369,42.03545076970815,673.70984,0.8525,False,166.52805,164.96927,0.16125,0.36875,typical
370,261156474,train,1,4,2,1978.6313057907475,43.88367895398368,240.48517,0.29875,False,195.30809,164.048,0.3525,0.36125,typical
373,261156464,train,1,4,2,1969.6824478476574,41.135632619848394,188.82948,0.17375,False,217.08444,418.99115,0.4925,0.95875,instrument
375,261156447,train,1,4,2,1964.6241334013675,46.119272106975004,280.7491,0.39,False,306.22174,458.36462,0.87125,0.96875,instrument
376,261156443,train,1,4,2,1964.384659396907,50.64919929246442,323.90408,0.5,False,316.5728,483.85516,0.8925,0.975,instrument
378,392025977,train,1,4,2,1969.1087431716703,37.240277699502855,218.88632,0.2475,False,170.80867,415.85544,0.2,0.9575,instrument
380,392025965,train,1,4,2,1955.7757863315826,38.056400971746015,219.59602,0.25,False,253.60365,234.53531,0.6925,0.68875,typical
381,392025962,train,1,4,2,1959.3832370706027,43.56137525697409,298.0373,0.4325,False,260.63235,358.18307,0.73,0.9225,typical
384,392025956,train,1,4,2,1955.0737947453406,46.30072332706493,556.1491,0.78375,False,407.7246,384.60583,0.9625,0.9375,physics
386,392025953,train,1,4,2,1954.2449370274535,47.427625895651914,1123.4768,0.94,False,303.51657,363.7803,0.8675,0.92875,typical
390,261156446,train,1,4,2,1971.2295577895954,54.87590074299455,315.76816,0.47125,False,338.49673,541.6859,0.92,0.98625,instrument
392,261156442,train,1,4,2,1967.5073335136121,54.32630478176343,327.84824,0.50875,False,459.6145,406.0974,0.97375,0.94875,physics
395,261156428,train,1,4,2,1964.2488850777484,60.26590458360913,247.16771,0.31625,False,296.616,289.73505,0.855,0.85375,typical
396,261204279,train,1,4,2,1962.5228659974805,63.694923870580055,1073.8221,0.9325,False,295.22543,124.324875,0.85125,0.1875,typical
401,392025936,train,1,4,2,1949.5463861871826,49.75233858200831,327.405,0.5075,False,288.3498,251.88199,0.83625,0.75625,typical
404,392025916,train,1,4,2,1939.8553259307027,55.39172711726387,479.89017,0.7075,False,175.38557,216.46555,0.2225,0.61,typical
405,724112617,train,1,4,2,1978.601495948366,2.6759134522234547,511.08722,0.73875,False,152.06207,197.98636,0.085,0.505,typical
409,392013461,train,1,4,2,1964.8863664266992,10.199942458691877,357.27652,0.54625,False,163.85988,194.98499,0.14625,0.4825,typical
415,261139874,train,1,4,2,1956.1886165665092,3.004491299865916,586.6506,0.8025,False,154.87502,194.49065,0.0975,0.48,typical
419,261139855,train,1,4,2,1946.9912604838196,8.848389197811434,454.57346,0.68125,False,161.21704,190.62373,0.1275,0.46125,typical
421,392013449,train,1,4,2,1964.5503947263308,21.871988899361348,347.70428,0.5325,False,186.46251,238.25766,0.30125,0.70125,typical
425,392013441,train,1,4,2,1959.2754955861656,20.8667523849847,318.90253,0.485,False,176.66411,251.45348,0.235,0.75125,typical
427,392013431,train,1,4,2,1956.126950957203,25.20221492335369,297.8197,0.43,False,220.70741,251.82697,0.5175,0.755,typical
428,392013427,train,1,4,2,1955.1779818706295,26.606300944869073,310.69733,0.4625,False,180.90318,251.03847,0.26375,0.7475,typical
430,261139844,train,1,4,2,1942.9054527184724,14.974279132084904,318.7704,0.48375,False,210.96846,186.01123,0.45375,0.4375,typical
432,261139831,train,1,4,2,1940.4422723948496,25.240857568719573,184.91846,0.16,False,222.20009,196.10867,0.52375,0.495,typical
435,261139824,train,1,4,2,1933.5935584005001,21.352838976970386,187.32639,0.16625,False,290.34595,224.23848,0.83875,0.655,typical
436,261139852,train,1,4,2,1943.967777812517,6.03371000646123,562.74896,0.78625,False,180.57292,208.10138,0.26,0.56625,typical
437,261137462,train,1,4,2,1940.9275016606514,7.510249510974608,524.5776,0.75625,False,210.87392,200.40273,0.4525,0.5175,typical
439,261137451,train,1,4,2,1935.860989623279,9.424476518129149,489.91724,0.71125,False,206.74802,203.16191,0.42875,0.53375,typical
446,261137431,train,1,4,2,1923.9825746121685,20.391379233473092,223.12006,0.26125,False,219.04314,202.8718,0.50875,0.53125,typical
450,261137418,train,1,4,2,1912.6493625206806,17.06944369165813,396.55878,0.5975,False,244.52577,110.746185,0.65875,0.14125,typical
455,261108847,train,1,4,2,1904.6490150888071,14.948142385970177,255.96004,0.33875,False,262.60538,146.18066,0.74375,0.2775,typical
456,261108834,train,1,4,2,1900.919340609567,17.28606471589839,563.95,0.78875,False,261.6392,136.04616,0.73375,0.2375,typical
457,392013419,train,1,4,2,1954.026733817386,33.49280022542206,200.78769,0.2025,False,182.899,171.47562,0.28,0.39125,typical
460,392025941,train,1,4,2,1945.6660380566402,41.71945792533499,274.00912,0.3675,False,324.5379,234.99808,0.905,0.69125,typical
464,392013394,train,1,4,2,1940.0784275181438,40.063842651418916,391.11642,0.59125,False,389.68076,253.95244,0.955,0.76625,physics
468,392013395,train,1,4,2,1935.6149502518495,33.077693637970384,324.1267,0.50125,False,231.77258,415.1012,0.5775,0.95625,instrument
478,261139779,train,1,4,2,1919.5604758671338,39.52131789774069,536.8011,0.77125,False,204.64322,409.57736,0.415,0.95375,instrument
479,261139776,train,1,4,2,1919.7234697504477,40.56999783386338,518.48175,0.74875,False,187.37852,399.42834,0.30625,0.945,typical
484,392013375,train,1,4,2,1927.6059439726444,49.257619481293325,529.4743,0.76,False,164.3836,213.41019,0.15125,0.6,typical
486,392025903,train,1,4,2,1927.4150516175291,57.789635135666586,538.6143,0.775,False,137.36603,243.25072,0.035,0.715,typical
487,392013362,train,1,4,2,1922.3589492200508,55.8998369179375,513.47504,0.74375,False,136.23991,247.81198,0.03,0.73125,typical
491,392013373,train,1,4,2,1924.9044422489753,47.05879573368319,551.39355,0.78125,False,185.90408,341.98682,0.2975,0.91375,typical
492,261139771,train,1,4,2,1915.1458075221217,41.75200649170892,513.137,0.7425,False,185.21635,395.27805,0.2875,0.94375,typical
495,261139755,train,1,4,2,1906.0699927255991,50.6119189196802,504.50354,0.72625,False,139.36615,213.50052,0.04125,0.60125,typical
498,261137417,train,1,4,2,1917.2139716458469,27.834471184157625,213.55276,0.23375,False,269.7401,203.73419,0.7675,0.53625,typical
499,261139788,train,1,4,2,1916.5504234044558,28.70259992086988,316.23798,0.47375,False,244.00456,225.08409,0.6525,0.6575,typical
500,261137412,train,1,4,2,1913.7271892312574,26.01422770674657,240.44496,0.2975,False,343.7715,172.01968,0.92625,0.39375,typical
501,261137407,train,1,4,2,1911.2574671396071,29.346139329861362,689.4431,0.8575,False,222.97371,280.32825,0.52625,0.835,typical
502,261137408,train,1,4,2,1911.7909143611566,28.909716180338993,319.44366,0.4875,False,272.35266,329.26385,0.785,0.90625,typical
507,261108823,train,1,4,2,1898.0803392476687,24.522080356714298,520.4412,0.7525,False,278.15915,213.14386,0.795,0.5975,typical
508,261137398,train,1,4,2,1901.9372197819926,24.025647120000777,447.83,0.67625,False,293.30994,191.65668,0.84375,0.4675,typical
512,261137386,train,1,4,2,1901.4514007741707,36.48050745603747,546.568,0.77875,False,167.56734,240.95488,0.17375,0.70875,typical
514,261139752,train,1,4,2,1902.8777316419653,47.29366902130818,530.98645,0.7625,False,141.15552,221.56505,0.04875,0.64125,typical
515,261137366,train,1,4,2,1892.4061350194568,39.263668061486094,412.91998,0.62125,False,175.92761,184.84094,0.22625,0.4325,typical
517,261137368,train,1,4,2,1891.8806031727859,38.082842333729374,449.9955,0.6775,False,197.20418,188.09067,0.3625,0.45,typical
518,261137370,train,1,4,2,1892.6395818970952,37.94334727218164,461.23938,0.6875,False,172.32022,192.43336,0.2075,0.47,typical
519,261137362,train,1,4,2,1889.0755129136467,38.76944669869689,263.60587,0.34875,False,243.02455,195.86871,0.645,0.4925,typical
520,261137359,train,1,4,2,1888.1375752482604,39.86767577367229,333.01114,0.51625,False,227.73564,201.001,0.5575,0.52125,typical
522,261108794,train,1,4,2,1884.3634632344924,35.87489904990137,445.32553,0.67125,False,146.4107,153.95721,0.0625,0.3125,typical
523,724114390,train,1,4,2,1881.2561484251933,38.039138655628776,441.5887,0.66625,False,154.09923,166.98587,0.09375,0.37625,typical
525,261137348,train,1,4,2,1880.7566663530515,40.12874764407875,374.43384,0.5675,False,151.32935,201.89268,0.0825,0.5275,typical
530,261108852,train,1,4,2,1903.3646182375237,8.37920440975942,428.4767,0.645,False,255.26904,258.84973,0.705,0.7825,typical
531,261106493,train,1,4,2,1895.3677193669778,8.164432795383874,386.3883,0.5825,False,234.66078,289.74335,0.5975,0.855,typical
532,261108835,train,1,4,2,1896.9735083729895,11.845428291518061,319.33807,0.48625,False,223.29709,163.30261,0.53,0.35625,typical
534,261108829,train,1,4,2,1895.624787352747,16.973580597259968,839.9963,0.87625,False,324.48,117.68324,0.90375,0.1675,typical
536,261106488,train,1,4,2,1890.6476836650706,9.785633726171708,288.93805,0.40875,False,197.55042,240.46939,0.36375,0.70625,typical
538,261108819,train,1,4,2,1888.7026558427867,14.869303991166513,178.73546,0.1525,False,201.15555,93.87271,0.39125,0.08125,typical
542,261091836,train,1,4,2,1874.864476558229,4.79014654556069,170.39134,0.12625,False,249.07948,269.16296,0.67875,0.8125,typical
543,261091833,train,1,4,2,1874.9158635630822,6.118372043768703,124.980415,0.03375,False,220.43695,210.06152,0.51375,0.5825,typical
545,261091817,train,1,4,2,1860.7963607830407,4.325164630687761,147.70386,0.0825,False,222.92488,354.14325,0.525,0.92125,typical
546,261091813,train,1,4,2,1858.371639371579,4.267024344168831,248.79236,0.32,False,230.74394,361.4837,0.5725,0.9275,typical
548,261108817,train,1,4,2,1891.8700483464227,21.130501274552167,232.47171,0.28,False,249.88892,164.79584,0.6825,0.36625,typical
549,261108811,train,1,4,2,1891.2261663333013,23.677298826909254,427.3551,0.6425,False,236.90082,123.89136,0.61625,0.1825,typical
552,261108798,train,1,4,2,1882.9679662849858,30.128784071680524,358.85736,0.54875,False,179.96838,233.79547,0.2575,0.685,typical
555,261106468,train,1,4,2,1877.5014993731745,17.473483009081026,465.2637,0.69875,False,243.10869,103.70008,0.64625,0.11625,typical
556,261106467,train,1,4,2,1878.789114177214,19.76083110188395,348.66153,0.535,False,223.24068,82.345215,0.52875,0.0575,typical
559,261108795,train,1,4,2,1881.6913823352072,31.794135805286288,278.1284,0.3775,False,247.64825,235.63527,0.67,0.695,typical
560,261108788,train,1,4,2,1879.2276129560273,31.773677238429315,413.47745,0.62375,False,145.6167,193.31053,0.05625,0.4725,typical
562,261108785,train,1,4,2,1874.3129494298098,28.517111473747974,317.8755,0.48,False,170.73787,177.00224,0.19875,0.41125,typical
564,261108766,train,1,4,2,1867.3478509922622,33.531758668101205,190.41682,0.18,False,166.70158,138.11667,0.16625,0.2425,typical
567,261108773,train,1,4,2,1874.1420871239718,37.50020741734726,221.99684,0.25625,False,167.05566,243.65158,0.1675,0.7175,typical
568,261108768,train,1,4,2,1872.5724334586719,39.64806823763801,178.46559,0.15125,False,178.01936,251.5737,0.2425,0.7525,typical
569,261108758,train,1,4,2,1867.918537208641,41.995377787688156,248.19232,0.31875,False,197.08907,235.50906,0.36,0.69375,typical
571,261106445,train,1,4,2,1864.7229560231635,25.97837545418591,262.39474,0.34625,False,235.98709,123.14903,0.605,0.18,typical
575,261106431,train,1,4,2,1860.7754766747385,35.16678460406549,400.87354,0.6025,False,203.7807,281.57452,0.40875,0.8375,typical
576,261106427,train,1,4,2,1857.375447715466,33.319659626366125,497.2806,0.71875,False,199.18689,200.764,0.37625,0.51875,typical
577,261106422,train,1,4,2,1857.2452868737842,39.09504259559163,627.51605,0.825,False,247.49576,329.4907,0.66875,0.9075,typical
578,261106413,train,1,4,2,1848.5671133443639,32.785001986021896,1901.3666,0.9825,True,225.19044,97.850464,0.54,0.095,typical
580,261106407,train,1,4,2,1848.4774049951004,36.743239737967755,927.59973,0.89875,False,269.8417,195.10036,0.76875,0.485,typical
585,261091797,train,1,4,2,1854.4820727251351,18.249695425037483,813.29706,0.87125,False,278.41275,188.61159,0.7975,0.4525,typical
586,261091804,train,1,4,2,1855.3266202973703,15.446726201997729,635.17786,0.8325,False,303.32144,304.92365,0.86625,0.88,typical
591,261091806,train,1,4,2,1852.1927346053303,10.354301039007145,987.2869,0.91125,False,250.83308,330.5941,0.68625,0.91,typical
593,261089363,train,1,4,2,1842.8674301910391,7.817369469922836,754.4252,0.865,False,248.82344,294.38858,0.67625,0.86375,typical
594,261089345,train,1,4,2,1837.0306495219538,14.32817927378732,1064.5868,0.93125,False,204.55066,159.65842,0.41375,0.34,typical
597,261091780,train,1,4,2,1847.64355303628,26.31361442220378,1161.8082,0.945,False,209.67384,96.88184,0.4475,0.0875,typical
598,261091782,train,1,4,2,1845.564318138563,20.541317225052527,968.55865,0.905,False,267.52194,128.05252,0.76,0.20875,typical
599,261091778,train,1,4,2,1842.5991756059827,20.674509231863393,1202.77,0.95375,True,191.06845,132.05698,0.32375,0.2225,typical
600,261091769,train,1,4,2,1839.5422215760534,25.599749175258506,949.9055,0.9025,False,211.59325,93.61519,0.46125,0.08,typical
601,261106417,train,1,4,2,1847.3175551351499,29.04085986689913,1683.453,0.98125,True,198.23436,74.39538,0.37,0.0425,typical
602,261106402,train,1,4,2,1844.3484986950498,35.12415017992648,860.7171,0.87875,False,221.49742,121.045204,0.5225,0.17375,typical
603,261091757,train,1,4,2,1837.3407573451382,30.363656776084213,416.64783,0.6275,False,147.95058,143.86436,0.0675,0.26625,typical
604,261091751,train,1,4,2,1836.244125414387,33.7993249929591,1228.8055,0.95875,True,240.73418,108.26376,0.63625,0.13375,typical
605,261091750,train,1,4,2,1833.8848595742593,30.785530712613216,1004.04486,0.91625,False,153.43858,135.62978,0.09,0.2325,typical
608,261091764,train,1,4,2,1834.332011563269,20.876335721811955,511.08838,0.74,False,213.76993,130.5791,0.4675,0.2175,typical
610,261091755,train,1,4,2,1831.3515442756257,23.90589893007275,1156.1072,0.94375,False,178.6167,162.30443,0.2475,0.35125,typical
612,261091749,train,1,4,2,1830.2424373858619,26.200884583722903,285.93433,0.39875,False,194.4034,149.76416,0.345,0.29375,typical
613,261091743,train,1,4,2,1828.1345252109022,29.50241448464009,898.34296,0.89125,False,233.53632,129.6943,0.58875,0.2125,typical
614,261091738,train,1,4,2,1825.7688393227556,30.389571058658248,571.662,0.7925,False,264.18713,104.21243,0.74875,0.12,typical
617,261089365,train,1,4,2,1840.6870699695494,3.002954721338078,414.85132,0.62625,False,227.60849,288.0488,0.55625,0.85125,typical
620,261089338,train,1,4,2,1832.447930946091,10.49885706273553,984.71606,0.90875,False,259.9873,132.45221,0.72625,0.22625,typical
621,261089339,train,1,4,2,1832.836283563857,10.491400956098772,720.1838,0.86125,False,255.37784,132.11348,0.70625,0.22375,typical
636,261063083,train,1,4,2,1807.5309627516292,12.699307650648192,1194.8031,0.95125,True,230.84976,269.87097,0.57375,0.815,typical
637,261063077,train,1,4,2,1803.8436414267744,14.978438934683858,505.09985,0.7275,False,309.3058,152.67455,0.87875,0.3075,typical
638,261063078,train,1,4,2,1804.797101810665,16.273860814071107,518.727,0.75,False,204.1772,158.86237,0.41125,0.33625,typical
639,261063072,train,1,4,2,1800.5211903408197,14.734298755951118,1037.0243,0.92875,False,186.14236,109.193146,0.29875,0.1375,typical
641,261063069,train,1,4,2,1797.153223943723,12.596532678924847,848.46375,0.8775,False,199.91528,154.72571,0.3825,0.31625,typical
642,261063070,train,1,4,2,1802.232743806992,19.01579464929664,461.49915,0.68875,False,257.2196,166.78688,0.7175,0.37375,typical
644,261063057,train,1,4,2,1798.0298089383239,21.809581038451338,379.97107,0.57625,False,208.77576,160.6531,0.44125,0.3475,typical
646,261063062,train,1,4,2,1794.4831113159958,14.345056143826874,657.85364,0.845,False,215.68678,141.68027,0.47875,0.25875,typical
651,261060787,train,1,4,2,1793.8542956850742,4.584888951381512,284.4557,0.395,False,189.52835,179.90138,0.31625,0.41875,typical
657,261060768,train,1,4,2,1789.0946365757704,16.274897606411734,321.44223,0.49625,False,197.17378,191.1755,0.36125,0.46625,typical
659,261060763,train,1,4,2,1785.0322263624969,13.562701109079194,310.6497,0.46125,False,192.47046,255.9461,0.33125,0.775,typical
660,392011090,train,1,4,2,1779.2068301351462,2.5833395180971803,214.81921,0.23625,False,173.14359,251.65225,0.20875,0.75375,typical
662,261060765,train,1,4,2,1780.3647245027635,6.337269121969252,252.8075,0.33125,False,189.4936,250.85068,0.315,0.74625,typical
665,392011088,train,1,4,2,1780.6726922501327,4.956749535847114,278.23996,0.37875,False,192.87335,249.86284,0.335,0.74,typical
667,392011072,train,1,4,2,1772.642654907218,3.5340491888073244,270.32642,0.3575,False,182.57317,258.10352,0.27625,0.78125,typical
668,392011068,train,1,4,2,1769.099998484193,3.242509202460727,174.352,0.14,False,176.97641,215.79327,0.23625,0.6075,typical
677,261260136,train,1,4,2,2041.6687283926246,89.40389857913118,147.1428,0.08,False,195.04955,257.03592,0.34875,0.7775,typical
680,261260133,train,1,4,2,2042.7917586369244,92.38058255721764,188.6896,0.17125,False,169.20158,267.54538,0.1875,0.805,typical
683,261260127,train,1,4,2,2036.1442433007178,90.64294682637617,192.89488,0.1875,False,250.58305,250.64807,0.685,0.74375,typical
686,261257472,train,1,4,2,2027.5038785050747,95.31221478758026,277.81863,0.37625,False,250.42793,210.01901,0.68375,0.58,typical
689,261257483,train,1,4,2,2030.3920752403494,87.48176321992412,118.84337,0.0225,False,307.80292,285.05603,0.87625,0.84375,typical
693,261257461,train,1,4,2,2018.724742581235,93.92163322120267,128.71681,0.04125,False,174.16516,169.66182,0.21625,0.38375,typical
694,261257460,train,1,4,2,2016.4816382692288,91.81339844094721,338.1928,0.52375,False,153.75002,148.08173,0.09125,0.28625,typical
696,261239014,train,1,4,2,2011.2013364654001,89.6612583668632,355.25543,0.54125,False,384.91193,166.68973,0.95125,0.3725,physics
697,261260112,train,1,4,2,2033.4637767377526,100.18562723734091,160.69357,0.11125,False,240.06865,192.26497,0.62875,0.46875,typical
700,261260099,train,1,4,2,2024.7025815603588,105.24568399361601,171.5843,0.13125,False,217.84944,228.62712,0.49875,0.67,typical
703,261260090,train,1,4,2,2019.3825646815135,108.68701082735677,341.71,0.525,False,237.52487,152.76639,0.6175,0.30875,typical
704,261257441,train,1,4,2,2015.2768421392561,105.77424556792701,455.46954,0.6825,False,284.08917,129.69827,0.8175,0.21375,typical
709,261257446,train,1,4,2,2012.7441317957746,100.06863936702334,268.94885,0.35625,False,163.62967,174.27063,0.145,0.4,typical
710,261239005,train,1,4,2,2007.0802761690682,93.3793270661636,282.2142,0.39125,False,274.61343,203.8557,0.79,0.53875,typical
712,261257438,train,1,4,2,2006.4468426776907,99.32682732324379,172.9247,0.135,False,351.6077,228.2057,0.93625,0.66625,typical
713,261238984,train,1,4,2,2001.8494470596052,98.54695781890848,228.34668,0.2725,False,306.33386,306.53717,0.8725,0.88375,typical
716,261239029,train,1,4,2,2017.5279499558762,80.94054841581385,170.87105,0.13,False,168.57616,198.69557,0.18125,0.51,typical
723,261239002,train,1,4,2,1999.8140342563693,86.56675661609842,321.38214,0.495,False,323.52478,255.40192,0.9,0.77375,typical
726,261236353,train,1,4,2,2003.4129529764368,76.25579986115719,142.82071,0.07,False,239.2584,293.1381,0.6225,0.85875,typical
728,261236340,train,1,4,2,1997.086936147323,81.08628790029422,278.91602,0.3825,False,230.32242,293.4601,0.57125,0.86,typical
731,261236332,train,1,4,2,1987.3804848258433,79.46323541168826,321.63483,0.4975,False,282.6896,361.3042,0.815,0.925,typical
732,261236338,train,1,4,2,1994.0761537841659,82.9188922772071,305.3483,0.4475,False,200.20172,266.46573,0.38375,0.80125,typical
738,261238979,train,1,4,2,1998.25503763904,95.85763592504054,224.77794,0.265,False,218.16087,407.9455,0.50125,0.95125,instrument
739,261238972,train,1,4,2,1993.2829634351538,96.9573972192575,247.49878,0.3175,False,200.76126,297.55746,0.38625,0.8675,typical
743,261238955,train,1,4,2,1984.2815509592906,99.61015578848274,299.92194,0.44,False,198.52577,278.63486,0.3725,0.83375,typical
745,261236319,train,1,4,2,1989.5598569741032,89.8062009037576,251.73055,0.33,False,178.2203,293.46384,0.24375,0.86125,typical
746,261236314,train,1,4,2,1988.392296035503,92.4068994347164,249.71173,0.3225,False,192.52545,317.97012,0.33375,0.89625,typical
747,261236308,train,1,4,2,1982.3272741492115,92.80083496615768,309.4615,0.4575,False,201.30386,259.25345,0.39375,0.785,typical
749,261236307,train,1,4,2,1985.28079713735,96.15705932133119,288.53702,0.4075,False,191.3873,299.0392,0.325,0.8725,typical
752,261260089,train,1,4,2,2020.5142049184085,110.24576657845769,306.45593,0.45125,False,207.65074,126.412415,0.43375,0.20125,typical
757,261257433,train,1,4,2,2012.1978376807763,108.95640962178489,763.00024,0.86875,False,248.89473,97.721504,0.6775,0.0925,typical
759,261260071,train,1,4,2,2016.0842880874773,118.77206521879793,189.59167,0.17625,False,170.13097,81.58984,0.19375,0.05625,typical
760,261260066,train,1,4,2,2009.4827011169282,118.16557832758812,137.63078,0.06,False,146.54866,97.74838,0.06375,0.09375,typical
762,261257426,train,1,4,2,2001.5066523276405,110.07676320226166,235.9185,0.28875,False,272.1445,212.53195,0.7825,0.59375,typical
763,261257423,train,1,4,2,2003.0954543921434,113.9759261081778,165.8657,0.1225,False,257.07578,117.07124,0.71375,0.165,typical
767,261260059,train,1,4,2,2008.7654237383463,124.58293929338068,129.74893,0.0425,False,183.39517,115.10859,0.2825,0.15625,typical
769,261260056,train,1,4,2,2006.6070086788986,123.94992234251819,320.9575,0.49375,False,253.73746,83.32329,0.69375,0.0625,typical
774,261260047,train,1,4,2,2001.0207092173637,123.35757316894532,272.0983,0.36,False,217.08401,118.47827,0.49125,0.16875,typical
776,261260034,train,1,4,2,2002.6211606953925,131.95726645175841,287.4145,0.40375,False,216.0183,172.99051,0.48375,0.3975,typical
781,261257397,train,1,4,2,1992.2451547626808,129.5756803545153,335.96713,0.52125,False,248.1139,218.12756,0.6725,0.61625,typical
788,261257380,train,1,4,2,1980.8438275898748,128.4818676205894,311.01566,0.46375,False,223.66904,258.89413,0.53125,0.78375,typical
797,261238927,train,1,4,2,1976.2632214797918,111.33226013770992,328.31277,0.51125,False,191.56888,251.05745,0.3275,0.74875,typical
801,261236275,train,1,4,2,1968.4028725753406,101.67487085143159,265.58057,0.35,False,173.82434,184.49777,0.215,0.42875,typical
813,261238900,train,1,4,2,1966.651757072878,122.79546349852238,157.52803,0.10375,False,174.87057,231.25543,0.22,0.675,typical
815,261238884,train,1,4,2,1955.4037464489024,127.11795925291368,620.44244,0.82125,False,281.83093,584.672,0.8125,0.9925,instrument
816,261238888,train,1,4,2,1958.7986095432707,126.68049087774305,522.55707,0.75375,False,262.30994,353.32516,0.7425,0.92,typical
820,261236249,train,1,4,2,1957.1080512401409,114.89816575405692,261.07434,0.34125,False,186.2602,234.89008,0.3,0.69,typical
822,261236228,train,1,4,2,1945.4154411699433,117.43366900363102,175.16212,0.1425,False,285.347,302.4226,0.82375,0.87875,typical
825,261206741,train,1,4,2,1989.336628623151,73.8782725382722,359.32532,0.55,False,239.72885,346.42212,0.625,0.91625,typical
829,261206724,train,1,4,2,1978.1714805261277,73.57993716007388,328.28622,0.51,False,182.706,321.82687,0.27875,0.8975,typical
830,261206722,train,1,4,2,1975.9632674028855,72.51787067050869,314.96152,0.47,False,187.0901,300.85327,0.30375,0.87625,typical
832,261206711,train,1,4,2,1972.674111138405,76.68883243156773,241.66414,0.30625,False,195.61914,261.90918,0.35375,0.79,typical
833,261206715,train,1,4,2,1979.1869232380548,79.93823064593829,274.76718,0.3725,False,185.25758,300.1274,0.28875,0.87375,typical
836,261206703,train,1,4,2,1973.931321325262,81.17263920243117,272.34152,0.36125,False,174.40948,285.03442,0.2175,0.8425,typical
841,261206695,train,1,4,2,1967.6946085260522,81.50247696330906,279.1025,0.38375,False,176.49571,250.48897,0.23375,0.74125,typical
842,261206687,train,1,4,2,1962.457667652999,82.63765245773128,238.85796,0.29375,False,167.99268,219.81992,0.1775,0.6325,typical
843,261204276,train,1,4,2,1969.1428789623617,73.51280797625225,251.0278,0.3275,False,159.55144,203.74477,0.11375,0.5375,typical
846,261204264,train,1,4,2,1962.754416062924,77.4860252860769,292.73795,0.41625,False,166.56673,209.34084,0.16375,0.5725,typical
849,261206684,train,1,4,2,1966.2827940616764,88.7229180894638,293.33942,0.4175,False,164.72801,225.42921,0.1525,0.66,typical
852,261206665,train,1,4,2,1961.7120470014238,96.92366912968328,184.7096,0.15875,False,209.621,204.0737,0.44625,0.5425,typical
853,261206669,train,1,4,2,1964.0164054298964,97.5144447013098,313.86554,0.46875,False,185.29262,197.71092,0.29,0.5025,typical
858,261204247,train,1,4,2,1955.4558020796974,85.60801814347317,280.1052,0.3875,False,168.8975,142.88301,0.185,0.2625,typical
860,261204234,train,1,4,2,1946.1992821176855,91.09893642322218,653.4662,0.8425,False,205.1896,148.81273,0.42125,0.28875,typical
863,261204215,train,1,4,2,1939.4725489788,92.55976758974023,412.20715,0.61875,False,199.89182,204.5818,0.38125,0.545,typical
865,261156405,train,1,4,2,1953.141097424009,65.16486187326245,243.37018,0.31,False,292.92252,194.99146,0.84125,0.48375,typical
868,261156403,train,1,4,2,1950.6503267519577,64.56670084516861,301.6636,0.4425,False,169.45947,207.10652,0.18875,0.55625,typical
869,261156394,train,1,4,2,1945.588961762869,64.13181527322652,435.38394,0.65625,False,162.54843,247.79268,0.13125,0.73,typical
871,261156377,train,1,4,2,1945.6275924605957,75.26478814198231,517.451,0.745,False,195.14978,251.37798,0.35,0.75,typical
872,261156372,train,1,4,2,1940.0036414004949,72.5768351830858,499.4699,0.72375,False,155.49597,245.90315,0.1,0.72625,typical
875,261156389,train,1,4,2,1943.619351443919,64.56334749460048,467.8496,0.70125,False,167.55843,221.6216,0.1725,0.64375,typical
878,392025904,train,1,4,2,1931.5466370328118,61.65149725728225,434.6126,0.65375,False,172.22603,231.3453,0.20625,0.67625,typical
879,392025901,train,1,4,2,1930.7191976362312,62.31413802409447,429.5956,0.64625,False,176.32393,233.33482,0.23,0.6825,typical
880,261156370,train,1,4,2,1933.9636205226223,69.34977066477447,535.75385,0.77,False,153.18207,219.70126,0.08875,0.62875,typical
881,261156361,train,1,4,2,1932.5392958343973,70.94072574297029,464.97055,0.69625,False,160.5418,245.85555,0.12,0.725,typical
884,392025871,train,1,4,2,1919.866108946247,70.99292203264605,460.14627,0.68625,False,167.4407,241.57857,0.17125,0.71,typical
885,261156364,train,1,4,2,1939.9121885276813,79.10147025264297,532.56195,0.76375,False,171.5374,205.23253,0.2025,0.54875,typical
887,261156356,train,1,4,2,1935.2477450036197,78.15667848324611,494.23947,0.7175,False,171.88844,210.00684,0.20375,0.57875,typical
890,261156346,train,1,4,2,1934.4701831722307,87.29501559842204,386.29352,0.58125,False,228.21202,236.36943,0.56125,0.6975,typical
892,261156341,train,1,4,2,1930.115793670911,86.99152902402525,384.20193,0.57875,False,192.93085,211.80588,0.33625,0.59,typical
897,392025861,train,1,4,2,1917.8420460226776,79.0754146845247,298.19675,0.43375,False,203.70961,135.97163,0.4075,0.235,typical
905,261206653,train,1,4,2,1958.8014019970808,101.45785857737218,305.59738,0.44875,False,195.96593,197.9659,0.355,0.50375,typical
908,261206637,train,1,4,2,1948.6401917079043,102.60444072940206,189.90738,0.17875,False,176.4072,213.60791,0.23125,0.6025,typical
909,261206631,train,1,4,2,1949.6609747713571,106.75124103126377,168.52953,0.125,False,181.22049,192.99028,0.26625,0.47125,typical
912,261206624,train,1,4,2,1944.3013983027054,106.16297875940953,345.2307,0.52875,False,221.31955,187.98732,0.52125,0.44875,typical
913,261204216,train,1,4,2,1942.4709255434357,95.48289026589055,413.02927,0.6225,False,191.6368,174.7584,0.32875,0.40125,typical
920,261204201,train,1,4,2,1934.7389643170834,101.92688923401433,285.15118,0.39625,False,236.03305,248.09906,0.6075,0.7325,typical
921,261204193,train,1,4,2,1931.2731104379616,105.52176966379557,192.83514,0.18625,False,323.9403,156.7136,0.9025,0.32625,typical
924,261206622,train,1,4,2,1947.3480292851448,112.3150906163983,498.66785,0.7225,False,296.23712,190.96213,0.85375,0.465,typical
926,261206619,train,1,4,2,1945.4072561670841,110.89645096501238,307.95377,0.455,False,232.24187,201.21669,0.58,0.52375,typical
927,261206610,train,1,4,2,1942.5025393614042,114.38285945976668,325.8765,0.50625,False,265.68698,252.40854,0.755,0.76125,typical
928,261206607,train,1,4,2,1938.9145980609073,113.77232879446476,297.2906,0.425,False,297.2907,308.2711,0.8575,0.88625,typical
930,261206597,train,1,4,2,1932.8148025612095,112.07469869124532,648.80963,0.84,False,288.19177,323.05652,0.835,0.89875,typical
933,261206596,train,1,4,2,1937.9263511167842,118.42419638231688,203.24815,0.21,False,355.74167,306.42184,0.94,0.8825,typical
935,261206588,train,1,4,2,1935.2286826406755,121.27299954778648,409.2971,0.615,False,360.00467,195.67763,0.945,0.48875,typical
937,261204188,train,1,4,2,1925.4053662221788,105.82172503299506,921.108,0.89625,False,215.30809,109.033485,0.47375,0.13625,typical
940,261204175,train,1,4,2,1924.3104736437272,110.29042529069385,508.3527,0.7325,False,319.08847,83.164536,0.89625,0.06125,typical
941,261206565,train,1,4,2,1921.502561198144,118.79268135432851,317.16824,0.4775,False,257.04153,144.81516,0.7125,0.27125,typical
943,261204162,train,1,4,2,1914.8563972158652,112.12905984143946,563.5962,0.7875,False,290.34344,155.83186,0.8375,0.32125,typical
944,261204205,train,1,4,2,1930.5114736468463,93.61432619359034,320.70972,0.49125,False,200.27446,254.63687,0.385,0.77,typical
947,261156319,train,1,4,2,1920.1938673294405,98.44336522328801,191.61804,0.18125,False,357.38016,125.87477,0.94125,0.1975,typical
949,261156310,train,1,4,2,1917.2876556683016,100.6860890142962,465.19803,0.6975,False,266.432,129.99957,0.7575,0.21625,typical
950,261156315,train,1,4,2,1916.2323935085442,97.27031110302796,508.8132,0.73625,False,302.96198,231.90923,0.865,0.6775,typical
951,261156308,train,1,4,2,1913.841129160092,98.91206508689571,888.95593,0.8875,False,239.73622,209.33199,0.62625,0.57125,typical
954,261156302,train,1,4,2,1908.852045027072,96.07025541316713,642.8332,0.8375,False,252.97299,243.2484,0.68875,0.71375,typical
955,261156290,train,1,4,2,1904.1985127315577,95.89087318390192,350.6333,0.53625,False,244.34862,232.26733,0.65625,0.67875,typical
957,261156289,train,1,4,2,1907.321293794296,100.15695979806762,292.70496,0.415,False,247.38371,298.65012,0.6675,0.87,typical
959,392025833,train,1,4,2,1903.7976807356195,92.56770796574231,590.65283,0.80625,False,240.27003,286.70975,0.63125,0.84625,typical
962,261204178,train,1,4,2,1920.0313642908625,104.9797064966725,722.85583,0.86375,False,225.59003,196.93466,0.54625,0.49875,typical
963,261156292,train,1,4,2,1910.9625030606494,103.14493181662287,344.81232,0.5275,False,315.0879,265.78894,0.89,0.79875,typical
966,261204144,train,1,4,2,1907.0651567945388,116.49259340036572,247.16261,0.315,False,196.01637,223.53595,0.35625,0.65,typical
967,261204147,train,1,4,2,1906.5757505425213,113.05784600821409,297.5094,0.42625,False,209.12955,233.96123,0.4425,0.68625,typical
970,392025820,train,1,4,2,1895.8699823385796,99.38716148840022,226.4466,0.26875,False,220.48248,274.17682,0.515,0.825,typical
971,392025817,train,1,4,2,1896.32033635986,101.91715182685994,284.08395,0.39375,False,214.60141,274.52292,0.47125,0.8275,typical
974,392025807,train,1,4,2,1890.141985623701,105.96437748222387,202.46103,0.2075,False,187.91516,225.5109,0.3075,0.66125,typical
977,261260005,train,1,4,2,1992.9790684386003,140.5752040408404,317.67532,0.47875,False,237.82825,250.54784,0.61875,0.7425,typical
980,261257371,train,1,4,2,1981.3917700846682,138.95248621827676,172.11604,0.13375,False,234.08101,237.87657,0.59,0.7,typical
981,261259999,train,1,4,2,1991.3124881613307,143.45473809919795,320.90607,0.4925,False,260.12448,254.15613,0.72875,0.76875,typical
982,261259992,train,1,4,2,1984.7523231105297,142.8777623590579,237.02153,0.29125,False,198.06607,244.02075,0.36875,0.72,typical
986,261257363,train,1,4,2,1974.7989100080827,139.19599408432194,274.63635,0.37,False,180.5869,262.84747,0.26125,0.79125,typical
988,261257346,train,1,4,2,1967.7902057784845,141.9714313543608,696.4081,0.85875,False,286.68173,218.93706,0.8275,0.61875,typical
989,261257345,train,1,4,2,1965.410332940662,139.88052691215148,672.39264,0.85125,False,294.5434,537.76874,0.84875,0.985,instrument
990,261238873,train,1,4,2,1958.6758863886664,140.59235296110302,873.51184,0.8825,False,787.3121,1594.6522,0.99625,0.99875,both
992,261257342,train,1,4,2,1971.1190949291554,148.93754998534612,287.09692,0.4025,False,182.11307,195.14575,0.27375,0.48625,typical
997,261259947,train,1,4,2,1965.906953979786,158.63038864378655,206.60454,0.22,False,204.20984,131.80826,0.4125,0.22125,typical
998,261257319,train,1,4,2,1962.4256592329425,155.782651199893,227.18988,0.27125,False,238.2316,118.918755,0.62,0.17125,typical
1000,261257335,train,1,4,2,1968.2003197879537,149.11312277068518,192.09402,0.185,False,182.15363,170.79292,0.275,0.38875,typical
1001,261257334,train,1,4,2,1966.0166323022956,149.55223189260659,188.70703,0.1725,False,202.51636,147.25403,0.40375,0.28375,typical
1002,261257321,train,1,4,2,1954.6107729491525,146.58876150351762,1017.9367,0.92125,False,518.93756,1081.9098,0.98,0.995,both
1003,261257317,train,1,4,2,1958.581007497347,153.20536629124462,205.92122,0.2175,False,241.42905,113.13402,0.6425,0.1475,typical
1005,261257305,train,1,4,2,1950.7298371211657,156.90528941152994,274.72388,0.37125,False,407.46997,107.64949,0.96125,0.13125,physics
1006,261238831,train,1,4,2,1944.5371084303088,155.1716624436165,508.7319,0.735,False,344.7874,150.9509,0.9275,0.3,typical
1010,261238882,train,1,4,2,1953.7409628275261,127.81645734942822,1029.7722,0.925,False,323.79755,765.93414,0.90125,0.99375,instrument
1011,261238871,train,1,4,2,1956.8259979461857,139.10762909667912,939.3057,0.90125,False,753.6568,1592.4594,0.995,0.9975,both
1012,261238863,train,1,4,2,1952.0967804520317,139.8148773150313,986.91205,0.91,False,693.92523,1728.9814,0.9925,1.0,both
1016,261238850,train,1,4,2,1942.99852100081,139.3908677835718,571.99646,0.79375,False,255.1705,533.68243,0.70375,0.98375,instrument
1019,261236207,train,1,4,2,1942.8904115937858,129.5642017819124,436.8237,0.65875,False,310.90894,244.5445,0.885,0.72125,typical
1021,261236212,train,1,4,2,1942.2420345759808,125.2598177165782,299.67377,0.43875,False,438.81805,368.39648,0.96875,0.93125,physics
1022,261236204,train,1,4,2,1935.7010758494007,127.09116473461249,355.70276,0.54375,False,295.30402,181.97342,0.8525,0.42625,typical
1024,261236197,train,1,4,2,1934.2589382333542,132.7628712759716,1008.93274,0.91875,False,227.80615,113.24158,0.55875,0.14875,typical
1026,261236189,train,1,4,2,1931.4542700495253,134.85184849685155,206.83043,0.22125,False,193.63882,113.5023,0.34125,0.15125,typical
1027,261236178,train,1,4,2,1928.8629428502552,137.01349999196873,286.23502,0.40125,False,229.51897,74.75807,0.5675,0.04375,typical
1028,261238861,train,1,4,2,1952.322724261617,142.6597818166556,1012.6149,0.92,False,579.0046,1380.3398,0.98875,0.99625,both
1031,261238849,train,1,4,2,1943.7207645317833,142.561970645081,427.2433,0.64125,False,286.19818,264.86575,0.82625,0.79625,typical
1034,261238840,train,1,4,2,1945.731161111574,151.56816491587364,232.16962,0.275,False,293.2106,206.76666,0.8425,0.555,typical
1035,724118541,train,1,4,2,1943.0178605376975,149.40862227590537,4977.92,1.0,True,122.70477,187.81143,0.00625,0.4475,typical
1039,261238822,train,1,4,2,1937.5073243494394,153.91576980232742,469.85046,0.70375,False,359.1365,407.6604,0.9425,0.95,instrument
1042,261238815,train,1,4,2,1931.0278137542207,150.13764884679236,370.83948,0.565,False,257.1402,524.5725,0.71625,0.98125,instrument
1048,261236164,train,1,4,2,1921.3693888302669,142.77734499497564,1135.6946,0.9425,False,136.88094,105.44838,0.03375,0.1225,typical
1049,261236161,train,1,4,2,1923.2006058888016,145.26787832047648,194.52078,0.18875,False,126.50935,105.88986,0.01375,0.1275,typical
1050,261236155,train,1,4,2,1920.4641692051493,146.64376029766873,124.02356,0.03,False,136.77663,84.074356,0.03125,0.06625,typical
1051,261236154,train,1,4,2,1920.9079771902802,147.18637610067233,170.56635,0.1275,False,140.97522,65.67126,0.0475,0.0225,typical
1056,261259927,train,1,4,2,1958.7205529411356,165.57162341909924,1491.8431,0.97625,True,324.5673,143.0329,0.90625,0.26375,typical
1058,261259919,train,1,4,2,1959.6302284210942,168.47087149406974,405.45468,0.61,False,427.09293,149.66054,0.96625,0.29125,physics
1060,261259918,train,1,4,2,1957.9768384088818,167.71386245616898,330.05518,0.5125,False,347.3502,151.19337,0.9325,0.30125,typical
1063,261257295,train,1,4,2,1945.9265060089665,160.7950757592242,189.34093,0.175,False,261.19702,141.48412,0.7325,0.25625,typical
1064,261257289,train,1,4,2,1947.552310776641,166.7067216580584,223.78557,0.26375,False,225.47537,169.38522,0.5425,0.3825,typical
1066,261257282,train,1,4,2,1944.204385251244,169.4391396307561,373.96164,0.56625,False,269.34573,175.29208,0.76625,0.40625,typical
1068,261259901,train,1,4,2,1953.637459185614,176.10084208629902,210.131,0.22625,False,272.27667,207.35143,0.78375,0.55875,typical
1075,261257263,train,1,4,2,1940.741619858095,178.15068963523353,250.3352,0.32625,False,236.01997,157.55215,0.60625,0.33,typical
1076,261257275,train,1,4,2,1942.8996082337103,172.5998139349386,236.83769,0.29,False,305.28738,141.68222,0.87,0.26,typical
1078,261257256,train,1,4,2,1930.5421862767823,170.76503859576158,387.87283,0.58625,False,285.5248,344.6086,0.825,0.915,typical
1079,261257248,train,1,4,2,1927.7147785343664,174.29165139050747,375.44794,0.57,False,232.25775,254.06099,0.58125,0.7675,typical
1081,261257242,train,1,4,2,1924.928888699019,175.56316459688995,1196.3684,0.9525,True,232.86989,219.70874,0.58375,0.63,typical
1082,261257238,train,1,4,2,1925.4316778390018,179.59042286773013,1105.2468,0.93625,False,261.90445,205.33897,0.73625,0.55125,typical
1084,261238813,train,1,4,2,1934.309795117678,155.7600037441529,410.05258,0.6175,False,341.06964,517.3641,0.92375,0.97875,instrument
1089,261238800,train,1,4,2,1931.4420893967267,162.17756820747056,297.78802,0.42875,False,283.3091,329.98508,0.81625,0.90875,typical
1093,261238789,train,1,4,2,1923.7643701370596,161.30837807127324,900.1469,0.8925,False,281.86288,125.55269,0.81375,0.19625,typical
1098,724118860,train,1,4,2,1919.1712090029255,157.58925529567094,2184.0698,0.99,True,278.07947,73.076935,0.79375,0.04125,typical
1100,261236134,train,1,4,2,1912.4405154060364,152.92494038289465,299.20062,0.435,False,234.45355,87.40346,0.595,0.07125,typical
1101,261236126,train,1,4,2,1908.8754747720116,154.2171405234157,1056.8948,0.93,False,205.59904,68.362434,0.4225,0.0275,typical
1108,261236104,train,1,4,2,1905.220076993393,160.92383310242747,368.28647,0.56125,False,216.17268,122.64572,0.485,0.17625,typical
1110,261238771,train,1,4,2,1924.2117162811865,172.45371959840577,346.6057,0.53125,False,232.97331,217.0045,0.58625,0.61125,typical
1112,261238768,train,1,4,2,1921.8861714505135,170.64205136711146,443.1354,0.66875,False,232.95369,252.32207,0.585,0.76,typical
1113,261238765,train,1,4,2,1918.3994635944016,169.00437476896215,462.8101,0.6925,False,227.89777,162.88852,0.56,0.35375,typical
1124,261236073,train,1,4,2,1899.8145316996242,175.87324541236146,332.6147,0.515,False,197.92671,208.37607,0.3675,0.56875,typical
1127,261236069,train,1,4,2,1893.081079534776,170.9538678807443,322.83286,0.49875,False,211.26787,256.47177,0.45625,0.77625,typical
1131,261206566,train,1,4,2,1929.8770170831442,128.11081943795367,554.39905,0.7825,False,218.13673,111.40688,0.5,0.1425,typical
1133,261206573,train,1,4,2,1929.141104005938,123.32207315871196,487.38092,0.71,False,224.61594,207.24207,0.53625,0.5575,typical
1134,261206563,train,1,4,2,1924.5058783698946,126.38083572393387,1030.1421,0.92625,False,256.9888,155.14638,0.71125,0.3175,typical
1139,261206551,train,1,4,2,1920.650402236,131.34608543507653,200.56589,0.2,False,219.47174,123.220726,0.51,0.18125,typical
1144,261204146,train,1,4,2,1913.4829119531664,121.53345885936912,250.09712,0.32375,False,204.65034,185.8206,0.41625,0.435,typical
1146,261204136,train,1,4,2,1905.726776355055,121.9884873705145,246.41989,0.3125,False,150.51294,178.0825,0.08,0.415,typical
1147,261206547,train,1,4,2,1912.555313810767,128.4443828012108,152.9921,0.0925,False,154.93393,129.62416,0.09875,0.21125,typical
1152,261206542,train,1,4,2,1918.1578812580099,137.7958694527803,201.61598,0.20375,False,125.81557,113.32276,0.01125,0.15,typical
1155,261206539,train,1,4,2,1910.6210399794122,133.6612533487944,250.29915,0.325,False,129.19812,126.29562,0.01625,0.2,typical
1156,261206528,train,1,4,2,1909.8584700801377,140.4218090231673,204.06027,0.21125,False,129.2247,58.83916,0.0175,0.01,typical
1158,261206530,train,1,4,2,1913.8790094817116,144.48090727164572,529.9236,0.76125,False,670.7553,102.1893,0.99125,0.10875,physics
1160,261236138,train,1,4,2,1911.263886027745,147.2775496903215,441.83884,0.6675,False,214.76427,145.26657,0.4725,0.27375,typical
1162,261206534,train,1,4,2,1908.3691965289263,135.5637662105605,204.12262,0.2125,False,179.98755,129.93513,0.25875,0.215,typical
1163,261206526,train,1,4,2,1903.5364637467683,134.5061781563738,241.02998,0.3025,False,139.66891,96.91916,0.0425,0.08875,typical
1164,261204107,train,1,4,2,1900.6845191067787,136.60887837175673,262.1498,0.345,False,122.733025,101.45032,0.0075,0.1075,typical
1172,261156262,train,1,4,2,1894.263770826992,118.81039691763814,283.81427,0.3925,False,157.37401,78.12435,0.105,0.04875,typical
1174,261156257,train,1,4,2,1891.429222156547,119.33211821058451,254.79848,0.33375,False,145.81635,76.28302,0.05875,0.04625,typical
1177,261204111,train,1,4,2,1892.1350979711763,125.97504452734442,1494.7277,0.9775,True,234.28172,67.55931,0.59125,0.025,typical
1178,261204102,train,1,4,2,1891.1083727302766,127.86743151891426,490.9863,0.7125,False,249.09944,62.45865,0.68,0.01625,typical
1179,261156251,train,1,4,2,1883.7750427365174,115.85979717398395,241.80989,0.30875,False,160.80637,152.9672,0.12375,0.31,typical
1181,392025793,train,1,4,2,1882.7241337884545,111.96413524759897,207.73422,0.225,False,139.1412,166.59059,0.04,0.37125,typical
1182,392025792,train,1,4,2,1882.5434306065515,112.31155905042127,221.31696,0.255,False,160.05339,162.28049,0.11625,0.35,typical
1185,261156244,train,1,4,2,1879.1618226113658,117.13993857757735,164.50233,0.12,False,154.72975,164.35602,0.09625,0.3625,typical
1186,261156236,train,1,4,2,1880.2646105505603,125.49429778267886,431.67642,0.65,False,159.70076,133.33162,0.115,0.2275,typical
1187,261156227,train,1,4,2,1875.2830963008385,124.50635249838315,204.45218,0.21375,False,132.47372,103.58178,0.0225,0.115,typical
1191,261204084,train,1,4,2,1884.5117478281927,132.78182517721856,290.09845,0.41125,False,183.15526,115.9157,0.28125,0.16125,typical
1196,261156216,train,1,4,2,1875.7576429398823,134.83747805038107,195.47618,0.19125,False,162.59877,187.56538,0.1325,0.44375,typical
1197,261156224,train,1,4,2,1875.481010238898,128.17452241832018,191.98894,0.1825,False,133.57782,150.65991,0.02375,0.29875,typical
1200,261156207,train,1,4,2,1867.8221204937583,130.88614099616646,156.3889,0.09875,False,158.70502,198.10818,0.11125,0.5075,typical
1209,261206521,train,1,4,2,1908.3432648496375,148.22104721527936,656.425,0.84375,False,269.875,139.42111,0.77,0.24875,typical
1210,261206511,train,1,4,2,1905.777206048728,151.42639077486893,990.7345,0.9125,False,1093.82,69.76413,0.99875,0.03375,physics
1211,261236119,train,1,4,2,1905.1163813797743,152.37330262422688,881.6653,0.885,False,411.90805,82.79386,0.96375,0.06,physics
1213,261206507,train,1,4,2,1900.698287664923,149.31806078532546,418.38528,0.63375,False,281.14706,98.99428,0.81,0.09875,typical
1214,261206500,train,1,4,2,1896.03493775229,149.58780479872163,365.77734,0.55625,False,236.31996,105.66528,0.61,0.125,typical
1216,261206503,train,1,4,2,1902.4148411884012,154.78066515233,87.01167,0.005,False,163.2307,139.84279,0.1375,0.2525,typical
1217,261236102,train,1,4,2,1900.467724991635,159.51842883345032,508.57623,0.73375,False,284.19254,133.87836,0.81875,0.23,typical
1219,261206486,train,1,4,2,1895.0169024841878,158.91060326603346,412.5788,0.62,False,331.43774,126.13724,0.91,0.19875,typical
1222,261206479,train,1,4,2,1888.281717661266,158.71695528089634,2335.746,0.9925,True,352.4384,283.3511,0.93875,0.84,typical
1223,261206492,train,1,4,2,1889.1128312952915,148.09389616186596,292.57568,0.41375,False,249.18024,139.59161,0.68125,0.25,typical
1224,261204077,train,1,4,2,1888.2614712487173,145.22610857774177,354.14563,0.54,False,236.43321,120.443665,0.61375,0.1725,typical
1225,261204070,train,1,4,2,1882.3650866784492,145.0415141298535,400.41562,0.60125,False,227.31306,172.6929,0.55375,0.395,typical
1227,261204065,train,1,4,2,1883.1961553944284,150.7511795569016,214.63057,0.235,False,208.46724,150.4368,0.43875,0.2975,typical
1229,261204060,train,1,4,2,1881.5856800954746,152.12336684723007,334.3338,0.51875,False,244.34912,160.2604,0.6575,0.34375,typical
1231,261206472,train,1,4,2,1884.921427589707,162.60236602687806,643.10846,0.83875,False,338.33755,238.31676,0.91875,0.7025,typical
1232,261206465,train,1,4,2,1882.0314111037587,165.12314879705627,1262.7954,0.96625,True,209.18948,209.59837,0.44375,0.575,typical
1234,261206452,train,1,4,2,1881.1965234831393,172.5431102395549,1968.8024,0.985,True,364.20154,150.04532,0.94625,0.29625,typical
1235,261206449,train,1,4,2,1879.7076097564773,172.15524073544253,2190.408,0.99125,True,385.79657,127.437355,0.9525,0.2075,physics
1237,261206471,train,1,4,2,1880.664260195596,158.68908725537239,1004.6328,0.9175,False,246.78613,214.29741,0.6625,0.605,typical
1239,261204033,train,1,4,2,1875.2100200338791,159.6286344347471,187.14682,0.165,False,216.40715,225.13226,0.48625,0.65875,typical
1241,261206459,train,1,4,2,1873.79396856624,161.28943004812228,192.0524,0.18375,False,173.15535,222.9618,0.21,0.6475,typical
1243,261206450,train,1,4,2,1871.9920984672235,162.9330035911953,158.16074,0.10625,False,185.73555,249.46027,0.29625,0.73875,typical
1246,261206443,train,1,4,2,1873.2810481795457,168.93386588316682,105.52081,0.01625,False,253.46107,146.66449,0.69,0.2825,typical
1247,261206428,train,1,4,2,1865.3428691495185,168.85121164989437,172.10887,0.1325,False,310.08688,252.523,0.8825,0.7625,typical
1248,261204019,train,1,4,2,1863.2474120780862,163.91096728884875,137.3497,0.05875,False,226.77443,227.99088,0.55,0.66375,typical
1250,261204011,train,1,4,2,1863.0449065149471,168.30166331448902,136.99953,0.055,False,246.45941,238.83138,0.66125,0.70375,typical
1251,261204062,train,1,4,2,1875.7679129742392,143.49627727214718,137.81795,0.0625,False,185.69478,228.51227,0.295,0.66875,typical
1254,261204058,train,1,4,2,1875.8039321538324,146.78169711149894,156.70164,0.1,False,198.90733,186.9497,0.37375,0.44125,typical
1255,261204055,train,1,4,2,1873.945828457684,145.8248043027235,119.048546,0.02375,False,248.67413,219.13058,0.675,0.6225,typical
1258,261204048,train,1,4,2,1873.0602314553248,149.6850807202617,263.59982,0.3475,False,329.27576,185.1639,0.90875,0.43375,typical
1259,261204037,train,1,4,2,1868.2530464604574,149.7730468789489,252.92998,0.3325,False,218.43018,193.9434,0.505,0.475,typical
1260,261156167,train,1,4,2,1856.7803779978171,150.476892149494,377.2165,0.5725,False,164.34102,131.00827,0.15,0.21875,typical
1262,261156170,train,1,4,2,1854.1917874011215,142.8913875179058,306.4741,0.4525,False,244.19557,153.22855,0.655,0.31125,typical
1263,261156169,train,1,4,2,1856.6128382349573,146.96641749364304,290.8347,0.4125,False,253.89801,126.751,0.695,0.20375,typical
1266,261204023,train,1,4,2,1859.4500967148144,156.89174221351908,125.63731,0.035,False,202.20331,163.72354,0.39875,0.36,typical
1268,261204022,train,1,4,2,1860.044897144816,158.7842772311679,142.18864,0.06875,False,213.10187,224.19974,0.46375,0.65375,typical
1269,261204013,train,1,4,2,1855.8964725439064,158.2879898064386,133.4713,0.0475,False,205.90736,208.10576,0.42375,0.5675,typical
1271,261204006,train,1,4,2,1854.8017553954855,162.3629018411018,162.95508,0.1175,False,238.69963,263.76172,0.62125,0.79375,typical
1276,261204000,train,1,4,2,1850.3085292121148,164.63501539612528,145.83192,0.0775,False,203.27594,265.30142,0.405,0.7975,typical
1277,261156130,train,1,4,2,1848.6698937728481,162.17901046952832,128.64568,0.04,False,202.29854,270.77313,0.40125,0.81875,typical
1279,261156152,train,1,4,2,1849.3876066684516,151.3164500096827,1166.9235,0.94625,False,535.7674,228.14238,0.98375,0.665,physics
1280,261156135,train,1,4,2,1846.306290379087,156.4396944403642,105.50187,0.015,False,220.29771,288.89218,0.5125,0.8525,typical
1282,261156137,train,1,4,2,1845.6599986694932,154.21191269132393,173.79175,0.1375,False,193.22945,172.79422,0.33875,0.39625,typical
1283,261156142,train,1,4,2,1846.9060960501336,153.88806697067585,137.15578,0.05625,False,211.28578,170.80223,0.4575,0.39,typical
1286,261156134,train,1,4,2,1841.2260937890308,151.1893149984885,135.28256,0.05,False,199.2268,126.484535,0.3775,0.2025,typical
1289,392025690,train,1,4,2,1838.20227993677,151.81561476286512,122.25076,0.0275,False,166.65286,104.0623,0.165,0.1175,typical
1293,261156118,train,1,4,2,1836.4748600798357,154.78897728635792,120.0213,0.025,False,145.84709,198.26802,0.06,0.50875,typical
1295,261156111,train,1,4,2,1836.8955739992273,159.11122093500006,92.33442,0.00875,False,157.58398,204.44527,0.10625,0.54375,typical
1298,392025890,train,1,4,2,1924.6476795415906,62.633002141323125,506.75406,0.73,False,147.64143,255.20943,0.065,0.7725,typical
1299,392013348,train,1,4,2,1914.8633560192359,59.415508175052615,508.33044,0.73125,False,135.57121,221.16689,0.02875,0.63875,typical
1300,392025878,train,1,4,2,1922.1039943369221,66.05749609683966,491.36032,0.71375,False,141.37938,225.04921,0.05,0.65625,typical
1303,392013333,train,1,4,2,1909.5325718663357,68.50768757042233,375.18707,0.56875,False,160.31094,235.26039,0.1175,0.6925,typical
1304,392013345,train,1,4,2,1909.154163568307,54.46705510636436,451.66806,0.67875,False,151.17458,229.72888,0.08125,0.67125,typical
1305,392013341,train,1,4,2,1908.551355317577,59.334484453706885,431.0259,0.6475,False,152.0106,203.68425,0.08375,0.535,typical
1307,261139750,train,1,4,2,1905.7490033964423,54.15987023788747,467.2847,0.7,False,147.90488,219.66649,0.06625,0.6275,typical
1308,261139746,train,1,4,2,1904.0074013510355,56.15417439357247,446.58328,0.675,False,146.0605,223.40515,0.06125,0.64875,typical
1310,392013328,train,1,4,2,1897.397911947488,64.23101174077576,289.46387,0.41,False,179.30707,213.06181,0.2525,0.59625,typical
1313,392025859,train,1,4,2,1911.5904208842846,71.79078556494287,306.03424,0.45,False,168.87448,170.21649,0.18375,0.3875,typical
1325,261137346,train,1,4,2,1887.6810193989022,49.680417902098824,211.31474,0.23,False,169.70113,204.71452,0.19125,0.54625,typical
1326,261137332,train,1,4,2,1882.1871882522094,53.66635804031595,233.92827,0.285,False,225.55629,194.83813,0.545,0.48125,typical
1328,261139728,train,1,4,2,1891.7530305150428,57.89727929248606,210.4342,0.22875,False,164.2001,211.31761,0.14875,0.5875,typical
1329,261139726,train,1,4,2,1888.131059754518,56.73267325940422,131.98926,0.04375,False,182.045,189.09647,0.2725,0.45375,typical
1332,261139710,train,1,4,2,1886.6932085610424,63.558872827836616,295.9927,0.42,False,293.9904,200.797,0.845,0.52,typical
1333,261139716,train,1,4,2,1885.676728881132,58.506772989255246,157.38573,0.1025,False,218.82967,210.86334,0.5075,0.58625,typical
1337,261139707,train,1,4,2,1880.279359140246,59.13256586500705,210.22375,0.2275,False,284.65714,189.73668,0.82125,0.45625,typical
1338,261137334,train,1,4,2,1879.3059348873655,49.42992950606468,200.78203,0.20125,False,204.91924,239.46758,0.41875,0.705,typical
1339,261137328,train,1,4,2,1881.067621061835,54.10888509364324,388.45657,0.5875,False,206.39804,198.81474,0.42625,0.51125,typical
1340,261137322,train,1,4,2,1873.185952163722,50.13918627849915,425.05502,0.63625,False,233.33842,220.39023,0.5875,0.635,typical
1341,261137319,train,1,4,2,1872.7286868627514,51.219008159873376,634.98126,0.83125,False,264.27737,240.83913,0.75,0.7075,typical
1345,261137306,train,1,4,2,1863.389696863547,54.3502165715234,2003.2756,0.98625,True,264.49457,180.44594,0.75125,0.42,typical
1346,724120058,train,1,4,2,1876.7047275037892,67.85295492750096,678.99335,0.85375,False,191.5282,82.7414,0.32625,0.05875,typical
1347,261139703,train,1,4,2,1880.6818095122705,63.38536531597893,240.5258,0.3,False,322.23886,83.708786,0.89875,0.06375,typical
1348,261139695,train,1,4,2,1874.9648022259723,68.86739703768419,651.19836,0.84125,False,265.75766,141.50577,0.75625,0.2575,typical
1350,261139693,train,1,4,2,1874.7315655880889,69.89047396332421,537.00806,0.7725,False,240.49667,138.09119,0.63375,0.24125,typical
1352,261139684,train,1,4,2,1873.6202226495082,76.25093563377325,215.10725,0.2375,False,216.61833,156.37645,0.4875,0.32375,typical
1356,261137307,train,1,4,2,1867.9416338090607,60.006221437867865,535.6664,0.76875,False,231.57436,103.27759,0.57625,0.11375,typical
1360,261137291,train,1,4,2,1862.0391473661437,68.04279602473497,630.2342,0.82625,False,266.97482,180.52016,0.75875,0.42125,typical
1363,392025828,train,1,4,2,1895.9785739608155,86.8452562451241,668.33044,0.85,False,270.42343,234.01271,0.77125,0.6875,typical
1364,392025827,train,1,4,2,1893.837414175577,89.50871627413001,391.73553,0.5925,False,246.1881,270.54993,0.66,0.81625,typical
1365,392013297,train,1,4,2,1891.888208249665,83.99167506155884,1088.9552,0.93375,False,279.02048,287.03888,0.79875,0.85,typical
1367,392025816,train,1,4,2,1889.5030027220828,94.55794179485221,479.0522,0.70625,False,243.82437,233.70709,0.65,0.68375,typical
1370,392025814,train,1,4,2,1886.6872947040888,92.81489123795834,286.1114,0.4,False,209.83664,243.79384,0.44875,0.71875,typical
1372,392013292,train,1,4,2,1883.920980372442,80.3132313181746,756.0896,0.86625,False,243.80757,208.04741,0.64875,0.565,typical
1374,392013276,train,1,4,2,1878.1267113815802,85.09282279087526,631.78436,0.82875,False,521.57666,196.11882,0.98125,0.49625,physics
1379,392013277,train,1,4,2,1880.0549063535211,86.98006002280651,233.5426,0.28375,False,224.54715,201.26134,0.535,0.525,typical
1383,261139673,train,1,4,2,1869.9201276193578,84.78088132277266,239.21019,0.295,False,215.71973,196.26675,0.48,0.4975,typical
1385,392025811,train,1,4,2,1889.1454544520743,99.86584277847041,446.08658,0.67375,False,240.85236,270.61868,0.6375,0.8175,typical
1386,392025804,train,1,4,2,1882.1737914270686,100.07541713294043,303.30276,0.44375,False,201.74095,246.62569,0.39625,0.7275,typical
1390,392025799,train,1,4,2,1877.0130945875517,102.32953401815547,266.52832,0.35125,False,154.72308,207.6519,0.095,0.56125,typical
1392,392013245,train,1,4,2,1864.1667963500743,98.45132778281966,285.673,0.3975,False,175.21663,194.36911,0.22125,0.47875,typical
1397,392013250,train,1,4,2,1861.9414233033617,93.97829299510218,270.87292,0.35875,False,173.80261,216.21928,0.2125,0.60875,typical
1399,392013232,train,1,4,2,1856.7094540948754,102.27228357836464,184.993,0.16125,False,135.17336,152.56659,0.02625,0.30625,typical
1404,261139663,train,1,4,2,1865.322373409735,84.73630113408505,278.39838,0.38,False,220.07356,219.72623,0.51125,0.63125,typical
1405,261139655,train,1,4,2,1862.5372511338574,89.8466701384805,274.11835,0.36875,False,179.41289,219.04091,0.255,0.62,typical
1407,261139658,train,1,4,2,1859.2634804387562,84.17916694130338,219.24652,0.24875,False,204.97446,221.36562,0.42,0.64,typical
1409,261137263,train,1,4,2,1849.475781992762,76.75600578593296,262.14706,0.34375,False,226.8565,209.43922,0.55125,0.57375,typical
1412,261137269,train,1,4,2,1850.4676259705375,74.7497918604376,225.5618,0.26625,False,170.4713,211.66776,0.19625,0.58875,typical
1413,261139652,train,1,4,2,1851.948105114766,81.91810844812552,211.56975,0.23125,False,177.13644,181.32019,0.23875,0.42375,typical
1415,261139640,train,1,4,2,1853.4155444627484,92.82216124639454,239.95514,0.29625,False,208.65016,202.26056,0.44,0.52875,typical
1416,261139643,train,1,4,2,1850.9106891446866,88.39585527894415,170.8532,0.12875,False,191.70935,195.4765,0.33,0.4875,typical
1419,261139636,train,1,4,2,1851.497060982122,91.76686957997117,226.98001,0.27,False,208.44073,159.909,0.4375,0.3425,typical
1420,261139623,train,1,4,2,1844.1256443022935,90.72015831923794,369.162,0.56375,False,225.47534,109.33846,0.54125,0.13875,typical
1424,261139628,train,1,4,2,1844.921115065996,88.46885043569583,561.41125,0.785,False,214.44652,171.78783,0.47,0.3925,typical
1429,261137233,train,1,4,2,1833.2100825225154,87.20075647103795,267.81473,0.35375,False,193.14989,102.42384,0.3375,0.11,typical
1436,261108743,train,1,4,2,1858.3921413953663,44.25066892537351,1226.7919,0.95625,True,314.41327,213.27448,0.88875,0.59875,typical
1440,261108738,train,1,4,2,1860.6753181762692,50.493968658412044,1025.5398,0.92375,False,225.7708,184.73756,0.5475,0.43,typical
1441,261108731,train,1,4,2,1857.1832047863277,51.821002125863174,1240.7103,0.9625,True,235.26036,202.6464,0.6025,0.53,typical
1442,261108725,train,1,4,2,1853.5201717069922,48.057376441223184,202.07053,0.20625,False,281.74542,244.83873,0.81125,0.7225,typical
1443,261108732,train,1,4,2,1855.098630008096,48.07742939774586,222.39362,0.2575,False,271.27896,335.5035,0.77875,0.9125,typical
1444,261108717,train,1,4,2,1849.503471710684,53.18703309772674,666.99,0.84875,False,236.32794,115.14352,0.61125,0.1575,typical
1445,261106420,train,1,4,2,1855.9839994536978,39.746121072355784,589.30334,0.805,False,271.052,369.1064,0.775,0.9325,typical
1446,261108741,train,1,4,2,1856.3397397617307,42.00906778522671,2051.9758,0.9875,True,318.13422,266.15274,0.89375,0.8,typical
1447,261106410,train,1,4,2,1852.6031884261956,39.37738385859193,883.03064,0.88625,False,311.47055,257.5216,0.88625,0.77875,typical
1450,261106400,train,1,4,2,1849.3600887881746,43.86762394170439,1022.0688,0.9225,False,254.48209,237.1366,0.7,0.69875,typical
1452,261106385,train,1,4,2,1839.0049462977274,48.72822284532671,631.3962,0.8275,False,182.61806,223.89569,0.2775,0.6525,typical
1453,261137293,train,1,4,2,1856.983532233875,59.23152921350641,771.22864,0.87,False,286.85736,187.16344,0.83,0.4425,typical
1456,261108710,train,1,4,2,1847.3208134721924,61.51085179445651,204.73929,0.215,False,217.06598,269.66077,0.49,0.81375,typical
1460,261106382,train,1,4,2,1836.8785583997114,52.90488392061687,661.35144,0.84625,False,225.09084,268.65048,0.53875,0.81125,typical
1461,261108704,train,1,4,2,1840.4732535010303,56.78080611288054,173.7617,0.13625,False,200.90402,243.33978,0.3875,0.71625,typical
1467,261108692,train,1,4,2,1835.800211442668,62.55443237083703,183.73984,0.1575,False,198.94148,309.85593,0.375,0.89,typical
1469,261106365,train,1,4,2,1827.1082562916117,56.70119221242322,296.2452,0.42125,False,248.45923,433.09265,0.67375,0.96125,instrument
1470,261091736,train,1,4,2,1828.3982761966886,35.25166988988172,315.78757,0.4725,False,257.57748,141.33354,0.72,0.255,typical
1471,261091730,train,1,4,2,1828.857633341859,38.62673135798333,299.5513,0.4375,False,337.66006,164.72826,0.9175,0.365,typical
1472,261091732,train,1,4,2,1831.1312862217153,40.213941482638155,518.258,0.7475,False,234.43777,145.99477,0.59375,0.27625,typical
1474,261091735,train,1,4,2,1829.0822435728373,36.98500873446161,580.68604,0.7975,False,166.40256,121.337204,0.16,0.175,typical
1475,261091731,train,1,4,2,1831.3478278242017,41.44854987624381,417.11218,0.63125,False,203.33456,155.44415,0.40625,0.31875,typical
1476,261106377,train,1,4,2,1830.4241673900747,45.752162466619204,532.7576,0.76625,False,213.17545,193.90857,0.465,0.47375,typical
1477,261091723,train,1,4,2,1828.4745709794186,40.95143253662169,932.2879,0.9,False,194.3873,146.38696,0.34375,0.28,typical
1479,261091712,train,1,4,2,1824.482586548772,43.45937919095368,1606.8441,0.97875,True,230.22026,199.50821,0.57,0.5125,typical
1480,261091710,train,1,4,2,1823.522997237431,43.407060799922405,861.67175,0.88,False,230.98357,200.09125,0.575,0.51625,typical
1482,261091722,train,1,4,2,1823.0224211820616,33.904439858396486,925.91455,0.8975,False,201.22728,104.47913,0.3925,0.12125,typical
1485,261089286,train,1,4,2,1815.782305282101,34.27284744114133,2364.4094,0.99375,True,296.7621,188.49335,0.85625,0.45125,typical
1488,261091697,train,1,4,2,1814.399905495782,39.798689154646596,1303.9838,0.97,True,332.14557,267.3706,0.9125,0.80375,typical
1494,261091684,train,1,4,2,1815.8011442835655,51.66147730280287,832.4952,0.875,False,242.42572,389.84784,0.64375,0.94,typical
1495,261106358,train,1,4,2,1822.393365798961,56.636391336890746,464.86124,0.695,False,277.7978,365.7123,0.7925,0.93,typical
1499,261106345,train,1,4,2,1816.4215616931938,58.776477332938946,387.2306,0.585,False,294.17084,426.75125,0.8475,0.96,instrument
1502,261091672,train,1,4,2,1810.8313988237144,54.095358278689744,334.45386,0.52,False,247.8918,282.32092,0.67125,0.83875,typical
1506,261091649,train,1,4,2,1795.4304280208842,52.65971321006187,1134.8182,0.94125,False,397.9814,54.70342,0.95625,0.00625,physics
1513,261108676,train,1,4,2,1831.0028650459462,71.90870701931848,266.9929,0.3525,False,224.34975,263.12344,0.53375,0.7925,typical
1519,261108665,train,1,4,2,1828.1447329676025,75.58392712712842,278.63153,0.38125,False,298.3042,281.18216,0.86,0.83625,typical
1522,261108673,train,1,4,2,1825.6296000446623,69.12629216202026,377.9235,0.57375,False,281.09146,301.88126,0.80875,0.8775,typical
1523,261106349,train,1,4,2,1823.2792221810337,64.87843524668615,418.08713,0.6325,False,292.56235,409.5585,0.84,0.9525,instrument
1524,261108658,train,1,4,2,1821.7477596745066,74.25901105935273,823.3298,0.87375,False,275.66806,286.74442,0.79125,0.8475,typical
1528,261106323,train,1,4,2,1808.3303052677995,72.56744781316795,445.36996,0.6725,False,260.00845,232.92737,0.7275,0.68125,typical
1530,261137236,train,1,4,2,1833.235732443751,82.8623902414179,517.7296,0.74625,False,217.70525,100.90845,0.4975,0.10125,typical
1531,261108648,train,1,4,2,1822.3447993407663,85.17357550084338,1311.1655,0.97125,True,278.3417,136.59949,0.79625,0.23875,typical
1541,261108623,train,1,4,2,1809.2551172033698,84.16063288087582,619.17145,0.81875,False,207.57997,98.604965,0.4325,0.09625,typical
1543,261106301,train,1,4,2,1800.9456817427638,82.20298392026064,305.20737,0.44625,False,208.40857,92.13376,0.43625,0.0775,typical
1547,261106331,train,1,4,2,1808.1283935554623,62.79497074521242,454.10986,0.68,False,280.5105,257.8911,0.8075,0.78,typical
1551,261106314,train,1,4,2,1804.8222202085033,73.72705928032248,438.0921,0.66125,False,257.12073,184.73997,0.715,0.43125,typical
1553,261106309,train,1,4,2,1800.6164792748737,72.04651785098687,378.28748,0.575,False,299.74884,167.54112,0.86125,0.38,typical
1556,261091621,train,1,4,2,1793.864229533478,69.9075725692362,272.43433,0.3625,False,199.7887,105.6011,0.37875,0.12375,typical
1560,261091643,train,1,4,2,1799.3141816736936,61.65592127939231,407.91995,0.61375,False,300.78848,122.79793,0.8625,0.1775,typical
1561,724121099,train,1,4,2,1793.0094626852745,55.31920288739983,892.8817,0.88875,False,258.15082,115.572815,0.725,0.15875,typical
1562,261091635,train,1,4,2,1790.898174106567,55.79030011095887,637.85944,0.835,False,304.99677,108.65945,0.86875,0.135,typical
1563,261091632,train,1,4,2,1789.7718668151567,56.043953558604144,2959.6213,0.9975,True,254.72339,101.35962,0.70125,0.10625,typical
1564,261091620,train,1,4,2,1787.4749651898023,61.3675226890284,601.1951,0.8125,False,234.92001,97.1884,0.59875,0.09,typical
1566,261091611,train,1,4,2,1781.4944312429848,63.955851525979746,498.61655,0.72125,False,310.5658,88.89349,0.88375,0.07375,typical
1569,261091614,train,1,4,2,1790.40043009309,73.51135832017017,196.5019,0.19625,False,142.9403,97.441,0.0525,0.09125,typical
1571,261106275,train,1,4,2,1786.0090144431754,82.39353003675869,148.32932,0.08375,False,166.04921,162.63765,0.15875,0.3525,typical
1573,261091594,train,1,4,2,1777.6223265001372,72.13868093096632,399.837,0.6,False,176.43549,157.71509,0.2325,0.33125,typical
1574,261091593,train,1,4,2,1777.5641193293711,74.02819180363825,255.35571,0.335,False,143.34187,124.34959,0.05375,0.18875,typical
1577,261091584,train,1,4,2,1774.9723162877694,77.43006425925851,707.0324,0.86,False,158.73628,126.910126,0.1125,0.205,typical
1583,392013228,train,1,4,2,1856.8225691891878,108.14495100143183,216.80891,0.24375,False,164.01675,124.10169,0.1475,0.185,typical
1584,392013225,train,1,4,2,1852.6320260349169,108.27073496091772,152.16463,0.09125,False,120.13355,127.22149,0.00375,0.20625,typical
1585,392013224,train,1,4,2,1856.7351943155234,113.50230011430821,155.25594,0.09625,False,138.21838,125.48761,0.03625,0.195,typical
1587,392013214,train,1,4,2,1852.587380160887,112.59386770662893,135.45526,0.05125,False,126.06016,123.95627,0.0125,0.18375,typical
1590,392013198,train,1,4,2,1840.096570244363,113.38631312025997,376.6739,0.57125,False,189.7858,115.03861,0.3175,0.155,typical
1591,392025758,train,1,4,2,1860.756329463473,122.2121824800787,116.275154,0.02,False,124.58384,145.25224,0.01,0.2725,typical
1595,392025751,train,1,4,2,1855.8528447046185,121.33647608499744,111.91655,0.01875,False,131.24213,124.82222,0.02125,0.19375,typical
1596,392013203,train,1,4,2,1851.127439341852,121.51522576573676,159.52971,0.10875,False,175.70316,201.02426,0.225,0.5225,typical
1598,392025739,train,1,4,2,1855.6536815713964,129.27442249069682,287.91122,0.405,False,203.85211,167.03539,0.41,0.3775,typical
1599,392025734,train,1,4,2,1850.7034992272104,128.74346068620258,241.69102,0.3075,False,272.13635,146.2911,0.78125,0.27875,typical
1601,392013199,train,1,4,2,1846.1132442930566,119.29236923725452,143.63487,0.07375,False,211.6621,174.8737,0.4625,0.4025,typical
1609,392013182,train,1,4,2,1838.455696842491,127.28275553403869,594.3047,0.80875,False,359.8246,221.57343,0.94375,0.6425,typical
1615,261139617,train,1,4,2,1845.5294710598455,104.514567372356,128.59917,0.03875,False,115.69896,136.01657,0.00125,0.23625,typical
1616,261139614,train,1,4,2,1843.523064971375,106.22152765213805,183.33397,0.15625,False,119.85418,138.49416,0.0025,0.245,typical
1617,261139606,train,1,4,2,1839.919533984347,105.69501706262227,316.59976,0.47625,False,129.30505,154.51865,0.01875,0.315,typical
1619,261139613,train,1,4,2,1838.4057330982196,100.52276127033885,145.35036,0.07625,False,124.56662,143.08398,0.00875,0.265,typical
1624,261139592,train,1,4,2,1829.975320471528,104.50238902444437,757.9131,0.8675,False,181.31796,140.0724,0.26875,0.25375,typical
1627,261139587,train,1,4,2,1826.8789486016371,106.1298348310174,1464.6595,0.975,True,179.33936,241.91423,0.25375,0.71125,typical
1630,261137193,train,1,4,2,1814.4137807688908,104.09906318730503,251.53418,0.32875,False,240.16801,309.6379,0.63,0.88875,typical
1631,261139574,train,1,4,2,1828.732402742006,119.6402460446587,359.81964,0.55125,False,334.3458,310.9299,0.91625,0.89375,typical
1632,261139576,train,1,4,2,1827.3573433123893,117.13953951499549,541.93024,0.77625,False,573.52405,325.25906,0.9875,0.9,physics
1636,261139567,train,1,4,2,1820.9768768219994,117.86421443946695,532.6561,0.765,False,286.77316,411.35907,0.82875,0.955,instrument
1637,261139563,train,1,4,2,1818.9404562416114,117.46017897243061,1030.6927,0.9275,False,309.80502,449.66757,0.88125,0.96625,instrument
1638,261139569,train,1,4,2,1824.2176833571718,121.08052922128793,427.6481,0.64375,False,470.94092,298.2703,0.975,0.86875,physics
1639,261139556,train,1,4,2,1821.579748305048,125.18549876926572,216.83415,0.245,False,339.9781,156.12418,0.9225,0.3225,typical
1642,261139557,train,1,4,2,1814.924139324671,116.14749512626092,176.22008,0.14375,False,262.0357,272.44287,0.7375,0.8225,typical
1646,261139535,train,1,4,2,1804.5898822136505,122.67091632987427,357.6588,0.5475,False,247.10312,116.1946,0.66375,0.16375,typical
1648,392025721,train,1,4,2,1846.7109326922914,138.30615704725815,427.10693,0.64,False,315.1157,385.81064,0.89125,0.93875,typical
1649,392025714,train,1,4,2,1845.8752137080032,140.18621527265788,437.94016,0.66,False,271.10394,433.90454,0.77625,0.9625,instrument
1653,392025709,train,1,4,2,1839.5968438255231,138.5697185882418,588.7069,0.80375,False,345.01587,457.1267,0.92875,0.9675,instrument
1654,392025710,train,1,4,2,1839.6737408319498,138.00307226563666,423.10248,0.635,False,318.92657,471.21732,0.895,0.9725,instrument
1656,392025699,train,1,4,2,1839.375646597924,146.96059453176005,179.13667,0.15375,False,220.95103,270.9241,0.52,0.82,typical
1657,392025700,train,1,4,2,1837.700227160074,144.30370754142857,368.76645,0.5625,False,491.76935,361.30908,0.97625,0.92625,physics
1659,392013173,train,1,4,2,1836.2007823036563,134.24453132956316,426.97382,0.63875,False,436.3681,466.73526,0.9675,0.97,both
1660,392013164,train,1,4,2,1832.133446453228,137.44196246203322,279.9456,0.38625,False,439.84537,530.04297,0.97125,0.9825,both
1661,392013166,train,1,4,2,1828.1502483959173,131.06857024151657,273.06152,0.36625,False,271.26468,177.55685,0.7775,0.41375,typical
1663,392013158,train,1,4,2,1827.5220612001485,140.38504086449677,221.09496,0.25375,False,343.37097,230.19365,0.925,0.6725,typical
1666,392013147,train,1,4,2,1821.5970790642232,138.39979101149018,222.39484,0.25875,False,306.41162,232.90755,0.87375,0.68,typical
1668,392013131,train,1,4,2,1816.06897409338,141.10788344825613,351.63535,0.5375,False,309.0249,272.8439,0.8775,0.82375,typical
1672,392025683,train,1,4,2,1833.9756327612793,150.91571442468677,139.00691,0.06375,False,140.45038,106.54585,0.04375,0.13,typical
1677,392025673,train,1,4,2,1823.996697259756,150.9220752154507,143.4892,0.0725,False,188.61186,90.09061,0.31125,0.075,typical
1678,392025675,train,1,4,2,1824.2985059729742,147.95111718792236,814.52997,0.8725,False,268.612,78.127106,0.7625,0.05,typical
1681,392025663,train,1,4,2,1824.9339673195573,158.92365131842533,136.24588,0.05375,False,165.30048,137.75774,0.15625,0.24,typical
1688,392013110,train,1,4,2,1807.9274246903778,152.73617619494922,161.43625,0.11375,False,168.34883,104.10496,0.18,0.11875,typical
1689,392013106,train,1,4,2,1806.1295062295849,153.32429535870745,153.3421,0.09375,False,178.94518,96.750084,0.25125,0.085,typical
1692,724121845,train,1,4,2,1799.836433191107,153.100123650816,195.82764,0.19375,False,285.28574,79.81703,0.8225,0.05125,typical
1693,392013152,train,1,4,2,1818.4794636161482,133.49771463199926,241.5187,0.305,False,254.04189,190.40227,0.6975,0.4575,typical
1700,392013126,train,1,4,2,1810.8502169469064,139.29550539001048,318.01556,0.48125,False,243.93909,204.05565,0.65125,0.54125,typical
1703,261139505,train,1,4,2,1799.4055417465654,135.2319126973024,404.0867,0.60875,False,122.052925,74.781296,0.005,0.045,typical
1704,261139532,train,1,4,2,1802.2441863978142,123.82825199731137,388.83524,0.58875,False,239.52899,100.47247,0.62375,0.1,typical
1708,261137151,train,1,4,2,1795.4752255401627,120.66211295594083,319.6647,0.48875,False,149.60384,68.47489,0.07625,0.02875,typical
1717,261139497,train,1,4,2,1791.0465370190154,132.6405843318492,325.02533,0.505,False,135.2823,219.05829,0.0275,0.62125,typical
1718,392013118,train,1,4,2,1807.5792037805759,141.02524188668346,355.56485,0.5425,False,240.89131,268.10257,0.63875,0.80875,typical
1721,261139488,train,1,4,2,1792.4566068085364,143.03740514925275,528.1335,0.75875,False,150.33122,138.13675,0.07875,0.24375,typical
1722,261139493,train,1,4,2,1791.7882401271588,136.19622692779976,366.23154,0.5575,False,130.30103,185.92226,0.02,0.43625,typical
1731,724122057,train,1,4,2,1809.6328627211255,99.92349885188003,621.7967,0.8225,False,263.56302,143.9321,0.745,0.2675,typical
1732,261108611,train,1,4,2,1808.2491571878093,93.94044706302459,1176.1415,0.9475,False,206.5296,160.43721,0.4275,0.34625,typical
1733,261108600,train,1,4,2,1803.7016854860676,97.52202580655877,182.88931,0.155,False,229.68326,65.11645,0.56875,0.02125,typical
1736,261108589,train,1,4,2,1798.1513613548234,103.31881352876756,297.01505,0.42375,False,170.92245,71.38219,0.20125,0.0375,typical
1738,261106276,train,1,4,2,1791.8290054874126,89.48047164754882,148.8342,0.085,False,161.17186,138.98703,0.12625,0.2475,typical
1741,261106280,train,1,4,2,1796.1286531560388,92.58671748188472,150.83429,0.0875,False,177.75053,145.96019,0.24,0.275,typical
1744,261108581,train,1,4,2,1790.9438999646602,101.64427291584104,245.82545,0.31125,False,188.37479,151.40752,0.31,0.30375,typical
1746,261106260,train,1,4,2,1781.8562516728248,99.45180043750901,232.47452,0.28125,False,207.11053,350.19138,0.43125,0.91875,typical
1748,261137167,train,1,4,2,1801.2241317887292,107.71324380254272,216.66745,0.2425,False,241.22824,48.187016,0.64,0.0025,typical
1756,261137152,train,1,4,2,1791.0927510948904,114.01874235775551,4064.198,0.99875,True,183.9451,81.49761,0.28375,0.055,typical
1761,261106254,train,1,4,2,1780.2333852594509,100.47796007899754,220.20042,0.25125,False,232.43597,296.59988,0.5825,0.86625,typical
1762,261108568,train,1,4,2,1780.8752022283454,101.239349434829,174.73672,0.14125,False,180.63446,348.84842,0.2625,0.9175,typical
1764,261108556,train,1,4,2,1779.8865215687124,104.38975805544639,309.8169,0.45875,False,206.07437,292.46072,0.425,0.8575,typical
1765,261108546,train,1,4,2,1781.9721874196248,111.61160736810862,288.28482,0.40625,False,164.86679,215.76978,0.15375,0.60625,typical
1770,261106270,train,1,4,2,1780.6994423541323,86.89268041963459,144.24844,0.075,False,199.82204,190.47621,0.38,0.45875,typical
1774,261106240,train,1,4,2,1768.7403252398476,96.24826110406791,173.82895,0.13875,False,215.76204,149.72926,0.48125,0.2925,typical
1775,261091564,train,1,4,2,1767.3281314277804,87.08248603772044,917.978,0.89375,False,286.92618,205.7668,0.83125,0.55375,typical
1776,261091566,train,1,4,2,1769.1069907586643,87.92623212919982,2842.4058,0.99625,True,140.57895,151.80077,0.04625,0.305,typical
1781,261106231,train,1,4,2,1768.3221686718086,103.00621834725372,135.55818,0.0525,False,167.25517,190.86281,0.16875,0.4625,typical
1785,261106213,train,1,4,2,1759.781646861248,108.15207967928251,403.87775,0.6075,False,178.89566,72.79504,0.25,0.04,typical
1787,261106212,train,1,4,2,1760.1461682408756,108.89225457569978,188.35126,0.17,False,185.47467,56.703632,0.29125,0.00875,typical
1789,724122387,train,1,4,2,1757.4875100481916,108.194480488675,597.7858,0.81,False,145.65674,61.340187,0.0575,0.01375,typical
1793,261091544,train,1,4,2,1756.586358535935,97.43927780841584,141.17764,0.0675,False,157.91629,124.550934,0.11,0.19,typical
1794,261091539,train,1,4,2,1754.5422262906097,100.61788905262712,139.89343,0.065,False,149.25739,84.77891,0.075,0.06875,typical
1795,261091538,train,1,4,2,1748.8362704222902,95.53514078742865,196.67679,0.1975,False,196.09145,114.47274,0.3575,0.15375,typical
1799,261091533,train,1,4,2,1751.8848591620226,102.60102480049862,132.41687,0.045,False,142.35054,87.86407,0.05125,0.0725,typical
1801,261106195,train,1,4,2,1753.8899715959149,106.94942414498547,874.9903,0.88375,False,127.98663,63.137665,0.015,0.01875,typical
1809,261108541,train,1,4,2,1781.2532234997018,116.98594134194731,232.31006,0.27625,False,155.55002,277.77313,0.10125,0.8325,typical
1811,261108529,train,1,4,2,1777.341476030175,122.87531051084098,216.26439,0.24125,False,140.46542,235.7789,0.045,0.69625,typical
1822,261108524,train,1,4,2,1766.851904295985,113.02450265076749,159.30022,0.1075,False,179.71788,169.67126,0.25625,0.385,typical
1826,261108520,train,1,4,2,1765.941742874652,116.65859088803947,132.48647,0.04625,False,215.55183,274.41925,0.47625,0.82625,typical
1827,261108513,train,1,4,2,1767.4498976467034,122.09263419770404,137.2232,0.0575,False,184.2731,223.73846,0.285,0.65125,typical
1832,261137094,train,1,4,2,1780.5136308757435,134.2108394567496,275.5877,0.37375,False,133.61723,196.05968,0.025,0.49375,typical
1833,261137091,train,1,4,2,1776.3842377854933,132.4786156329447,207.53833,0.22375,False,138.58861,201.78564,0.0375,0.52625,typical
1836,261137067,train,1,4,2,1764.547146692004,141.06692592112745,1189.1505,0.95,True,388.28394,61.13165,0.95375,0.0125,physics
1837,261137053,train,1,4,2,1758.322162610884,141.2793956284853,2453.1565,0.995,True,373.38165,64.08424,0.94875,0.02,typical
1838,261108497,train,1,4,2,1764.6546153332004,133.04007915377787,157.62254,0.105,False,176.04482,109.69055,0.2275,0.14,typical
1841,261108474,train,1,4,2,1752.6485141223573,133.83370512810416,2102.0515,0.98875,True,167.9862,180.76909,0.17625,0.4225,typical
1842,261108470,train,1,4,2,1750.517375664917,135.3023847862189,1121.1006,0.93875,False,495.71915,132.33698,0.9775,0.225,physics
1845,261106210,train,1,4,2,1761.001336107951,111.06737106773863,1247.0681,0.96375,True,148.12718,84.776054,0.06875,0.0675,typical
1846,261106200,train,1,4,2,1760.8263480213552,114.00576073964805,162.08789,0.115,False,161.66403,122.91568,0.12875,0.17875,typical
1847,261106199,train,1,4,2,1757.6715756748242,109.8457637934899,306.88757,0.45375,False,257.5529,67.94398,0.71875,0.02625,typical
1848,261106194,train,1,4,2,1756.6074552372086,112.51968829932906,685.61334,0.85625,False,168.09743,90.4929,0.17875,0.07625,typical
1850,261106173,train,1,4,2,1750.8107480055983,115.61596386086961,333.5359,0.5175,False,181.3856,72.28647,0.27,0.03875,typical
1851,261106187,train,1,4,2,1758.2328702237232,118.44153659135841,212.3794,0.2325,False,162.94734,144.52197,0.13375,0.27,typical
1854,261106177,train,1,4,2,1748.255535006224,110.43746078128811,592.33813,0.8075,False,186.89294,62.521606,0.3025,0.0175,typical
1855,261091518,train,1,4,2,1742.5709865681092,106.18036606619816,402.8769,0.60625,False,194.70033,117.57414,0.3475,0.16625,typical
1857,261091503,train,1,4,2,1735.5402909707873,111.06913598582551,584.5894,0.79875,False,240.35582,163.64201,0.6325,0.35875,typical
1860,261108473,train,1,4,2,1748.1869049493414,128.15819754814746,312.39905,0.465,False,442.45126,129.24619,0.9725,0.21,physics
1861,261106141,train,1,4,2,1744.0945155825068,128.97799801411617,434.3313,0.6525,False,426.40976,170.1428,0.965,0.38625,physics
1865,261108459,train,1,4,2,1742.197202310483,134.73898247937933,308.56793,0.45625,False,188.8501,131.33218,0.31375,0.22,typical
1869,261106126,train,1,4,2,1732.0478217029702,126.03244359079795,299.39313,0.43625,False,157.89497,176.10614,0.1075,0.40875,typical
1872,261091471,train,1,4,2,1725.745769075408,121.19207743666792,389.22607,0.59,False,169.16684,165.8704,0.18625,0.37,typical
1873,261106123,train,1,4,2,1731.6158813136701,127.07468561329303,312.463,0.46625,False,190.36047,164.84462,0.32125,0.3675,typical
1874,261106121,train,1,4,2,1729.3272618859655,127.35060584328457,462.73938,0.69125,False,165.83908,175.05983,0.1575,0.405,typical
1876,261106114,train,1,4,2,1723.7181585607543,127.09521488407769,367.25964,0.56,False,184.47739,163.36845,0.28625,0.3575,typical
1879,261259854,train,1,4,2,1946.1474343860323,188.49651285741348,407.60202,0.6125,False,284.60403,83.918396,0.82,0.065,typical
1881,261259845,train,1,4,2,1939.6893862630404,188.35619663974796,151.90176,0.08875,False,218.18953,80.86613,0.5025,0.05375,typical
1884,261259836,train,1,4,2,1936.4223615114367,193.82274196659424,722.6598,0.8625,False,210.43477,114.19616,0.45125,0.1525,typical
1886,261259838,train,1,4,2,1938.3576013820511,194.21944709737033,1359.3083,0.97375,True,225.96289,116.13245,0.54875,0.1625,typical
1887,261259833,train,1,4,2,1936.7669679102498,196.38323363998796,337.40475,0.5225,False,235.73227,124.791504,0.60375,0.19125,typical
1888,261259822,train,1,4,2,1930.6471371102193,195.92795756703674,662.05383,0.8475,False,228.37944,148.27997,0.5625,0.2875,typical
1892,261257223,train,1,4,2,1926.931830832101,191.05367000795917,1227.9865,0.9575,True,265.0672,199.57738,0.7525,0.51375,typical
1895,261257235,train,1,4,2,1928.0560298559262,186.5559484284842,1672.9731,0.98,True,257.60135,94.53804,0.72125,0.0825,typical
1896,261257221,train,1,4,2,1923.9027322928268,188.42518576624366,1000.4721,0.91375,False,234.45926,221.94542,0.59625,0.645,typical
1900,261257215,train,1,4,2,1923.22249498759,191.88135403285855,1963.6453,0.98375,True,235.19711,147.72978,0.60125,0.285,typical
1902,261257204,train,1,4,2,1913.6915841452917,189.61772058627227,958.8128,0.90375,False,195.18198,218.75449,0.35125,0.6175,typical
1903,261257206,train,1,4,2,1915.9707587883904,191.02575132834687,1234.4929,0.96125,True,170.72571,286.32095,0.1975,0.845,typical
1904,261257202,train,1,4,2,1912.4051013107883,188.3265707034643,573.5225,0.795,False,190.72784,218.06212,0.3225,0.615,typical
1907,261257194,train,1,4,2,1911.8177896049008,192.6887355542656,610.1946,0.815,False,229.4706,212.404,0.56625,0.5925,typical
1908,261259819,train,1,4,2,1931.7742464080843,200.2585390769911,893.6332,0.89,False,232.17047,176.82516,0.57875,0.41,typical
1909,261259815,train,1,4,2,1927.885875489135,198.88538519611433,920.21436,0.895,False,338.77515,154.15617,0.92125,0.31375,typical
1914,261259802,train,1,4,2,1926.7847899762937,205.61212992182192,1102.1206,0.935,False,268.7749,157.51318,0.76375,0.32875,typical
1915,261259773,train,1,4,2,1913.6218924952714,209.54779371610118,1281.4204,0.9675,True,439.4635,158.3988,0.97,0.335,physics
1918,261257186,train,1,4,2,1910.4502456802936,197.85297709648617,1254.1215,0.965,True,247.14604,173.5392,0.665,0.39875,typical
1919,261257187,train,1,4,2,1911.8653183400768,198.39777176365558,316.36465,0.475,False,263.57816,209.61256,0.74625,0.57625,typical
1920,261257185,train,1,4,2,1910.6057891256592,198.84321914784948,1002.9926,0.915,False,236.54959,161.14957,0.615,0.34875,typical
1926,261257162,train,1,4,2,1901.5398425184244,206.2922994338713,344.4215,0.52625,False,255.16414,276.27643,0.7025,0.82875,typical
1928,261257165,train,1,4,2,1899.5178514704176,202.04535714357138,295.4339,0.41875,False,210.11006,264.78116,0.45,0.795,typical
1930,261238733,train,1,4,2,1907.936111127217,186.11255765962414,386.6564,0.58375,False,217.2318,217.05902,0.495,0.6125,typical
1932,261238745,train,1,4,2,1908.8029121794807,180.1457893753638,971.82623,0.90625,False,218.57695,194.05942,0.50625,0.47625,typical
1934,261238728,train,1,4,2,1904.1051621956956,183.72569357252146,565.9281,0.79,False,211.0025,211.95229,0.455,0.59125,typical
1939,261238720,train,1,4,2,1898.0835590805718,184.48871531349624,347.94452,0.53375,False,279.39505,253.16399,0.8025,0.76375,typical
1940,261238710,train,1,4,2,1895.0265960910158,186.76550343185073,610.49036,0.81625,False,251.1804,207.91707,0.6875,0.56375,typical
1942,261238723,train,1,4,2,1897.7067994381814,181.82891291440885,1229.729,0.96,True,215.98604,221.16302,0.4825,0.6375,typical
1946,261236044,train,1,4,2,1883.2584384382637,181.36500565137698,1347.8192,0.9725,True,352.391,124.264404,0.9375,0.18625,typical
1947,261238709,train,1,4,2,1901.0580100383079,194.36379862648914,434.71835,0.655,False,267.91693,248.81723,0.76125,0.735,typical
1948,261238707,train,1,4,2,1893.4866632367127,192.15261668602608,392.50854,0.59375,False,280.34985,222.19148,0.805,0.64625,typical
1950,261238695,train,1,4,2,1888.2741501511462,196.4961615704368,414.80347,0.625,False,215.47128,210.04271,0.475,0.58125,typical
1954,261238687,train,1,4,2,1888.724610056197,203.51921899673187,455.70364,0.68375,False,201.48405,245.10204,0.395,0.72375,typical
1955,261238691,train,1,4,2,1888.288024411366,199.898767499666,580.0435,0.79625,False,175.50682,190.92119,0.22375,0.46375,typical
1957,261238680,train,1,4,2,1881.6281029914571,199.10247987381072,1183.4393,0.94875,False,227.52103,219.51277,0.555,0.62625,typical
1958,261238681,train,1,4,2,1882.3133717632004,199.79686102006983,1112.1567,0.9375,False,261.7549,267.5685,0.735,0.80625,typical
1964,261238673,train,1,4,2,1879.0806392028048,198.51049028377497,537.8407,0.77375,False,218.33896,138.70253,0.50375,0.24625,typical
1965,261236014,train,1,4,2,1876.1277490303764,196.38671785648066,155.6182,0.0975,False,224.67809,158.11626,0.5375,0.33375,typical
1969,261259775,train,1,4,2,1918.7295381633467,213.86821019559315,567.7222,0.79125,False,273.3018,156.86575,0.7875,0.3275,typical
1971,261259765,train,1,4,2,1912.444812542867,211.581667945498,871.0157,0.88125,False,257.83734,150.01685,0.7225,0.295,typical
1976,261259740,train,1,4,2,1901.5388703676774,222.2086431136726,972.5826,0.9075,False,153.17651,268.06876,0.0875,0.8075,typical
1980,261257157,train,1,4,2,1899.874347648784,207.77289621600042,246.7581,0.31375,False,211.3411,253.6717,0.45875,0.765,typical
1983,261257150,train,1,4,2,1892.6017230734124,208.66584058600327,272.6844,0.36375,False,185.6736,329.20636,0.29375,0.905,typical
1985,261257132,train,1,4,2,1890.4516057146438,219.52066240548734,297.66476,0.4275,False,177.78766,260.95963,0.24125,0.78875,typical
4,261257633,val,1,4,2,2084.047021379247,25.733490690199776,539.53687,0.775,False,241.84387,267.99887,0.6425,0.80625,typical
13,261236559,val,1,4,2,2070.9741363494413,2.69714942997367,631.21814,0.82625,False,305.64337,228.89648,0.87,0.67,typical
24,261236522,val,1,4,2,2065.750388710865,22.912803149885256,557.454,0.78375,False,205.65247,236.51369,0.4225,0.6975,typical
28,261236529,val,1,4,2,2061.9102971778993,13.207875755948344,564.96545,0.78875,False,192.455,161.79684,0.33,0.34875,typical
35,261236515,val,1,4,2,2058.634205819572,18.885643664324185,532.6546,0.76375,False,219.15326,94.28549,0.50875,0.08125,typical
38,261236512,val,1,4,2,2056.385425489136,17.537040043311922,389.34552,0.59,False,294.45905,148.88914,0.8475,0.28875,typical
89,261260243,val,1,4,2,2084.6309168003518,43.245799923001485,626.7207,0.82375,False,273.22046,222.03697,0.78625,0.645,typical
112,261260219,val,1,4,2,2079.4142373561785,57.659367397715044,265.81577,0.35,False,261.69434,115.23285,0.73375,0.1575,typical
166,261206832,val,1,4,2,2036.427816439916,32.489488712599496,364.1605,0.55375,False,325.88397,64.32088,0.90625,0.02,typical
207,261257494,val,1,4,2,2037.498654378329,82.93651855250818,148.8437,0.085,False,179.09763,233.61728,0.25125,0.6825,typical
222,261236416,val,1,4,2,2027.3670133070218,58.46925957320365,123.66655,0.0275,False,253.40607,173.40555,0.68875,0.3975,typical
226,261236410,val,1,4,2,2018.4811525133719,51.30406226426202,338.53024,0.52375,False,338.94022,177.98401,0.92125,0.41375,typical
246,261236366,val,1,4,2,2010.763742715673,72.88345503643113,430.99484,0.64625,False,385.71762,310.6147,0.95125,0.8925,physics
291,261204361,val,1,4,2,1998.4736063485764,43.35170897764654,165.29025,0.12125,False,152.66481,79.45754,0.08625,0.05,typical
299,261156542,val,1,4,2,2003.195265354872,18.91871944884612,211.82996,0.23125,False,152.81152,41.132835,0.08625,0.0,typical
323,261156485,val,1,4,2,1976.120462938807,34.57467779232931,277.56854,0.375,False,177.69122,174.65242,0.23875,0.4,typical
334,392025971,val,1,4,2,1958.8058663230956,33.678392885130606,247.99506,0.3175,False,264.1438,141.0449,0.7475,0.25375,typical
336,261206789,val,1,4,2,2002.9590785450864,45.890370850864535,115.69907,0.01875,False,167.78233,106.67227,0.175,0.13,typical
352,261206748,val,1,4,2,1988.670748559962,65.74234549283156,374.38107,0.56625,False,564.57056,207.95709,0.98625,0.56375,physics
362,261204288,val,1,4,2,1969.8343271737176,63.838145774391094,374.6273,0.5675,False,366.95352,291.11966,0.9475,0.85625,typical
383,261156438,val,1,4,2,1957.7269065383643,48.71135280058779,332.5606,0.51375,False,379.6007,190.65858,0.94875,0.46125,typical
411,392013450,val,1,4,2,1958.8854947212606,14.299956873051636,489.4176,0.71,False,188.5163,166.42188,0.31,0.37,typical
424,392025983,val,1,4,2,1964.4767755352448,25.572706070879747,269.7962,0.35625,False,180.67416,166.24232,0.2625,0.37,typical
431,392013413,val,1,4,2,1943.005375676558,26.150951895717352,168.68744,0.125,False,233.6019,139.57164,0.58875,0.24875,typical
503,261137409,val,1,4,2,1910.1275463966467,26.19893920551701,368.04218,0.56,False,333.46527,123.01545,0.915,0.17875,typical
506,261137401,val,1,4,2,1904.9464958909543,26.10287441769588,483.98547,0.70875,False,324.7122,106.6795,0.90625,0.13,typical
558,261106446,val,1,4,2,1864.086907720792,23.021231476666262,628.9809,0.825,False,320.08218,79.85601,0.8975,0.05125,typical
563,261108774,val,1,4,2,1870.9194434633425,32.97037692861334,287.89963,0.40375,False,169.71533,58.392677,0.19125,0.00875,typical
632,261089291,val,1,4,2,1811.9993493392813,23.255091473488637,1598.7037,0.9775,True,218.18445,66.96493,0.50125,0.02375,typical
643,261063067,val,1,4,2,1801.879503839274,21.453104186277688,1022.8918,0.9225,False,274.83344,92.41298,0.79,0.0775,typical
645,261063060,val,1,4,2,1798.6078775063272,21.70151585636921,357.69388,0.5475,False,206.75966,68.90361,0.42875,0.03,typical
675,391950148,val,1,4,2,1755.4174250198255,5.5191237584991875,196.50862,0.19625,False,253.04921,79.50128,0.68875,0.05,typical
682,261260116,val,1,4,2,2032.3648279153488,96.55836954597038,136.41507,0.05375,False,251.96971,227.8625,0.6875,0.6625,typical
688,261257485,val,1,4,2,2030.5122028595536,85.02318184263561,131.72662,0.0425,False,317.714,267.0931,0.8925,0.80125,typical
695,261257454,val,1,4,2,2012.6730697096625,92.60465531902847,573.426,0.79375,False,281.17755,382.71402,0.81,0.935,typical
702,261260092,val,1,4,2,2021.271337656383,107.95711511223017,289.75912,0.41,False,268.70477,198.68791,0.7625,0.50875,typical
711,261257443,val,1,4,2,2009.766598825399,97.82393114938513,583.5931,0.7975,False,287.81082,250.63666,0.8325,0.7425,typical
720,261239004,val,1,4,2,2005.125454664382,91.27778499811137,257.05505,0.33875,False,397.35568,279.32043,0.955,0.83375,physics
721,261239008,val,1,4,2,2002.7907845134068,84.77766594930048,335.51303,0.52,False,323.29642,297.16965,0.89875,0.86625,typical
733,261236327,val,1,4,2,1991.3576946575974,87.1848133372848,252.60992,0.33,False,211.20343,424.8959,0.455,0.95875,instrument
764,261257422,val,1,4,2,1999.3297899015263,110.65303216826737,271.5957,0.35875,False,237.44273,181.09209,0.61625,0.4225,typical
786,261257395,val,1,4,2,1984.8243378203333,123.22199509452312,214.70917,0.235,False,234.61604,287.05545,0.59625,0.85,typical
791,261238939,val,1,4,2,1982.6054932055117,109.81214431684282,301.29883,0.44,False,205.61893,257.22208,0.4225,0.7775,typical
798,261238920,val,1,4,2,1972.7991811027473,115.37582360417696,304.69235,0.44375,False,227.23608,256.4581,0.55125,0.775,typical
838,261206705,val,1,4,2,1971.505726585498,78.10014233094452,267.48697,0.3525,False,211.88544,344.35236,0.4625,0.91375,typical
848,261206691,val,1,4,2,1964.2391907423785,80.31230447933547,311.2558,0.46375,False,172.67384,187.33063,0.2075,0.4425,typical
856,261206678,val,1,4,2,1960.0342954480554,84.12753738672453,287.30063,0.4025,False,156.64746,146.4701,0.10375,0.28125,typical
862,261204227,val,1,4,2,1941.4336910207908,90.16429590999616,449.16656,0.67625,False,178.94095,240.79482,0.25,0.70625,typical
895,392025867,val,1,4,2,1922.2460713170053,77.76955238354142,384.39197,0.57875,False,179.83646,225.53326,0.25625,0.66125,typical
903,261206647,val,1,4,2,1954.446774673684,99.56677418976386,223.69806,0.2625,False,235.52623,215.40567,0.6025,0.605,typical
906,261206643,val,1,4,2,1954.1516641087883,101.83634926136756,199.18875,0.1975,False,216.36017,233.10689,0.485,0.68125,typical
907,261206646,val,1,4,2,1951.4315390962593,97.1339082789041,161.86884,0.11375,False,210.65599,215.98917,0.45125,0.6075,typical
918,261204210,val,1,4,2,1935.3477378290245,97.0247326984636,338.877,0.52375,False,206.08372,203.19666,0.425,0.53375,typical
922,261204197,val,1,4,2,1930.6291690206335,102.25382733908953,195.84668,0.19375,False,324.35327,93.09921,0.9025,0.07875,typical
939,261204183,val,1,4,2,1923.0330116004757,106.54086404600395,602.48083,0.8125,False,259.34305,195.23021,0.725,0.48625,typical
994,261259955,val,1,4,2,1971.2707356626875,160.3021627421197,160.08423,0.10875,False,236.08495,167.10103,0.6075,0.3775,typical
1004,261238843,val,1,4,2,1949.5730748154613,151.00487617501176,202.0632,0.205,False,380.9878,174.58246,0.94875,0.4,typical
1099,261236132,val,1,4,2,1911.8295819325933,152.93358400614565,317.24887,0.4775,False,240.87437,108.81694,0.6375,0.135,typical
1102,261236127,val,1,4,2,1913.9539284528125,158.02788256390437,678.68134,0.8525,False,226.2538,189.70697,0.54875,0.455,typical
1111,261238766,val,1,4,2,1919.4131095131731,169.98034763197438,678.5124,0.8525,False,245.84715,170.25534,0.65875,0.3875,typical
1125,261238736,val,1,4,2,1901.9116983818774,176.8191473250802,675.78516,0.8525,False,188.90033,133.94646,0.31375,0.23,typical
1126,261236076,val,1,4,2,1897.6993524348413,171.38556142728305,481.8111,0.70875,False,214.39839,158.30998,0.46875,0.33375,typical
1132,261206576,val,1,4,2,1929.2206136486125,122.34141712322094,991.9205,0.9125,False,267.52774,141.93562,0.76,0.26,typical
1135,261206558,val,1,4,2,1921.6283895965296,127.3025655865929,1457.1633,0.97375,True,305.6993,114.796,0.87,0.15375,typical
1230,261206475,val,1,4,2,1887.3325191483389,160.84165991221178,1256.2277,0.965,True,349.72406,172.63632,0.9325,0.39375,typical
1264,261156162,val,1,4,2,1852.135236464122,148.70832999374522,131.7873,0.0425,False,188.82425,146.03964,0.3125,0.27625,typical
1270,261156148,val,1,4,2,1852.908316100827,157.7455949469926,112.112686,0.01875,False,232.50983,104.420944,0.5825,0.12,typical
1316,392025848,val,1,4,2,1906.5472689547537,76.96802459103955,156.45291,0.09875,False,270.33362,72.22862,0.77,0.0375,typical
1322,261139704,val,1,4,2,1885.5423738364543,69.47778930955855,589.5684,0.805,False,316.64835,65.87788,0.8925,0.02375,typical
1406,261139659,val,1,4,2,1859.499431887144,83.07727161543754,230.38565,0.27375,False,190.24133,191.67542,0.32,0.4675,typical
1408,261137270,val,1,4,2,1852.9285662757877,75.84080390889054,235.55478,0.2875,False,202.69516,152.1085,0.40375,0.305,typical
1411,261137275,val,1,4,2,1850.6123470921834,72.34319477254962,201.3077,0.2025,False,192.0087,162.4161,0.33,0.35125,typical
1417,261139639,val,1,4,2,1849.9709975613234,89.0164853364318,216.12167,0.24,False,200.78427,147.37192,0.38625,0.28375,typical
1423,261139620,val,1,4,2,1843.9491995486096,94.55925977780213,183.52435,0.15625,False,147.40332,120.07338,0.06375,0.17125,typical
1425,261139629,val,1,4,2,1845.761642047747,88.58177187555182,620.51733,0.82125,False,322.2055,185.8036,0.8975,0.43375,typical
1465,261106371,val,1,4,2,1832.2660613671699,56.17991676311738,340.50638,0.52375,False,243.10234,169.4715,0.645,0.3825,typical
1478,261091716,val,1,4,2,1826.0519771929603,41.04877810191918,851.29364,0.8775,False,281.69357,111.99099,0.81,0.1425,typical
1515,261137242,val,1,4,2,1834.4292838355657,80.11046373319361,270.4628,0.3575,False,242.98183,156.32327,0.64375,0.3225,typical
1559,261091652,val,1,4,2,1800.159580123,57.500458198376435,251.34352,0.3275,False,338.6078,77.36627,0.92,0.0475,typical
1567,261106305,val,1,4,2,1800.0903585577473,77.04634492718058,229.96039,0.2725,False,225.00699,81.85011,0.5375,0.05625,typical
1603,392013192,val,1,4,2,1842.6400906618665,120.01081598906748,355.58517,0.5425,False,242.64629,56.73598,0.64375,0.00875,typical
1605,392013187,val,1,4,2,1836.2438777416917,120.62907414236574,927.55835,0.8975,False,270.68134,49.60264,0.77125,0.00375,typical
1690,392013107,val,1,4,2,1806.476948841084,153.3838573267741,152.52988,0.09125,False,180.61159,85.57178,0.26125,0.06875,typical
1712,261139518,val,1,4,2,1800.2324302189902,129.81429133002248,440.2103,0.665,False,212.36984,105.85048,0.4625,0.125,typical
1713,261139519,val,1,4,2,1801.3161971901277,130.79237369611147,415.13766,0.62625,False,216.65997,106.29222,0.4875,0.12875,typical
1727,261137093,val,1,4,2,1782.9832888091607,137.7499346342882,300.48843,0.44,False,145.02501,114.84749,0.05375,0.15375,typical
1747,261137168,val,1,4,2,1804.3452077989793,109.96264603673795,248.73613,0.31875,False,247.44556,58.889828,0.6675,0.01,typical
1759,261108562,val,1,4,2,1782.7258060501747,106.31602177523993,283.69034,0.39125,False,194.46698,80.078766,0.345,0.05125,typical
1796,261106216,val,1,4,2,1757.1851072554662,101.61543286544652,288.14,0.405,False,158.85196,72.371254,0.1125,0.03875,typical
1808,261137134,val,1,4,2,1784.508242795941,119.3811791905344,327.819,0.5075,False,163.47754,92.71266,0.14125,0.0775,typical
1849,261106183,val,1,4,2,1754.1675099772078,114.71332268102752,214.48447,0.23375,False,162.86636,121.6168,0.1325,0.175,typical
1858,261106146,val,1,4,2,1740.3622775416318,120.12294812599194,239.69681,0.295,False,401.88013,87.46883,0.95875,0.07125,physics
1880,261259844,val,1,4,2,1939.368944670673,188.321961368833,130.06381,0.0425,False,206.44781,138.1342,0.42625,0.2425,typical
1883,261259839,val,1,4,2,1939.2122528415887,194.2592854738649,811.55164,0.87,False,229.54347,70.93278,0.5675,0.035,typical
1929,261257163,val,1,4,2,1900.8175374175808,205.39034653880628,256.12473,0.33875,False,310.52615,200.00851,0.8825,0.515,typical
1956,261238689,val,1,4,2,1886.1332937102973,198.88804136113336,634.4263,0.83,False,188.25366,189.95586,0.30875,0.45625,typical
1961,261236025,val,1,4,2,1880.6522777963821,195.52103685575065,688.673,0.85625,False,348.4984,235.04362,0.9325,0.69125,typical
1966,261236013,val,1,4,2,1876.0887623190767,197.36626430469616,177.54433,0.14875,False,188.77019,176.06503,0.3125,0.4075,typical
1967,261238670,val,1,4,2,1877.027250010767,200.22278365288054,170.2781,0.125,False,171.50151,184.34447,0.20125,0.4275,typical
1981,261257156,val,1,4,2,1900.0583455199442,208.28576258302408,259.8659,0.34,False,211.55266,208.87456,0.46,0.57,typical
6,261236568,test,1,4,2,2081.8255766487528,4.8608923582757235,610.72064,0.81625,False,258.9736,236.80374,0.725,0.6975,typical
12,261236555,test,1,4,2,2070.6398080229956,4.011486390785272,601.86,0.8125,False,306.58395,158.0014,0.87375,0.3325,typical
26,261239166,test,1,4,2,2065.5067586819196,23.616481544758958,516.9524,0.74375,False,253.93724,186.26617,0.695,0.4375,typical
49,261206874,test,1,4,2,2049.9956330979026,13.391027909439629,537.09796,0.7725,False,238.1682,88.23158,0.61875,0.0725,typical
67,261204438,test,1,4,2,2021.9990643738722,13.969770127222116,190.34586,0.17875,False,329.19037,70.647705,0.9075,0.035,typical
71,261156580,test,1,4,2,2018.6159082202328,3.7583694003079753,452.58893,0.67875,False,297.15463,64.08505,0.85625,0.02,typical
97,261257595,test,1,4,2,2075.8353919573083,42.370911104608666,409.53928,0.615,False,266.3598,226.58104,0.75625,0.6625,typical
122,261257569,test,1,4,2,2065.558393303748,51.89090514015527,346.77026,0.53125,False,275.56937,141.73016,0.79,0.26,typical
143,261239131,test,1,4,2,2059.753314909485,39.74808169789364,245.15942,0.31,False,224.38107,189.48488,0.53375,0.455,typical
175,261239098,test,1,4,2,2038.6274360200666,48.91965415899003,121.830536,0.02625,False,249.97327,202.46938,0.6825,0.52875,typical
176,261236461,test,1,4,2,2039.945546821878,40.59931260680968,265.16687,0.34875,False,304.59665,147.16623,0.8675,0.2825,typical
177,261236462,test,1,4,2,2040.9039538407867,41.00228488568143,272.86566,0.365,False,297.4063,146.71875,0.8575,0.2825,typical
194,261257531,test,1,4,2,2045.6406749682244,60.63910293365708,114.8453,0.01875,False,292.07663,189.56818,0.83875,0.455,typical
212,261257489,test,1,4,2,2026.8422028093314,78.54075869572269,159.48901,0.1075,False,257.3625,330.19458,0.7175,0.90875,typical
216,261239084,test,1,4,2,2032.803986053185,56.60927115641621,113.735855,0.01875,False,298.42502,237.63943,0.86,0.69875,typical
248,261239023,test,1,4,2,2009.6927866318326,76.68372967096198,363.79034,0.5525,False,352.19012,252.61108,0.93625,0.7625,typical
267,261204416,test,1,4,2,2013.598219580924,21.154503017248047,166.28831,0.12375,False,280.39398,85.30713,0.805,0.06875,typical
268,261204413,test,1,4,2,2012.5933164557596,22.900332312278934,171.73685,0.13125,False,267.90366,89.202896,0.76,0.07375,typical
306,392026017,test,1,4,2,1989.0787998515902,12.00652685395528,423.68015,0.635,False,162.76358,32.26663,0.1325,0.0,typical
324,261156487,test,1,4,2,1978.5791074830609,36.29193075495179,324.97107,0.50375,False,181.07208,260.21356,0.26375,0.785,typical
325,261156484,test,1,4,2,1978.8503820412839,37.9373922808483,249.11533,0.32,False,290.79617,320.36227,0.83875,0.89625,typical
354,261206737,test,1,4,2,1981.2014360388146,65.29611381956664,390.9916,0.59,False,319.8537,301.0749,0.8975,0.87625,typical
379,392025966,test,1,4,2,1957.9269193017872,40.0438989695838,310.76843,0.4625,False,214.99927,218.5808,0.4725,0.61625,typical
382,392025957,test,1,4,2,1955.0307990453732,45.40480934639105,256.05728,0.33875,False,342.8611,263.81223,0.92375,0.79375,typical
444,261139821,test,1,4,2,1931.6796438764495,20.906739794715154,201.68353,0.20375,False,229.04492,151.54942,0.565,0.30375,typical
445,261139817,test,1,4,2,1926.059903863449,20.878588990569323,238.79541,0.2925,False,218.73355,146.07101,0.50625,0.27625,typical
482,392013386,test,1,4,2,1936.7730333953045,48.10990401475737,492.04376,0.715,False,210.99657,270.2056,0.45375,0.815,typical
511,261137379,test,1,4,2,1892.5253216077722,30.67354129113437,553.0908,0.78125,False,213.19145,91.21691,0.465,0.07625,typical
615,261089303,test,1,4,2,1821.0080069716344,27.301605840885145,2472.1812,0.995,True,318.11325,126.813194,0.8925,0.20375,typical
619,261089343,test,1,4,2,1830.3994511174985,6.190226457896567,771.3975,0.87,False,203.45859,79.808426,0.40625,0.05,typical
624,261063106,test,1,4,2,1820.9733415042092,2.7811130561023933,172.47388,0.13375,False,188.49284,79.981674,0.31,0.05125,typical
629,261089321,test,1,4,2,1824.7370217967007,16.37134456204091,1413.2153,0.97375,True,235.99878,98.36566,0.605,0.095,typical
633,261089285,test,1,4,2,1808.9706856276046,24.859047587411904,535.0123,0.7675,False,230.6725,138.89113,0.57125,0.24625,typical
658,261060769,test,1,4,2,1790.1001479596177,16.975316078886454,305.37408,0.4475,False,202.1601,149.70067,0.3975,0.29125,typical
678,261260129,test,1,4,2,2038.508874006556,90.55688250411055,207.65569,0.22375,False,230.2305,242.26442,0.57,0.71125,typical
685,261257471,test,1,4,2,2025.9272196330207,93.84273960850936,161.57864,0.11375,False,248.61354,316.2193,0.67375,0.895,typical
691,261257476,test,1,4,2,2020.622265107265,84.89155366299764,96.49005,0.01,False,251.55527,299.82812,0.6875,0.8725,typical
692,261257479,test,1,4,2,2025.2165300815566,88.85030226539331,182.89198,0.155,False,377.40894,256.6929,0.94875,0.77625,typical
698,261260117,test,1,4,2,2034.0518264711407,98.27550165553825,180.71175,0.15375,False,363.62314,254.4072,0.945,0.76875,typical
740,261238961,test,1,4,2,1992.2397873526972,101.9028669488918,314.27182,0.46875,False,208.01479,262.14752,0.435,0.79,typical
773,261260038,test,1,4,2,2002.2200506295414,128.9096374410081,146.95253,0.07875,False,270.41895,244.22658,0.77,0.72,typical
789,261257382,test,1,4,2,1984.8797805284228,131.8906768671309,313.5581,0.46625,False,228.62973,184.55035,0.5625,0.42875,typical
824,261236222,test,1,4,2,1944.463124015991,123.18770303815823,187.49545,0.16625,False,304.89978,209.21983,0.8675,0.57,typical
839,261206701,test,1,4,2,1971.4963397618264,82.18623327458135,277.54974,0.375,False,179.16766,190.99834,0.25125,0.465,typical
861,261204223,test,1,4,2,1942.8573617713223,93.67508929092735,403.99973,0.6075,False,205.81264,142.31116,0.4225,0.26125,typical
870,261156386,test,1,4,2,1949.863386733282,73.44116255779315,315.05923,0.47,False,162.18288,218.246,0.13,0.61625,typical
893,261156336,test,1,4,2,1924.3325570597729,86.0798932137167,270.71884,0.3575,False,193.30798,74.722176,0.33875,0.0425,typical
900,392025846,test,1,4,2,1909.653412853999,80.85650969137056,703.5173,0.85875,False,276.04208,56.939426,0.79125,0.00875,typical
931,261206600,test,1,4,2,1934.3647315419723,112.7253608315719,573.82825,0.795,False,320.35907,63.866787,0.8975,0.01875,typical
965,261204155,test,1,4,2,1909.5026667805582,110.43669686179169,253.20999,0.3325,False,242.87958,100.94078,0.64375,0.10125,typical
973,261156271,test,1,4,2,1892.0017859571074,108.16337934005817,261.62158,0.34125,False,179.2368,96.20513,0.25125,0.08375,typical
991,261238869,test,1,4,2,1957.7037743475146,141.50708994783514,988.6219,0.91125,False,519.6143,165.75952,0.98,0.36875,physics
996,261259954,test,1,4,2,1970.7587694379556,159.76762465103508,158.24516,0.10625,False,217.9316,152.2208,0.49875,0.305,typical
1014,261238874,test,1,4,2,1954.217751604484,135.30764828496396,954.4994,0.9025,False,916.7174,148.5466,0.9975,0.2875,physics
1032,261238842,test,1,4,2,1939.0584403841622,142.2378953157697,609.7638,0.81375,False,383.43875,310.64316,0.95,0.8925,physics
1053,261259943,test,1,4,2,1967.1851559973156,163.95013860419684,202.19762,0.20625,False,272.52124,161.26384,0.78625,0.34875,typical
1059,261259914,test,1,4,2,1954.9115406068647,166.8641674795739,314.95642,0.46875,False,302.17258,88.52053,0.8625,0.0725,typical
1067,261257278,test,1,4,2,1937.7013601954693,165.12636413501292,356.22583,0.54375,False,310.24878,85.26715,0.8825,0.06875,typical
1073,261259861,test,1,4,2,1943.7552031911607,182.75889560018754,268.21295,0.35375,False,226.51195,61.20234,0.54875,0.0125,typical
1138,261206562,test,1,4,2,1927.0255177399931,130.07347116833992,608.12695,0.81375,False,298.87677,110.83301,0.86,0.14125,typical
1149,261204118,test,1,4,2,1898.2696210299562,127.51142179080092,285.45145,0.39625,False,122.69232,138.3466,0.005,0.24375,typical
1150,261206546,test,1,4,2,1919.9776096697362,138.06686412716758,177.99039,0.15,False,136.85484,130.4067,0.0325,0.21625,typical
1171,261204129,test,1,4,2,1901.6962984395593,122.46046779791297,223.46419,0.2625,False,164.00352,107.82187,0.14625,0.13125,typical
1175,261156258,test,1,4,2,1891.790583773064,119.60392643973607,285.94623,0.39875,False,144.94917,131.75691,0.05375,0.22,typical
1198,261156222,test,1,4,2,1875.220687928137,131.14732271068564,169.23438,0.125,False,134.99353,177.89993,0.025,0.41375,typical
1199,261156208,test,1,4,2,1868.2334839423843,130.97639339652642,159.11462,0.10625,False,157.75279,189.98647,0.10625,0.45625,typical
1284,261156141,test,1,4,2,1846.9366266250956,154.0881093889602,141.11446,0.06625,False,214.51736,98.712746,0.47,0.09625,typical
1398,392013239,test,1,4,2,1863.5522663799738,104.96320075130207,204.52269,0.21375,False,137.61588,137.90877,0.035,0.24,typical
1414,261137251,test,1,4,2,1847.412090052516,83.08305239486508,212.91998,0.2325,False,232.02477,84.23646,0.5775,0.06625,typical
1418,724120419,test,1,4,2,1847.1095846517487,89.05287816307892,361.1412,0.5525,False,231.9134,120.24313,0.5775,0.17125,typical
1422,261139627,test,1,4,2,1850.8628728007634,97.11590430980476,219.96942,0.25,False,154.23164,82.59616,0.09375,0.0575,typical
1449,261108736,test,1,4,2,1853.47998645512,43.93370238815466,453.8835,0.67875,False,210.25755,173.44464,0.45,0.3975,typical
1473,261091733,test,1,4,2,1828.9753186453593,37.15675040640601,1115.5068,0.9375,False,213.30327,222.2798,0.46625,0.64625,typical
1483,261091707,test,1,4,2,1817.1171326522344,36.42187068839434,1603.1102,0.9775,True,300.13525,197.42256,0.86125,0.50125,typical
1487,261091708,test,1,4,2,1820.603829275399,41.2678420006976,1929.6464,0.9825,True,343.57336,255.3033,0.925,0.7725,typical
1489,261091695,test,1,4,2,1814.2710585683085,41.42206965793984,999.9006,0.9125,False,281.6474,223.05367,0.81,0.6475,typical
1514,261137247,test,1,4,2,1839.4611272516202,76.3281859107555,226.90964,0.26875,False,238.10492,130.48206,0.61875,0.21625,typical
1526,261108647,test,1,4,2,1815.1146799388416,76.09855728273442,1056.3433,0.92875,False,355.23804,123.50095,0.93875,0.18125,typical
1537,261108636,test,1,4,2,1812.160876438318,78.99301296240439,1205.6382,0.955,True,332.66132,94.4833,0.91375,0.08125,typical
1542,261108617,test,1,4,2,1804.1784879870982,84.42501087033109,215.32706,0.23875,False,203.09439,89.361,0.40375,0.07375,typical
1612,392013180,test,1,4,2,1835.7192519130565,125.40243900969298,296.70584,0.42125,False,276.25168,140.23407,0.79125,0.25375,typical
1618,261139607,test,1,4,2,1840.5861265725255,106.40389516606108,292.6185,0.41375,False,131.8898,60.595665,0.02125,0.01,typical
1633,261139571,test,1,4,2,1823.9398294972864,119.56883844792493,582.07275,0.7975,False,301.11514,216.56079,0.8625,0.61,typical
1651,392025711,test,1,4,2,1838.1640719356324,133.4472900365822,599.29803,0.81,False,355.68613,121.46455,0.93875,0.175,typical
1664,392013156,test,1,4,2,1823.620755644674,138.05111377082204,253.94081,0.3325,False,352.57822,137.57346,0.93875,0.23875,typical
1665,392013143,test,1,4,2,1823.0614459951357,142.80155103731025,149.97665,0.085,False,340.10495,105.96588,0.9225,0.1275,typical
1671,392025689,test,1,4,2,1835.4152716183105,149.95355057405362,152.51012,0.09125,False,157.18074,79.96949,0.10375,0.05125,typical
1694,261139543,test,1,4,2,1813.5819129867727,127.16928660780526,263.48972,0.34625,False,270.483,233.9055,0.77125,0.685,typical
1697,261139530,test,1,4,2,1806.668260554507,130.38721007336653,263.4687,0.34625,False,388.14423,147.35648,0.9525,0.28375,physics
1716,261137128,test,1,4,2,1790.0270557700685,130.08192077624392,331.55054,0.51375,False,134.35959,102.286674,0.025,0.10875,typical
1745,261108586,test,1,4,2,1791.2693401449442,95.89903352866614,238.01173,0.29125,False,173.9193,73.67108,0.215,0.04125,typical
1763,261108569,test,1,4,2,1781.1671111008563,101.06534275025558,185.7171,0.16125,False,198.32536,260.87836,0.37,0.78625,typical
1768,261108532,test,1,4,2,1770.728695524063,111.2901088780411,206.9439,0.22125,False,169.2923,251.34146,0.1875,0.74875,typical
1773,261106245,test,1,4,2,1769.0003968752123,92.99893881388992,224.76868,0.26375,False,204.5175,229.20145,0.4125,0.67,typical
1792,261106220,test,1,4,2,1758.6013146544396,99.00181685182257,137.97696,0.0625,False,179.54883,231.90248,0.255,0.67625,typical
1824,261108522,test,1,4,2,1769.2966096185146,118.10026722068486,201.44807,0.2025,False,169.88602,252.25827,0.1925,0.75875,typical
1825,261108514,test,1,4,2,1766.4380315424394,119.9525791289076,217.82475,0.24625,False,185.76207,203.22127,0.29625,0.53375,typical
1840,261108472,test,1,4,2,1755.9276885983563,139.5589556903568,749.5381,0.86375,False,227.18167,258.3787,0.55125,0.78125,typical
1906,261257197,test,1,4,2,1912.528079956987,191.7617368338971,857.2792,0.8775,False,200.28642,131.87845,0.385,0.22125,typical
1974,261259744,test,1,4,2,1903.5406018960184,221.9613165454459,978.46204,0.9075,False,776.05896,86.86211,0.995,0.07,physics
